AreaID,ManagedAreaName,ParameterName,RelativeDepth,ActivityType,SufficientData,N_Data,N_Years,EarliestYear,LatestYear,EarliestSampleDate,LastSampleDate,Median,Independent,tau,p,SenSlope,SenIntercept,ChiSquared,pChiSquared,ub,lb,Trend,Website,TrendIcon,TrendText
1,Alligator Harbor Aquatic Preserve,"Chlorophyll a, Corrected for Pheophytin",All,Lab,TRUE,436,11,2012,2025,2012-11-27T10:10:00Z,2025-07-09T10:52:00Z,5.9,TRUE,0.05897,0.58012,0.02381,3.99584,7.6321,0.7458,0.25947,-0.14286,0,1,0,No detectable trend
1,Alligator Harbor Aquatic Preserve,"Chlorophyll a, Corrected for Pheophytin",Surface,Lab,TRUE,436,11,2012,2025,2012-11-27T10:10:00Z,2025-07-09T10:52:00Z,5.9,TRUE,0.05897,0.58012,0.02381,3.99584,7.6321,0.7458,0.25947,-0.14286,0,0,0,No detectable trend
1,Alligator Harbor Aquatic Preserve,"Chlorophyll a, Uncorrected for Pheophytin",All,Lab,TRUE,1178,19,2001,2025,2001-06-16T00:00:00Z,2025-07-09T10:52:00Z,6,TRUE,0.27106,0,0.14881,3.71199,12.6356,0.3178,0.2155,0.09149,1,1,1,Increasing trend
1,Alligator Harbor Aquatic Preserve,"Chlorophyll a, Uncorrected for Pheophytin",Surface,Lab,TRUE,1178,19,2001,2025,2001-06-16T00:00:00Z,2025-07-09T10:52:00Z,6,TRUE,0.27106,0,0.14881,3.71199,12.6356,0.3178,0.2155,0.09149,1,0,1,Increasing trend
1,Alligator Harbor Aquatic Preserve,Colored Dissolved Organic Matter,All,Lab,TRUE,423,18,2001,2024,2001-06-16T00:00:00Z,2024-10-23T11:55:00Z,8,TRUE,0.23199,0.0315,0.19218,6.62963,8.1499,0.1482,0.33668,0.02612,1,1,1,Increasing trend
1,Alligator Harbor Aquatic Preserve,Colored Dissolved Organic Matter,Surface,Lab,TRUE,423,18,2001,2024,2001-06-16T00:00:00Z,2024-10-23T11:55:00Z,8,TRUE,0.23199,0.0315,0.19218,6.62963,8.1499,0.1482,0.33668,0.02612,1,0,1,Increasing trend
1,Alligator Harbor Aquatic Preserve,Dissolved Oxygen,All,Field,TRUE,8423,28,1998,2025,1998-08-14T00:00:00Z,2025-12-04T00:00:00Z,7.2,TRUE,-0.1683,0.00003,-0.02911,7.91292,8.1037,0.704,-0.01475,-0.04158,-1,1,-1,Decreasing trend
1,Alligator Harbor Aquatic Preserve,Dissolved Oxygen,Bottom,Field,TRUE,2477,26,1998,2023,1998-11-17T11:24:00Z,2023-09-14T12:15:00Z,7.1,TRUE,-0.23284,0.00017,-0.04644,7.83875,6.6326,0.828,-0.02561,-0.06854,-1,0,-1,Decreasing trend
1,Alligator Harbor Aquatic Preserve,Dissolved Oxygen,Surface,Field,TRUE,5506,28,1998,2025,1998-08-14T00:00:00Z,2025-12-04T00:00:00Z,7.3,TRUE,-0.18031,0.00001,-0.03087,7.97964,8.0727,0.7068,-0.0182,-0.04535,-1,0,-1,Decreasing trend
1,Alligator Harbor Aquatic Preserve,Dissolved Oxygen Saturation,All,Field,FALSE,131,8,2013,2022,2013-07-23T00:00:00Z,2022-12-07T14:30:00Z,96.8,,,,,,,,,,,1,2,Insufficient data
1,Alligator Harbor Aquatic Preserve,Dissolved Oxygen Saturation,Bottom,Field,FALSE,49,7,2016,2022,2016-01-11T00:00:00Z,2022-12-07T14:30:00Z,97.2,,,,,,,,,,,0,2,Insufficient data
1,Alligator Harbor Aquatic Preserve,Dissolved Oxygen Saturation,Surface,Field,FALSE,82,8,2013,2022,2013-07-23T00:00:00Z,2022-12-07T14:30:00Z,95.35,,,,,,,,,,,0,2,Insufficient data
1,Alligator Harbor Aquatic Preserve,Salinity,All,All,TRUE,9675,29,1996,2025,1996-05-26T00:00:00Z,2025-12-04T00:00:00Z,31.11,TRUE,-0.107,0.00719,-0.03871,31.75772,4.6042,0.9488,-0.01108,-0.07114,-1,1,-1,Decreasing trend
1,Alligator Harbor Aquatic Preserve,Salinity,All,Field,TRUE,9675,29,1996,2025,1996-05-26T00:00:00Z,2025-12-04T00:00:00Z,31.11,TRUE,-0.107,0.00719,-0.03871,31.75772,4.6042,0.9488,-0.01108,-0.07114,-1,0,-1,Decreasing trend
1,Alligator Harbor Aquatic Preserve,Salinity,Bottom,All,TRUE,2529,23,1998,2023,1998-11-17T11:24:00Z,2023-09-14T12:15:00Z,31.4,TRUE,-0.03747,0.35729,-0.019,31.52651,9.5696,0.5695,0.03007,-0.07665,0,0,0,No detectable trend
1,Alligator Harbor Aquatic Preserve,Salinity,Bottom,Field,TRUE,2529,23,1998,2023,1998-11-17T11:24:00Z,2023-09-14T12:15:00Z,31.4,TRUE,-0.03747,0.35729,-0.019,31.52651,9.5696,0.5695,0.03007,-0.07665,0,0,0,No detectable trend
1,Alligator Harbor Aquatic Preserve,Salinity,Surface,All,TRUE,6706,29,1996,2025,1996-05-26T00:00:00Z,2025-12-04T00:00:00Z,31,TRUE,-0.10345,0.0093,-0.03761,31.6453,4.9195,0.935,-0.01019,-0.06926,-1,0,-1,Decreasing trend
1,Alligator Harbor Aquatic Preserve,Salinity,Surface,Field,TRUE,6706,29,1996,2025,1996-05-26T00:00:00Z,2025-12-04T00:00:00Z,31,TRUE,-0.10345,0.0093,-0.03761,31.6453,4.9195,0.935,-0.01019,-0.06926,-1,0,-1,Decreasing trend
1,Alligator Harbor Aquatic Preserve,Secchi Depth,All,Field,TRUE,3103,28,1998,2025,1998-08-14T00:00:00Z,2025-07-09T10:52:00Z,-1.2,TRUE,-0.00197,0.94499,0,-1.15161,15.809,0.1484,0.00697,-0.00714,0,1,0,No detectable trend
1,Alligator Harbor Aquatic Preserve,Total Nitrogen,All,Lab,TRUE,1625,19,2001,2024,2001-06-16T00:00:00Z,2024-10-23T11:55:00Z,0.2,TRUE,0.27903,0,0.00709,0.12051,3.149,0.9886,0.00972,0.00404,1,1,1,Increasing trend
1,Alligator Harbor Aquatic Preserve,Total Nitrogen,Surface,Lab,TRUE,1625,19,2001,2024,2001-06-16T00:00:00Z,2024-10-23T11:55:00Z,0.2,TRUE,0.27903,0,0.00709,0.12051,3.149,0.9886,0.00972,0.00404,1,0,1,Increasing trend
1,Alligator Harbor Aquatic Preserve,Total Phosphorus,All,Lab,TRUE,1130,19,2001,2024,2001-06-16T00:00:00Z,2024-10-23T11:55:00Z,0.00005,TRUE,0.55833,0,0.00121,-0.02103,2.2897,0.9972,0.0015,0.0009,2,1,1,Increasing trend
1,Alligator Harbor Aquatic Preserve,Total Phosphorus,Surface,Lab,TRUE,1130,19,2001,2024,2001-06-16T00:00:00Z,2024-10-23T11:55:00Z,0.00005,TRUE,0.55833,0,0.00121,-0.02103,2.2897,0.9972,0.0015,0.0009,2,0,1,Increasing trend
1,Alligator Harbor Aquatic Preserve,Total Suspended Solids,All,Lab,FALSE,19,4,2019,2022,2019-01-17T13:20:00Z,2022-12-07T14:30:00Z,12,,,,,,,,,,,1,2,Insufficient data
1,Alligator Harbor Aquatic Preserve,Total Suspended Solids,Surface,Lab,FALSE,19,4,2019,2022,2019-01-17T13:20:00Z,2022-12-07T14:30:00Z,12,,,,,,,,,,,0,2,Insufficient data
1,Alligator Harbor Aquatic Preserve,Turbidity,All,All,TRUE,3942,21,1998,2025,1998-11-17T11:24:00Z,2025-12-04T00:00:00Z,5.3,TRUE,-0.03417,0.40496,-0.0169,5.9504,5.799,0.8864,0.01744,-0.05402,0,0,0,No detectable trend
1,Alligator Harbor Aquatic Preserve,Turbidity,All,Field,FALSE,399,5,2021,2025,2021-03-05T00:00:00Z,2025-12-04T00:00:00Z,4.85,,,,,,,,,,,0,2,Insufficient data
1,Alligator Harbor Aquatic Preserve,Turbidity,All,Lab,TRUE,3543,18,1998,2022,1998-11-17T11:24:00Z,2022-12-07T14:30:00Z,5.3,TRUE,-0.24321,0.00118,-0.11185,6.51312,4.8127,0.9399,-0.04074,-0.20722,-1,1,-1,Decreasing trend
1,Alligator Harbor Aquatic Preserve,Turbidity,Surface,All,TRUE,3942,21,1998,2025,1998-11-17T11:24:00Z,2025-12-04T00:00:00Z,5.3,TRUE,-0.03417,0.40496,-0.0169,5.9504,5.799,0.8864,0.01744,-0.05402,0,0,0,No detectable trend
1,Alligator Harbor Aquatic Preserve,Turbidity,Surface,Field,FALSE,399,5,2021,2025,2021-03-05T00:00:00Z,2025-12-04T00:00:00Z,4.85,,,,,,,,,,,0,2,Insufficient data
1,Alligator Harbor Aquatic Preserve,Turbidity,Surface,Lab,TRUE,3543,18,1998,2022,1998-11-17T11:24:00Z,2022-12-07T14:30:00Z,5.3,TRUE,-0.24321,0.00118,-0.11185,6.51312,4.8127,0.9399,-0.04074,-0.20722,-1,0,-1,Decreasing trend
1,Alligator Harbor Aquatic Preserve,Water Temperature,All,Field,TRUE,9916,29,1996,2025,1996-05-26T00:00:00Z,2025-12-04T00:00:00Z,25.9,TRUE,-0.00609,0.87551,-0.00264,22.68476,10.3813,0.4965,0.02041,-0.02416,0,1,0,No detectable trend
1,Alligator Harbor Aquatic Preserve,Water Temperature,Bottom,Field,TRUE,2903,26,1998,2023,1998-11-17T11:24:00Z,2023-09-14T12:15:00Z,26.1,TRUE,-0.04353,0.69443,-0.00909,23.03535,12.4519,0.3307,0.0335,-0.05297,0,0,0,No detectable trend
1,Alligator Harbor Aquatic Preserve,Water Temperature,Surface,Field,TRUE,6571,29,1996,2025,1996-05-26T00:00:00Z,2025-12-04T00:00:00Z,25.79,TRUE,-0.01712,0.66544,-0.00475,22.74872,9.8396,0.5449,0.01724,-0.02849,0,0,0,No detectable trend
1,Alligator Harbor Aquatic Preserve,pH,All,Field,TRUE,5534,28,1998,2025,1998-08-14T00:00:00Z,2025-12-04T00:00:00Z,8.1,TRUE,-0.1142,0.00523,-0.00469,8.129,13.3031,0.274,-0.00153,-0.00758,-1,1,-1,Decreasing trend
1,Alligator Harbor Aquatic Preserve,pH,Bottom,Field,TRUE,147,13,2005,2023,2005-03-30T10:37:00Z,2023-09-14T12:15:00Z,8.08,TRUE,-0.51369,0.00004,-0.03182,8.56649,5.3232,0.9145,-0.02,-0.05755,-1,0,-1,Decreasing trend
1,Alligator Harbor Aquatic Preserve,pH,Surface,Field,TRUE,4952,28,1998,2025,1998-08-14T00:00:00Z,2025-12-04T00:00:00Z,8.1,TRUE,-0.12277,0.00267,-0.0049,8.10514,11.6377,0.3915,-0.00148,-0.0078,-1,0,-1,Decreasing trend
2,Apalachicola Bay Aquatic Preserve,"Chlorophyll a, Corrected for Pheophytin",All,Lab,TRUE,2942,19,2000,2025,2000-08-15T08:00:00Z,2025-09-04T12:30:00Z,9.3,TRUE,0.40115,0,0.40104,3.1155,7.1591,0.7861,0.51371,0.28985,1,1,1,Increasing trend
2,Apalachicola Bay Aquatic Preserve,"Chlorophyll a, Corrected for Pheophytin",Bottom,Lab,FALSE,95,7,2000,2022,2000-08-15T10:31:00Z,2022-09-01T11:35:00Z,2.8,,,,,,,,,,,0,2,Insufficient data
2,Apalachicola Bay Aquatic Preserve,"Chlorophyll a, Corrected for Pheophytin",Surface,Lab,TRUE,2065,19,2000,2025,2000-08-15T08:00:00Z,2025-09-04T12:30:00Z,8.9,TRUE,0.43314,0,0.40586,2.1854,9.3004,0.5942,0.50121,0.30539,1,0,1,Increasing trend
2,Apalachicola Bay Aquatic Preserve,"Chlorophyll a, Uncorrected for Pheophytin",All,Lab,TRUE,2571,21,2002,2025,2002-07-01T00:00:00Z,2025-09-04T12:30:00Z,12,TRUE,0.3612,0,0.49437,3.50023,19.6127,0.0509,0.6657,0.37902,1,1,1,Increasing trend
2,Apalachicola Bay Aquatic Preserve,"Chlorophyll a, Uncorrected for Pheophytin",Bottom,Lab,FALSE,9,4,2018,2022,2018-07-05T10:30:00Z,2022-09-01T11:35:00Z,18,,,,,,,,,,,0,2,Insufficient data
2,Apalachicola Bay Aquatic Preserve,"Chlorophyll a, Uncorrected for Pheophytin",Surface,Lab,TRUE,1779,21,2002,2025,2002-07-01T00:00:00Z,2025-09-04T12:30:00Z,11.9,TRUE,0.42266,0,0.55246,1.93682,16.7941,0.1141,0.7075,0.42664,1,0,1,Increasing trend
2,Apalachicola Bay Aquatic Preserve,Colored Dissolved Organic Matter,All,Lab,FALSE,22,5,2007,2025,2007-04-18T00:00:00Z,2025-09-04T12:30:00Z,7.6,,,,,,,,,,,1,2,Insufficient data
2,Apalachicola Bay Aquatic Preserve,Colored Dissolved Organic Matter,Surface,Lab,FALSE,22,5,2007,2025,2007-04-18T00:00:00Z,2025-09-04T12:30:00Z,7.6,,,,,,,,,,,0,2,Insufficient data
2,Apalachicola Bay Aquatic Preserve,Dissolved Oxygen,All,Field,TRUE,53650,34,1992,2025,1992-07-22T00:00:00Z,2025-09-17T11:34:00Z,7.5,TRUE,-0.08312,0.02384,-0.00965,7.53505,15.0051,0.1823,-0.00137,-0.01797,-1,1,-1,Decreasing trend
2,Apalachicola Bay Aquatic Preserve,Dissolved Oxygen,Bottom,Field,TRUE,12040,33,1992,2025,1992-07-22T00:00:00Z,2025-09-17T11:34:00Z,7,TRUE,-0.07203,0.05725,-0.01375,7.61471,9.4245,0.5828,0.00034,-0.02737,0,0,0,No detectable trend
2,Apalachicola Bay Aquatic Preserve,Dissolved Oxygen,Surface,Field,TRUE,34677,34,1992,2025,1992-07-22T00:00:00Z,2025-09-17T11:34:00Z,7.8,TRUE,-0.09034,0.01433,-0.00987,7.85812,13.6685,0.2519,-0.00191,-0.01886,-1,0,-1,Decreasing trend
2,Apalachicola Bay Aquatic Preserve,Dissolved Oxygen Saturation,All,Field,TRUE,4593,26,2000,2025,2000-07-25T09:35:00Z,2025-09-17T11:34:00Z,92.7,TRUE,0.19002,0.00003,0.34348,87.1556,6.3728,0.8474,0.52635,0.19708,1,1,1,Increasing trend
2,Apalachicola Bay Aquatic Preserve,Dissolved Oxygen Saturation,Bottom,Field,TRUE,2284,26,2000,2025,2000-07-25T09:35:00Z,2025-09-17T11:34:00Z,90.4,TRUE,0.19286,0.00003,0.42642,83.79942,6.0443,0.8704,0.58608,0.23533,1,0,1,Increasing trend
2,Apalachicola Bay Aquatic Preserve,Dissolved Oxygen Saturation,Surface,Field,TRUE,2303,26,2000,2025,2000-07-25T09:35:00Z,2025-09-17T11:34:00Z,94.6,TRUE,0.19281,0.00003,0.32404,90.99639,5.3992,0.9103,0.47214,0.14126,1,0,1,Increasing trend
2,Apalachicola Bay Aquatic Preserve,Salinity,All,All,TRUE,62489,37,1964,2025,1964-09-23T00:00:00Z,2025-09-17T11:34:00Z,15.8,TRUE,-0.15607,0.00003,-0.11291,21.61929,11.4741,0.4044,-0.06367,-0.1694,-1,1,-1,Decreasing trend
2,Apalachicola Bay Aquatic Preserve,Salinity,All,Field,TRUE,62122,37,1964,2025,1964-09-23T00:00:00Z,2025-09-17T11:34:00Z,15.7,TRUE,-0.15542,0.00003,-0.11371,21.59105,11.7497,0.3827,-0.06402,-0.16838,-1,0,-1,Decreasing trend
2,Apalachicola Bay Aquatic Preserve,Salinity,All,Lab,FALSE,367,4,2000,2003,2000-08-15T08:00:00Z,2003-02-19T12:45:00Z,20.4,,,,,,,,,,,0,2,Insufficient data
2,Apalachicola Bay Aquatic Preserve,Salinity,Bottom,All,TRUE,15478,33,1992,2025,1992-07-22T00:00:00Z,2025-09-17T11:34:00Z,20.2,TRUE,0.0509,0.19643,0.04211,19.5712,9.6539,0.5618,0.11087,-0.02764,0,0,0,No detectable trend
2,Apalachicola Bay Aquatic Preserve,Salinity,Bottom,Field,TRUE,15397,33,1992,2025,1992-07-22T00:00:00Z,2025-09-17T11:34:00Z,20.2,TRUE,0.05216,0.18487,0.04296,19.47142,9.8317,0.5456,0.11464,-0.02676,0,0,0,No detectable trend
2,Apalachicola Bay Aquatic Preserve,Salinity,Bottom,Lab,FALSE,81,3,2000,2002,2000-08-15T10:31:00Z,2002-12-17T00:00:00Z,26.9,,,,,,,,,,,0,2,Insufficient data
2,Apalachicola Bay Aquatic Preserve,Salinity,Surface,All,TRUE,40102,37,1964,2025,1964-09-23T00:00:00Z,2025-09-17T11:34:00Z,13.2,TRUE,-0.12676,0.00061,-0.09219,19.48628,12.8983,0.3,-0.03834,-0.14065,-1,0,-1,Decreasing trend
2,Apalachicola Bay Aquatic Preserve,Salinity,Surface,Field,TRUE,39816,37,1964,2025,1964-09-23T00:00:00Z,2025-09-17T11:34:00Z,13.1,TRUE,-0.12641,0.00063,-0.09095,19.46009,13.2993,0.2742,-0.03702,-0.13868,-1,0,-1,Decreasing trend
2,Apalachicola Bay Aquatic Preserve,Salinity,Surface,Lab,FALSE,286,4,2000,2003,2000-08-15T08:00:00Z,2003-02-19T12:45:00Z,18.35,,,,,,,,,,,0,2,Insufficient data
2,Apalachicola Bay Aquatic Preserve,Secchi Depth,All,Field,TRUE,28787,31,1992,2025,1992-07-22T00:00:00Z,2025-09-17T11:34:00Z,-0.8,TRUE,0.14333,0.00044,0.0033,-0.85385,27.5685,0.0038,0.00558,0.00165,1,1,1,Increasing trend
2,Apalachicola Bay Aquatic Preserve,Total Nitrogen,All,Lab,TRUE,2874,25,1992,2025,1992-02-25T10:00:00Z,2025-09-04T12:30:00Z,0.611,TRUE,0.1175,0.02856,0.00337,0.54867,16.9511,0.1093,0.00603,0.00032,1,1,1,Increasing trend
2,Apalachicola Bay Aquatic Preserve,Total Nitrogen,Bottom,Lab,FALSE,68,7,2000,2022,2000-08-15T10:31:00Z,2022-09-01T11:35:00Z,0.5755,,,,,,,,,,,0,2,Insufficient data
2,Apalachicola Bay Aquatic Preserve,Total Nitrogen,Surface,Lab,TRUE,2041,25,1992,2025,1992-02-25T10:00:00Z,2025-09-04T12:30:00Z,0.61,TRUE,0.18375,0.00059,0.00544,0.52093,11.2084,0.426,0.00872,0.00267,1,0,1,Increasing trend
2,Apalachicola Bay Aquatic Preserve,Total Phosphorus,All,Lab,TRUE,2977,24,1992,2025,1992-02-25T10:00:00Z,2025-09-04T12:30:00Z,0.031,TRUE,0.06685,0.25534,0.00015,0.02551,10.5847,0.4787,0.00039,-0.00009,0,1,0,No detectable trend
2,Apalachicola Bay Aquatic Preserve,Total Phosphorus,Bottom,Lab,FALSE,93,7,2000,2022,2000-08-15T10:31:00Z,2022-09-01T11:35:00Z,0.044,,,,,,,,,,,0,2,Insufficient data
2,Apalachicola Bay Aquatic Preserve,Total Phosphorus,Surface,Lab,TRUE,2095,24,1992,2025,1992-02-25T10:00:00Z,2025-09-04T12:30:00Z,0.031,TRUE,0.12803,0.0226,0.0003,0.0211,8.4483,0.6727,0.00059,0.00004,1,0,1,Increasing trend
2,Apalachicola Bay Aquatic Preserve,Total Suspended Solids,All,Lab,TRUE,2579,17,1992,2025,1992-02-25T10:00:00Z,2025-09-04T12:30:00Z,10,TRUE,0.02597,0.82294,0.0349,10.67726,10.9566,0.4469,0.20346,-0.17671,0,1,0,No detectable trend
2,Apalachicola Bay Aquatic Preserve,Total Suspended Solids,Bottom,Lab,FALSE,14,5,2001,2022,2001-03-12T15:30:00Z,2022-09-01T11:35:00Z,14,,,,,,,,,,,0,2,Insufficient data
2,Apalachicola Bay Aquatic Preserve,Total Suspended Solids,Surface,Lab,TRUE,1779,17,1992,2025,1992-02-25T10:00:00Z,2025-09-04T12:30:00Z,9,TRUE,0.12581,0.06485,0.14828,2.41287,10.4767,0.4881,0.35334,-0.00074,0,0,0,No detectable trend
2,Apalachicola Bay Aquatic Preserve,Turbidity,All,All,TRUE,18542,32,1992,2025,1992-02-25T10:00:00Z,2025-09-17T11:34:00Z,5.6,TRUE,-0.01425,0.73766,-0.00658,6.74405,20.2319,0.0423,0.03987,-0.04382,0,0,0,No detectable trend
2,Apalachicola Bay Aquatic Preserve,Turbidity,All,Field,TRUE,2618,26,2000,2025,2000-09-13T09:38:00Z,2025-09-17T11:34:00Z,6,TRUE,-0.14253,0.00529,-0.09716,8.83026,6.265,0.8551,-0.02623,-0.18136,-1,0,-1,Decreasing trend
2,Apalachicola Bay Aquatic Preserve,Turbidity,All,Lab,TRUE,15924,28,1992,2025,1992-02-25T10:00:00Z,2025-09-04T12:30:00Z,5.6,TRUE,-0.01893,0.74006,-0.00677,6.51601,14.4877,0.2072,0.0601,-0.07464,0,1,0,No detectable trend
2,Apalachicola Bay Aquatic Preserve,Turbidity,Bottom,All,TRUE,543,17,2000,2025,2000-09-13T09:38:00Z,2025-09-17T11:34:00Z,7.65,TRUE,-0.16204,0.04875,-0.16022,10.80281,5.9996,0.8734,-0.00043,-0.36083,-1,0,-1,Decreasing trend
2,Apalachicola Bay Aquatic Preserve,Turbidity,Bottom,Field,TRUE,529,17,2000,2025,2000-09-13T09:38:00Z,2025-09-17T11:34:00Z,7.65,TRUE,-0.14413,0.08068,-0.17941,11.53273,7.196,0.783,0.0188,-0.4091,0,0,0,No detectable trend
2,Apalachicola Bay Aquatic Preserve,Turbidity,Bottom,Lab,FALSE,14,5,2001,2022,2001-03-12T15:30:00Z,2022-09-01T11:35:00Z,7.35,,,,,,,,,,,0,2,Insufficient data
2,Apalachicola Bay Aquatic Preserve,Turbidity,Surface,All,TRUE,17999,32,1992,2025,1992-02-25T10:00:00Z,2025-09-17T11:34:00Z,5.6,TRUE,-0.08557,0.03666,-0.04383,7.16158,14.6913,0.1971,-0.00208,-0.08747,-1,0,-1,Decreasing trend
2,Apalachicola Bay Aquatic Preserve,Turbidity,Surface,Field,TRUE,2089,26,2000,2025,2000-09-13T09:38:00Z,2025-09-17T11:34:00Z,5.6,TRUE,-0.19038,0.00015,-0.14717,8.94091,8.6958,0.6499,-0.06958,-0.22394,-1,0,-1,Decreasing trend
2,Apalachicola Bay Aquatic Preserve,Turbidity,Surface,Lab,TRUE,15910,28,1992,2025,1992-02-25T10:00:00Z,2025-09-04T12:30:00Z,5.6,TRUE,-0.0348,0.52129,-0.01672,6.483,14.9657,0.1841,0.05,-0.0839,0,0,0,No detectable trend
2,Apalachicola Bay Aquatic Preserve,Water Temperature,All,Field,TRUE,62742,37,1964,2025,1964-09-23T00:00:00Z,2025-09-17T11:34:00Z,24,TRUE,0.10877,0.0033,0.02159,21.04235,6.4075,0.8448,0.03605,0.00849,1,1,1,Increasing trend
2,Apalachicola Bay Aquatic Preserve,Water Temperature,Bottom,Field,TRUE,15558,33,1992,2025,1992-07-22T00:00:00Z,2025-09-17T11:34:00Z,24.4,TRUE,0.07314,0.06439,0.01768,22.18235,4.0605,0.9681,0.03808,-0.00149,0,0,0,No detectable trend
2,Apalachicola Bay Aquatic Preserve,Water Temperature,Surface,Field,TRUE,40217,37,1964,2025,1964-09-23T00:00:00Z,2025-09-17T11:34:00Z,23.9,TRUE,0.11233,0.0024,0.0236,21.10228,4.2085,0.9634,0.0376,0.00848,1,0,1,Increasing trend
2,Apalachicola Bay Aquatic Preserve,pH,All,Field,TRUE,42704,35,1964,2025,1964-09-23T00:00:00Z,2025-09-17T11:34:00Z,8,TRUE,-0.29718,0,-0.00898,8.28476,10.2882,0.5047,-0.00706,-0.01086,-1,1,-1,Decreasing trend
2,Apalachicola Bay Aquatic Preserve,pH,Bottom,Field,TRUE,907,25,1992,2025,1992-07-22T00:00:00Z,2025-09-17T11:34:00Z,8,TRUE,-0.10549,0.13285,-0.00585,8.21504,15.8968,0.145,0.00153,-0.01263,0,0,0,No detectable trend
2,Apalachicola Bay Aquatic Preserve,pH,Surface,Field,TRUE,34860,35,1964,2025,1964-09-23T00:00:00Z,2025-09-17T11:34:00Z,8,TRUE,-0.28009,0,-0.00811,8.25682,8.3353,0.683,-0.00613,-0.01039,-1,0,-1,Decreasing trend
3,Apalachicola National Estuarine Research Reserve,"Chlorophyll a, Corrected for Pheophytin",All,Lab,TRUE,3877,27,1999,2025,1999-10-14T11:15:00Z,2025-09-04T12:30:00Z,7.5,TRUE,0.51683,0,0.43636,-0.78714,5.887,0.8808,0.49324,0.37977,1,1,1,Increasing trend
3,Apalachicola National Estuarine Research Reserve,"Chlorophyll a, Corrected for Pheophytin",Bottom,Lab,FALSE,135,9,1999,2024,1999-10-14T11:15:00Z,2024-11-20T11:05:00Z,2.4,,,,,,,,,,,0,2,Insufficient data
3,Apalachicola National Estuarine Research Reserve,"Chlorophyll a, Corrected for Pheophytin",Surface,Lab,TRUE,2817,26,2000,2025,2000-04-11T11:30:00Z,2025-09-04T12:30:00Z,6.7,TRUE,0.52712,0,0.41023,0.10017,9.1211,0.6107,0.45547,0.35601,1,0,1,Increasing trend
3,Apalachicola National Estuarine Research Reserve,"Chlorophyll a, Uncorrected for Pheophytin",All,Lab,TRUE,3216,25,2000,2025,2000-08-16T00:00:00Z,2025-09-04T12:30:00Z,10,TRUE,0.41262,0,0.52381,1.12156,9.359,0.5888,0.64864,0.42606,1,1,1,Increasing trend
3,Apalachicola National Estuarine Research Reserve,"Chlorophyll a, Uncorrected for Pheophytin",Bottom,Lab,FALSE,16,5,2018,2024,2018-03-05T12:45:00Z,2024-11-20T11:05:00Z,9.85,,,,,,,,,,,0,2,Insufficient data
3,Apalachicola National Estuarine Research Reserve,"Chlorophyll a, Uncorrected for Pheophytin",Surface,Lab,TRUE,2275,25,2000,2025,2000-08-16T00:00:00Z,2025-09-04T12:30:00Z,9.5,TRUE,0.4385,0,0.47721,0.08762,11.0381,0.4401,0.57172,0.36732,1,0,1,Increasing trend
3,Apalachicola National Estuarine Research Reserve,Colored Dissolved Organic Matter,All,Lab,TRUE,183,13,2007,2025,2007-04-18T00:00:00Z,2025-09-04T12:30:00Z,23,TRUE,0.20495,0.00359,2.1,9.63015,20.646,0.0372,3.60508,0.64298,1,1,1,Increasing trend
3,Apalachicola National Estuarine Research Reserve,Colored Dissolved Organic Matter,Bottom,Lab,FALSE,7,2,2018,2024,2018-03-05T12:45:00Z,2024-11-20T11:05:00Z,73,,,,,,,,,,,0,2,Insufficient data
3,Apalachicola National Estuarine Research Reserve,Colored Dissolved Organic Matter,Surface,Lab,TRUE,176,13,2007,2025,2007-04-18T00:00:00Z,2025-09-04T12:30:00Z,22,TRUE,0.10019,0.11486,0.97222,25.81756,19.3745,0.0547,2.22052,-0.26525,0,0,0,No detectable trend
3,Apalachicola National Estuarine Research Reserve,Dissolved Oxygen,All,Field,TRUE,82148,34,1992,2025,1992-07-22T00:00:00Z,2025-09-17T11:34:00Z,7.5,TRUE,-0.08287,0.02525,-0.00885,7.66871,13.7546,0.2469,-0.0009,-0.01724,-1,1,-1,Decreasing trend
3,Apalachicola National Estuarine Research Reserve,Dissolved Oxygen,Bottom,Field,TRUE,16785,33,1992,2025,1992-07-22T00:00:00Z,2025-09-17T11:34:00Z,7.2,TRUE,-0.14714,0.00008,-0.02783,7.95116,9.5451,0.5717,-0.01437,-0.03965,-1,0,-1,Decreasing trend
3,Apalachicola National Estuarine Research Reserve,Dissolved Oxygen,Surface,Field,TRUE,52196,34,1992,2025,1992-07-22T00:00:00Z,2025-09-17T11:34:00Z,7.8,TRUE,-0.06942,0.06398,-0.00803,7.90184,14.6029,0.2014,0.00039,-0.01609,0,0,0,No detectable trend
3,Apalachicola National Estuarine Research Reserve,Dissolved Oxygen Saturation,All,Field,TRUE,5833,26,2000,2025,2000-07-25T09:35:00Z,2025-09-17T11:34:00Z,91.4,TRUE,-0.09071,0.05153,-0.15814,91.53316,30.1789,0.0015,0.0037,-0.30686,0,1,0,No detectable trend
3,Apalachicola National Estuarine Research Reserve,Dissolved Oxygen Saturation,Bottom,Field,TRUE,2811,26,2000,2025,2000-07-25T09:35:00Z,2025-09-17T11:34:00Z,89.6,TRUE,-0.02009,0.7601,-0.03832,90.58051,20.7892,0.0356,0.16839,-0.23171,0,0,0,No detectable trend
3,Apalachicola National Estuarine Research Reserve,Dissolved Oxygen Saturation,Surface,Field,TRUE,2922,26,2000,2025,2000-07-25T09:35:00Z,2025-09-17T11:34:00Z,93.1,TRUE,-0.09553,0.04154,-0.16097,93.74813,24.9082,0.0094,-0.00754,-0.3114,-1,0,-1,Decreasing trend
3,Apalachicola National Estuarine Research Reserve,Salinity,All,All,TRUE,94442,37,1964,2025,1964-09-23T00:00:00Z,2025-09-17T11:34:00Z,16.8,TRUE,-0.17078,0,-0.11055,21.34321,11.9426,0.368,-0.06433,-0.15583,-1,1,-1,Decreasing trend
3,Apalachicola National Estuarine Research Reserve,Salinity,All,Field,TRUE,93969,37,1964,2025,1964-09-23T00:00:00Z,2025-09-17T11:34:00Z,16.8,TRUE,-0.17054,0,-0.11062,21.35877,12.1424,0.353,-0.06359,-0.15503,-1,0,-1,Decreasing trend
3,Apalachicola National Estuarine Research Reserve,Salinity,All,Lab,FALSE,473,4,2000,2003,2000-08-15T08:00:00Z,2003-02-19T15:15:00Z,21.7,,,,,,,,,,,0,2,Insufficient data
3,Apalachicola National Estuarine Research Reserve,Salinity,Bottom,All,TRUE,21741,33,1992,2025,1992-07-22T00:00:00Z,2025-09-17T11:34:00Z,20.7,TRUE,-0.15635,0.00003,-0.16118,23.77382,7.9746,0.7156,-0.08023,-0.23631,-1,0,-1,Decreasing trend
3,Apalachicola National Estuarine Research Reserve,Salinity,Bottom,Field,TRUE,21638,33,1992,2025,1992-07-22T00:00:00Z,2025-09-17T11:34:00Z,20.7,TRUE,-0.15426,0.00004,-0.16081,23.63802,8.1772,0.6973,-0.07841,-0.22926,-1,0,-1,Decreasing trend
3,Apalachicola National Estuarine Research Reserve,Salinity,Bottom,Lab,FALSE,104,3,2000,2002,2000-08-15T10:31:00Z,2002-12-17T00:00:00Z,28.6,,,,,,,,,,,0,2,Insufficient data
3,Apalachicola National Estuarine Research Reserve,Salinity,Surface,All,TRUE,59765,37,1964,2025,1964-09-23T00:00:00Z,2025-09-17T11:34:00Z,14.9,TRUE,-0.1196,0.00123,-0.07325,19.42831,14.8938,0.1874,-0.02951,-0.1172,-1,0,-1,Decreasing trend
3,Apalachicola National Estuarine Research Reserve,Salinity,Surface,Field,TRUE,59396,37,1964,2025,1964-09-23T00:00:00Z,2025-09-17T11:34:00Z,14.8,TRUE,-0.11919,0.00127,-0.07182,19.5296,15.1934,0.1738,-0.02868,-0.11681,-1,0,-1,Decreasing trend
3,Apalachicola National Estuarine Research Reserve,Salinity,Surface,Lab,FALSE,369,4,2000,2003,2000-08-15T08:00:00Z,2003-02-19T15:15:00Z,19.4,,,,,,,,,,,0,2,Insufficient data
3,Apalachicola National Estuarine Research Reserve,Secchi Depth,All,Field,TRUE,47598,31,1992,2025,1992-07-22T00:00:00Z,2025-09-17T11:34:00Z,-0.8,TRUE,0.18371,0,0.00467,-0.9859,23.2859,0.0161,0.00699,0.00283,1,1,1,Increasing trend
3,Apalachicola National Estuarine Research Reserve,Total Nitrogen,All,Lab,TRUE,3831,29,1992,2025,1992-02-24T15:45:00Z,2025-09-04T12:30:00Z,0.628,TRUE,-0.06347,0.13566,-0.00167,0.69909,13.5353,0.2598,0.00047,-0.00375,0,1,0,No detectable trend
3,Apalachicola National Estuarine Research Reserve,Total Nitrogen,Bottom,Lab,FALSE,94,8,2000,2024,2000-06-13T12:30:00Z,2024-11-20T11:05:00Z,0.5665,,,,,,,,,,,0,2,Insufficient data
3,Apalachicola National Estuarine Research Reserve,Total Nitrogen,Surface,Lab,TRUE,2818,28,1992,2025,1992-02-24T15:45:00Z,2025-09-04T12:30:00Z,0.64,TRUE,-0.02358,0.61744,-0.00058,0.67305,14.7848,0.1926,0.00188,-0.0029,0,0,0,No detectable trend
3,Apalachicola National Estuarine Research Reserve,Total Phosphorus,All,Lab,TRUE,3970,29,1992,2025,1992-02-24T15:45:00Z,2025-09-04T12:30:00Z,0.031,TRUE,-0.08501,0.03446,-0.00013,0.03538,6.3441,0.8494,0,-0.00027,-1,1,-1,Decreasing trend
3,Apalachicola National Estuarine Research Reserve,Total Phosphorus,Bottom,Lab,FALSE,129,9,1999,2024,1999-10-14T11:15:00Z,2024-11-20T11:05:00Z,0.036,,,,,,,,,,,0,2,Insufficient data
3,Apalachicola National Estuarine Research Reserve,Total Phosphorus,Surface,Lab,TRUE,2895,28,1992,2025,1992-02-24T15:45:00Z,2025-09-04T12:30:00Z,0.031,TRUE,-0.06888,0.09777,-0.00015,0.03272,7.2639,0.7773,0.00002,-0.00031,0,0,0,No detectable trend
3,Apalachicola National Estuarine Research Reserve,Total Suspended Solids,All,Lab,TRUE,3480,29,1992,2025,1992-02-24T15:45:00Z,2025-09-04T12:30:00Z,10,TRUE,-0.1794,0.00001,-0.1625,14.90129,17.8971,0.084,-0.08965,-0.2361,-1,1,-1,Decreasing trend
3,Apalachicola National Estuarine Research Reserve,Total Suspended Solids,Bottom,Lab,FALSE,30,8,1999,2024,1999-10-14T11:15:00Z,2024-11-20T11:05:00Z,16,,,,,,,,,,,0,2,Insufficient data
3,Apalachicola National Estuarine Research Reserve,Total Suspended Solids,Surface,Lab,TRUE,2511,28,1992,2025,1992-02-24T15:45:00Z,2025-09-04T12:30:00Z,10,TRUE,-0.21973,0,-0.21683,14.85968,13.6542,0.2527,-0.13889,-0.29009,-1,0,-1,Decreasing trend
3,Apalachicola National Estuarine Research Reserve,Turbidity,All,All,TRUE,26040,32,1992,2025,1992-02-24T15:45:00Z,2025-09-17T11:34:00Z,5.2,TRUE,0.20434,0,0.10903,5.14252,13.9965,0.2332,0.15157,0.07315,1,0,1,Increasing trend
3,Apalachicola National Estuarine Research Reserve,Turbidity,All,Field,TRUE,3044,26,2000,2025,2000-09-13T09:38:00Z,2025-09-17T11:34:00Z,5.6,TRUE,-0.08126,0.10526,-0.06709,7.98426,6.4116,0.8445,0.01455,-0.13348,0,0,0,No detectable trend
3,Apalachicola National Estuarine Research Reserve,Turbidity,All,Lab,TRUE,22996,32,1992,2025,1992-02-24T15:45:00Z,2025-09-04T12:30:00Z,5.1,TRUE,0.27472,0,0.17348,4.73754,9.8385,0.545,0.21148,0.12425,1,1,1,Increasing trend
3,Apalachicola National Estuarine Research Reserve,Turbidity,Bottom,All,TRUE,614,18,1999,2025,1999-10-14T11:15:00Z,2025-09-17T11:34:00Z,7.45,TRUE,-0.14748,0.06374,-0.14283,11.31119,8.4013,0.677,0.00436,-0.28664,0,0,0,No detectable trend
3,Apalachicola National Estuarine Research Reserve,Turbidity,Bottom,Field,TRUE,584,17,2000,2025,2000-09-13T09:38:00Z,2025-09-17T11:34:00Z,7.4,TRUE,-0.13695,0.10933,-0.14283,11.54008,4.9708,0.9326,0.01223,-0.33497,0,0,0,No detectable trend
3,Apalachicola National Estuarine Research Reserve,Turbidity,Bottom,Lab,FALSE,30,8,1999,2024,1999-10-14T11:15:00Z,2024-11-20T11:05:00Z,8,,,,,,,,,,,0,2,Insufficient data
3,Apalachicola National Estuarine Research Reserve,Turbidity,Surface,All,TRUE,25410,32,1992,2025,1992-02-24T15:45:00Z,2025-09-17T11:34:00Z,5.1,TRUE,0.16313,0.00001,0.09571,5.10107,15.4046,0.1647,0.13427,0.05423,1,0,1,Increasing trend
3,Apalachicola National Estuarine Research Reserve,Turbidity,Surface,Field,TRUE,2460,26,2000,2025,2000-09-13T09:38:00Z,2025-09-17T11:34:00Z,5.3,TRUE,-0.1387,0.00437,-0.10569,7.96247,11.4393,0.4072,-0.03508,-0.17723,-1,0,-1,Decreasing trend
3,Apalachicola National Estuarine Research Reserve,Turbidity,Surface,Lab,TRUE,22950,32,1992,2025,1992-02-24T15:45:00Z,2025-09-04T12:30:00Z,5.1,TRUE,0.27934,0,0.18203,4.71477,9.4618,0.5793,0.2212,0.13379,1,0,1,Increasing trend
3,Apalachicola National Estuarine Research Reserve,Water Temperature,All,Field,TRUE,95140,37,1964,2025,1964-09-23T00:00:00Z,2025-09-17T11:34:00Z,23.4,TRUE,0.12621,0.00055,0.02006,20.98404,1.8532,0.9989,0.03386,0.00882,1,1,1,Increasing trend
3,Apalachicola National Estuarine Research Reserve,Water Temperature,Bottom,Field,TRUE,21788,33,1992,2025,1992-07-22T00:00:00Z,2025-09-17T11:34:00Z,23.05,TRUE,0.04732,0.23974,0.01011,22.92713,7.9361,0.719,0.0275,-0.0068,0,0,0,No detectable trend
3,Apalachicola National Estuarine Research Reserve,Water Temperature,Surface,Field,TRUE,60107,37,1964,2025,1964-09-23T00:00:00Z,2025-09-17T11:34:00Z,23.4,TRUE,0.13693,0.00017,0.02377,21.06825,0.791,1,0.03652,0.01103,1,0,1,Increasing trend
3,Apalachicola National Estuarine Research Reserve,pH,All,Field,TRUE,67283,35,1964,2025,1964-09-23T00:00:00Z,2025-09-17T11:34:00Z,7.98,TRUE,-0.34086,0,-0.01016,8.29946,11.9968,0.3639,-0.00821,-0.01208,-1,1,-1,Decreasing trend
3,Apalachicola National Estuarine Research Reserve,pH,Bottom,Field,TRUE,1316,28,1992,2025,1992-07-22T00:00:00Z,2025-09-17T11:34:00Z,7.95,TRUE,-0.17562,0.00289,-0.01386,8.31473,19.5579,0.0518,-0.00545,-0.023,-1,0,-1,Decreasing trend
3,Apalachicola National Estuarine Research Reserve,pH,Surface,Field,TRUE,52763,35,1964,2025,1964-09-23T00:00:00Z,2025-09-17T11:34:00Z,8,TRUE,-0.32318,0,-0.00888,8.27994,8.3331,0.6832,-0.00706,-0.01083,-1,0,-1,Decreasing trend
4,Banana River Aquatic Preserve,"Chlorophyll a, Corrected for Pheophytin",All,Lab,TRUE,555,16,2005,2025,2005-02-15T10:15:00Z,2025-05-14T10:52:00Z,6.4614,TRUE,-0.2369,0.00462,-0.53791,14.68847,10.2721,0.5061,-0.16776,-0.99424,-1,1,-1,Decreasing trend
4,Banana River Aquatic Preserve,"Chlorophyll a, Corrected for Pheophytin",Bottom,Lab,FALSE,97,6,2020,2025,2020-03-04T09:32:00Z,2025-05-14T10:52:00Z,4.6191,,,,,,,,,,,0,2,Insufficient data
4,Banana River Aquatic Preserve,"Chlorophyll a, Corrected for Pheophytin",Surface,Lab,TRUE,458,16,2005,2025,2005-02-15T10:15:00Z,2025-01-07T13:26:00Z,7.06105,TRUE,-0.22302,0.00692,-0.62077,15.81149,12.4417,0.3314,-0.18838,-1.14571,-1,0,-1,Decreasing trend
4,Banana River Aquatic Preserve,"Chlorophyll a, Uncorrected for Pheophytin",All,Lab,TRUE,519,17,1999,2025,1999-08-23T00:00:00Z,2025-05-14T10:52:00Z,7.60076,TRUE,-0.32728,0.00005,-0.96434,33.10097,7.5532,0.7527,-0.49231,-1.74437,-2,1,-1,Decreasing trend
4,Banana River Aquatic Preserve,"Chlorophyll a, Uncorrected for Pheophytin",Bottom,Lab,FALSE,103,6,2020,2025,2020-03-04T09:32:00Z,2025-05-14T10:52:00Z,5.43209,,,,,,,,,,,0,2,Insufficient data
4,Banana River Aquatic Preserve,"Chlorophyll a, Uncorrected for Pheophytin",Surface,Lab,TRUE,413,17,1999,2025,1999-08-23T00:00:00Z,2025-01-07T13:26:00Z,8.13,TRUE,-0.37085,0.00001,-1.1924,32.7616,8.215,0.6939,-0.59542,-2.03967,-2,0,-1,Decreasing trend
4,Banana River Aquatic Preserve,Colored Dissolved Organic Matter,All,Lab,TRUE,456,10,2016,2025,2016-06-21T10:38:00Z,2025-05-14T10:52:00Z,11.33001,TRUE,-0.44959,0.00003,-1.20252,22.61612,6.9994,0.7991,-0.65999,-2.0899,-2,1,-1,Decreasing trend
4,Banana River Aquatic Preserve,Colored Dissolved Organic Matter,Bottom,Lab,FALSE,103,6,2020,2025,2020-03-04T09:32:00Z,2025-05-14T10:52:00Z,10.91232,,,,,,,,,,,0,2,Insufficient data
4,Banana River Aquatic Preserve,Colored Dissolved Organic Matter,Surface,Lab,TRUE,353,10,2016,2025,2016-06-21T10:38:00Z,2025-01-07T13:26:00Z,11.47297,TRUE,-0.41401,0.00048,-1.33927,23.24377,5.6701,0.8944,-0.56388,-2.39913,-2,0,-1,Decreasing trend
4,Banana River Aquatic Preserve,Dissolved Oxygen,All,Field,TRUE,30082,36,1990,2025,1990-03-27T00:00:00Z,2025-07-01T00:00:00Z,6.5,TRUE,0.0049,0.92026,0.00027,6.49324,14.6093,0.2011,0.00904,-0.00795,0,1,0,No detectable trend
4,Banana River Aquatic Preserve,Dissolved Oxygen,Bottom,Field,TRUE,7282,35,1991,2025,1991-11-16T14:30:00Z,2025-07-01T00:00:00Z,6.21,TRUE,0.10947,0.00224,0.01891,6.24349,6.5106,0.8372,0.03109,0.00684,1,0,1,Increasing trend
4,Banana River Aquatic Preserve,Dissolved Oxygen,Surface,Field,TRUE,21784,36,1990,2025,1990-03-27T00:00:00Z,2025-01-07T13:26:00Z,6.5,TRUE,-0.03241,0.33771,-0.00415,6.63406,16.0192,0.1404,0.00459,-0.01266,0,0,0,No detectable trend
4,Banana River Aquatic Preserve,Dissolved Oxygen Saturation,All,Field,TRUE,7670,35,1991,2025,1991-08-28T00:00:00Z,2025-07-01T00:00:00Z,60,TRUE,0.46063,0,1.94798,9.57314,5.4136,0.9095,2.14798,1.72871,1,1,1,Increasing trend
4,Banana River Aquatic Preserve,Dissolved Oxygen Saturation,Bottom,Field,TRUE,1916,28,1991,2025,1991-11-16T14:30:00Z,2025-07-01T00:00:00Z,82.9,TRUE,0.33104,0,0.58229,80.32395,7.3831,0.7673,0.70929,0.45148,1,0,1,Increasing trend
4,Banana River Aquatic Preserve,Dissolved Oxygen Saturation,Surface,Field,TRUE,5691,35,1991,2025,1991-08-28T00:00:00Z,2025-01-07T13:26:00Z,1.17816,TRUE,0.59691,0,3.01354,-11.81929,1.2381,0.9999,3.19913,2.85338,2,0,1,Increasing trend
4,Banana River Aquatic Preserve,Salinity,All,All,TRUE,31765,36,1990,2025,1990-03-27T00:00:00Z,2025-07-01T00:00:00Z,19.8,TRUE,0.08681,0.01233,0.06554,19.81342,3.3174,0.9858,0.1168,0.01422,1,1,1,Increasing trend
4,Banana River Aquatic Preserve,Salinity,All,Field,TRUE,31765,36,1990,2025,1990-03-27T00:00:00Z,2025-07-01T00:00:00Z,19.8,TRUE,0.08681,0.01233,0.06554,19.81342,3.3174,0.9858,0.1168,0.01422,1,0,1,Increasing trend
4,Banana River Aquatic Preserve,Salinity,Bottom,All,TRUE,7517,35,1991,2025,1991-11-16T14:30:00Z,2025-07-01T00:00:00Z,19.9,TRUE,0.17205,0,0.13077,19.53222,2.4834,0.9959,0.17653,0.07487,1,0,1,Increasing trend
4,Banana River Aquatic Preserve,Salinity,Bottom,Field,TRUE,7517,35,1991,2025,1991-11-16T14:30:00Z,2025-07-01T00:00:00Z,19.9,TRUE,0.17205,0,0.13077,19.53222,2.4834,0.9959,0.17653,0.07487,1,0,1,Increasing trend
4,Banana River Aquatic Preserve,Salinity,Surface,All,TRUE,23256,36,1990,2025,1990-03-27T00:00:00Z,2025-01-07T13:26:00Z,19.6,TRUE,0.06667,0.05628,0.05074,19.94384,3.2967,0.9862,0.10693,-0.00174,0,0,0,No detectable trend
4,Banana River Aquatic Preserve,Salinity,Surface,Field,TRUE,23256,36,1990,2025,1990-03-27T00:00:00Z,2025-01-07T13:26:00Z,19.6,TRUE,0.06667,0.05628,0.05074,19.94384,3.2967,0.9862,0.10693,-0.00174,0,0,0,No detectable trend
4,Banana River Aquatic Preserve,Secchi Depth,All,Field,TRUE,9257,35,1991,2025,1991-10-02T00:00:00Z,2025-12-29T10:00:00Z,-0.9,TRUE,-0.11538,0.0009,-0.00459,-0.80935,5.889,0.8807,-0.0018,-0.007,-1,1,-1,Decreasing trend
4,Banana River Aquatic Preserve,Total Nitrogen,All,Lab,TRUE,2336,29,1997,2025,1997-10-15T10:00:00Z,2025-05-14T10:52:00Z,1.20646,TRUE,-0.41471,0,-0.01829,1.41447,5.0078,0.9308,-0.01483,-0.02114,-1,1,-1,Decreasing trend
4,Banana River Aquatic Preserve,Total Nitrogen,Bottom,Lab,FALSE,103,6,2020,2025,2020-03-04T09:32:00Z,2025-05-14T10:52:00Z,1.0292,,,,,,,,,,,0,2,Insufficient data
4,Banana River Aquatic Preserve,Total Nitrogen,Surface,Lab,TRUE,1869,29,1997,2025,1997-10-15T10:00:00Z,2025-01-07T13:26:00Z,1.1736,TRUE,-0.43262,0,-0.01859,1.37235,5.1767,0.9223,-0.01542,-0.02177,-1,0,-1,Decreasing trend
4,Banana River Aquatic Preserve,Total Phosphorus,All,Lab,TRUE,4827,29,1997,2025,1997-06-17T11:30:00Z,2025-05-14T10:52:00Z,0.0356,TRUE,0.22415,0,0.00061,0.03258,3.9782,0.9705,0.00085,0.0004,1,1,1,Increasing trend
4,Banana River Aquatic Preserve,Total Phosphorus,Bottom,Lab,FALSE,199,6,2020,2025,2020-03-04T09:32:00Z,2025-05-14T10:52:00Z,0.0343,,,,,,,,,,,0,2,Insufficient data
4,Banana River Aquatic Preserve,Total Phosphorus,Surface,Lab,TRUE,3903,29,1997,2025,1997-06-17T11:30:00Z,2025-01-07T13:26:00Z,0.036,TRUE,0.23635,0,0.00069,0.03189,3.2423,0.9871,0.00092,0.00044,1,0,1,Increasing trend
4,Banana River Aquatic Preserve,Total Suspended Solids,All,Lab,TRUE,2539,27,1997,2025,1997-05-27T08:50:00Z,2025-04-10T09:56:00Z,10,TRUE,-0.22896,0,-0.26423,14.59995,4.4947,0.9532,-0.1774,-0.35669,-1,1,-1,Decreasing trend
4,Banana River Aquatic Preserve,Total Suspended Solids,Bottom,Lab,FALSE,102,6,2020,2025,2020-03-04T09:32:00Z,2025-04-10T09:56:00Z,6.45,,,,,,,,,,,0,2,Insufficient data
4,Banana River Aquatic Preserve,Total Suspended Solids,Surface,Lab,TRUE,2088,27,1997,2025,1997-05-27T08:50:00Z,2025-01-07T13:26:00Z,9.3,TRUE,-0.20988,0,-0.23638,14.45202,4.2518,0.962,-0.14153,-0.32889,-1,0,-1,Decreasing trend
4,Banana River Aquatic Preserve,Turbidity,All,All,TRUE,14071,30,1996,2025,1996-01-28T00:00:00Z,2025-04-10T09:56:00Z,3.2,TRUE,-0.07977,0.04286,-0.02252,3.46152,4.3613,0.9581,-0.00115,-0.04152,-1,0,-1,Decreasing trend
4,Banana River Aquatic Preserve,Turbidity,All,Field,TRUE,513,17,2003,2019,2003-10-13T09:30:00Z,2019-07-23T00:00:00Z,4.29,TRUE,-0.07223,0.39025,-0.05172,4.99307,14.1109,0.2269,0.06754,-0.13575,0,0,0,No detectable trend
4,Banana River Aquatic Preserve,Turbidity,All,Lab,TRUE,13558,29,1996,2025,1996-01-28T00:00:00Z,2025-04-10T09:56:00Z,3.13823,TRUE,-0.101,0.01104,-0.02481,3.51387,4.9297,0.9345,-0.00579,-0.04239,-1,1,-1,Decreasing trend
4,Banana River Aquatic Preserve,Turbidity,Bottom,All,TRUE,479,23,2003,2025,2003-10-13T10:05:00Z,2025-04-10T09:56:00Z,4.00409,TRUE,-0.19545,0.00032,-0.09629,5.24841,9.5338,0.5727,-0.04909,-0.15119,-1,0,-1,Decreasing trend
4,Banana River Aquatic Preserve,Turbidity,Bottom,Field,TRUE,376,17,2003,2019,2003-10-13T10:05:00Z,2019-07-23T00:00:00Z,4.585,TRUE,-0.08115,0.27604,-0.05,4.45697,14.9463,0.185,0.03758,-0.15018,0,0,0,No detectable trend
4,Banana River Aquatic Preserve,Turbidity,Bottom,Lab,FALSE,103,6,2020,2025,2020-03-04T09:32:00Z,2025-04-10T09:56:00Z,2.50016,,,,,,,,,,,0,2,Insufficient data
4,Banana River Aquatic Preserve,Turbidity,Surface,All,TRUE,13229,29,1996,2025,1996-01-28T00:00:00Z,2025-01-07T13:26:00Z,3.19,TRUE,-0.11173,0.00508,-0.02836,3.44307,5.6447,0.896,-0.00811,-0.04766,-1,0,-1,Decreasing trend
4,Banana River Aquatic Preserve,Turbidity,Surface,Field,FALSE,137,9,2003,2013,2003-10-13T09:30:00Z,2013-06-26T00:00:00Z,3.7,,,,,,,,,,,0,2,Insufficient data
4,Banana River Aquatic Preserve,Turbidity,Surface,Lab,TRUE,13092,29,1996,2025,1996-01-28T00:00:00Z,2025-01-07T13:26:00Z,3.105,TRUE,-0.10903,0.00627,-0.02796,3.41027,5.6461,0.8959,-0.00759,-0.04724,-1,0,-1,Decreasing trend
4,Banana River Aquatic Preserve,Water Temperature,All,Field,TRUE,31615,36,1990,2025,1990-03-27T00:00:00Z,2025-07-01T00:00:00Z,25.5,TRUE,0.12084,0.00044,0.02128,24.05574,8.0557,0.7083,0.03288,0.00956,1,1,1,Increasing trend
4,Banana River Aquatic Preserve,Water Temperature,Bottom,Field,TRUE,7698,35,1991,2025,1991-11-16T14:30:00Z,2025-07-01T00:00:00Z,25.5,TRUE,0.15874,0.00001,0.03308,24.21591,10.2139,0.5113,0.04718,0.01812,1,0,1,Increasing trend
4,Banana River Aquatic Preserve,Water Temperature,Surface,Field,TRUE,22910,36,1990,2025,1990-03-27T00:00:00Z,2025-01-07T13:26:00Z,25.6,TRUE,0.08018,0.01955,0.0155,24.06133,9.9365,0.5361,0.02799,0.00278,1,0,1,Increasing trend
4,Banana River Aquatic Preserve,pH,All,Field,TRUE,23027,36,1990,2025,1990-03-27T00:00:00Z,2025-07-01T00:00:00Z,8.2,TRUE,-0.01886,0.62851,-0.00046,8.24397,15.7919,0.149,0.00141,-0.00228,0,1,0,No detectable trend
4,Banana River Aquatic Preserve,pH,Bottom,Field,TRUE,1562,30,1995,2025,1995-07-27T00:00:00Z,2025-07-01T00:00:00Z,8.24,TRUE,0.20184,0,0.00808,8.1355,7.771,0.7337,0.01119,0.00467,1,0,1,Increasing trend
4,Banana River Aquatic Preserve,pH,Surface,Field,TRUE,20475,36,1990,2025,1990-03-27T00:00:00Z,2025-01-07T13:26:00Z,8.2,TRUE,-0.04117,0.24996,-0.00115,8.25539,14.621,0.2005,0.00079,-0.00267,0,0,0,No detectable trend
5,Big Bend Seagrasses Aquatic Preserve,"Chlorophyll a, Corrected for Pheophytin",All,Lab,TRUE,5053,31,1995,2025,1995-10-03T11:32:00Z,2025-11-18T12:06:00Z,1.1,TRUE,0.19194,0,0.06372,1.25854,7.0445,0.7955,0.088,0.03908,1,1,1,Increasing trend
5,Big Bend Seagrasses Aquatic Preserve,"Chlorophyll a, Corrected for Pheophytin",Bottom,Lab,TRUE,276,15,1999,2025,1999-10-06T09:53:00Z,2025-08-21T10:51:00Z,1,TRUE,0.33357,0,0.01975,0.70303,5.2123,0.9205,0.04201,0.00714,1,0,1,Increasing trend
5,Big Bend Seagrasses Aquatic Preserve,"Chlorophyll a, Corrected for Pheophytin",Surface,Lab,TRUE,4588,31,1995,2025,1995-10-03T11:32:00Z,2025-11-18T12:06:00Z,1.1481,TRUE,0.14685,0.00009,0.05141,1.48191,11.8954,0.3716,0.07738,0.02716,1,0,1,Increasing trend
5,Big Bend Seagrasses Aquatic Preserve,"Chlorophyll a, Uncorrected for Pheophytin",All,Lab,TRUE,6422,36,1990,2025,1990-02-09T18:18:00Z,2025-11-18T12:06:00Z,1.2,TRUE,0.23167,0,0.06555,0.90671,17.3903,0.0969,0.08713,0.04606,1,1,1,Increasing trend
5,Big Bend Seagrasses Aquatic Preserve,"Chlorophyll a, Uncorrected for Pheophytin",Bottom,Lab,TRUE,204,10,2016,2025,2016-08-03T10:00:00Z,2025-08-21T10:51:00Z,1.09429,TRUE,0.23711,0.01745,0.09126,1.08627,10.3593,0.4984,0.25803,0.00057,1,0,1,Increasing trend
5,Big Bend Seagrasses Aquatic Preserve,"Chlorophyll a, Uncorrected for Pheophytin",Surface,Lab,TRUE,5896,36,1990,2025,1990-02-09T18:18:00Z,2025-11-18T12:06:00Z,1.2,TRUE,0.20908,0,0.05882,1.03815,16.6738,0.1179,0.0808,0.04036,1,0,1,Increasing trend
5,Big Bend Seagrasses Aquatic Preserve,Colored Dissolved Organic Matter,All,Lab,TRUE,2955,25,2001,2025,2001-01-08T00:00:00Z,2025-12-17T11:55:00Z,17.9,TRUE,0.44978,0,1.62674,-10.17323,4.4694,0.9541,2.18518,1.18383,1,1,1,Increasing trend
5,Big Bend Seagrasses Aquatic Preserve,Colored Dissolved Organic Matter,Bottom,Lab,TRUE,203,10,2016,2025,2016-10-24T10:30:00Z,2025-08-21T10:51:00Z,49,TRUE,-0.00861,1,0.06813,86.20267,5.7749,0.888,6.65377,-3.29379,0,0,0,No detectable trend
5,Big Bend Seagrasses Aquatic Preserve,Colored Dissolved Organic Matter,Surface,Lab,TRUE,2732,25,2001,2025,2001-01-08T00:00:00Z,2025-12-17T11:55:00Z,17.4355,TRUE,0.44462,0,1.4362,-10.3602,4.603,0.9489,1.85813,1.05935,1,0,1,Increasing trend
5,Big Bend Seagrasses Aquatic Preserve,Dissolved Oxygen,All,Field,TRUE,153302,39,1985,2025,1985-09-12T00:00:00Z,2025-12-17T11:55:00Z,6.7,TRUE,0.0145,0.632,0.00202,6.46672,9.0232,0.6198,0.00872,-0.00535,0,1,0,No detectable trend
5,Big Bend Seagrasses Aquatic Preserve,Dissolved Oxygen,Bottom,Field,TRUE,32427,38,1986,2025,1986-09-08T00:00:00Z,2025-08-21T10:51:00Z,6.5,TRUE,-0.19753,0,-0.02724,6.53128,19.3569,0.055,-0.01737,-0.03759,-1,0,-1,Decreasing trend
5,Big Bend Seagrasses Aquatic Preserve,Dissolved Oxygen,Surface,Field,TRUE,103823,39,1985,2025,1985-09-12T00:00:00Z,2025-12-17T11:55:00Z,6.9,TRUE,-0.02641,0.48334,-0.00246,6.86885,6.5362,0.8353,0.00417,-0.01074,0,0,0,No detectable trend
5,Big Bend Seagrasses Aquatic Preserve,Dissolved Oxygen Saturation,All,Field,TRUE,1987,21,1999,2025,1999-02-02T14:00:00Z,2025-12-17T11:55:00Z,67.1,TRUE,-0.18751,0.0018,-0.71523,81.90922,4.8043,0.9403,-0.28143,-1.12356,-1,1,-1,Decreasing trend
5,Big Bend Seagrasses Aquatic Preserve,Dissolved Oxygen Saturation,Bottom,Field,TRUE,630,20,1999,2025,1999-02-02T14:00:00Z,2025-08-21T10:51:00Z,68.5,TRUE,-0.10489,0.14056,-0.47333,77.91514,15.6458,0.1548,0.14061,-1.13413,0,0,0,No detectable trend
5,Big Bend Seagrasses Aquatic Preserve,Dissolved Oxygen Saturation,Surface,Field,TRUE,1061,19,2001,2025,2001-06-21T10:45:00Z,2025-12-17T11:55:00Z,68,TRUE,-0.19412,0.00189,-1.18095,91.92144,4.6313,0.9477,-0.4025,-1.80167,-1,0,-1,Decreasing trend
5,Big Bend Seagrasses Aquatic Preserve,Salinity,All,All,TRUE,158389,41,1964,2025,1964-10-08T00:00:00Z,2025-12-17T11:55:00Z,23.3,TRUE,-0.10201,0.00405,-0.0596,24.51876,16.2209,0.1331,-0.01552,-0.09828,-1,1,-1,Decreasing trend
5,Big Bend Seagrasses Aquatic Preserve,Salinity,All,Field,TRUE,156914,41,1964,2025,1964-10-08T00:00:00Z,2025-12-17T11:55:00Z,23.2,TRUE,-0.1149,0.00119,-0.06636,24.48575,15.6925,0.1529,-0.02357,-0.1053,-1,0,-1,Decreasing trend
5,Big Bend Seagrasses Aquatic Preserve,Salinity,All,Lab,TRUE,1475,22,2000,2024,2000-06-12T11:30:00Z,2024-06-05T00:00:00Z,28.66,TRUE,-0.17481,0.13428,-0.16168,29.09526,14.2082,0.0143,0.03215,-0.34614,0,0,0,No detectable trend
5,Big Bend Seagrasses Aquatic Preserve,Salinity,Bottom,All,TRUE,33416,37,1986,2025,1986-09-08T00:00:00Z,2025-08-21T10:51:00Z,23.3,TRUE,-0.18665,0,-0.22855,27.03188,8.2641,0.6895,-0.1297,-0.34581,-1,0,-1,Decreasing trend
5,Big Bend Seagrasses Aquatic Preserve,Salinity,Bottom,Field,TRUE,33416,37,1986,2025,1986-09-08T00:00:00Z,2025-08-21T10:51:00Z,23.3,TRUE,-0.18665,0,-0.22855,27.03188,8.2641,0.6895,-0.1297,-0.34524,-1,0,-1,Decreasing trend
5,Big Bend Seagrasses Aquatic Preserve,Salinity,Surface,All,TRUE,108753,41,1964,2025,1964-10-08T00:00:00Z,2025-12-17T11:55:00Z,22.7,TRUE,-0.14688,0.00004,-0.08106,25.35122,13.7632,0.2464,-0.04324,-0.11994,-1,0,-1,Decreasing trend
5,Big Bend Seagrasses Aquatic Preserve,Salinity,Surface,Field,TRUE,107278,41,1964,2025,1964-10-08T00:00:00Z,2025-12-17T11:55:00Z,22.6,TRUE,-0.16409,0,-0.08971,25.29936,13.0474,0.2902,-0.05269,-0.12881,-1,0,-1,Decreasing trend
5,Big Bend Seagrasses Aquatic Preserve,Salinity,Surface,Lab,TRUE,1475,22,2000,2024,2000-06-12T11:30:00Z,2024-06-05T00:00:00Z,28.66,TRUE,-0.17481,0.13428,-0.16168,29.09526,14.2082,0.0143,0.03215,-0.34614,0,0,0,No detectable trend
5,Big Bend Seagrasses Aquatic Preserve,Secchi Depth,All,Field,TRUE,62821,37,1986,2025,1986-09-08T00:00:00Z,2025-12-17T11:54:59Z,-0.9,TRUE,0.09869,0.0066,0.00474,-1.35154,12.0838,0.3574,0.00799,0.00127,1,1,1,Increasing trend
5,Big Bend Seagrasses Aquatic Preserve,Total Nitrogen,All,Lab,TRUE,8320,36,1990,2025,1990-02-09T18:18:00Z,2025-12-17T11:54:59Z,0.466,TRUE,0.22792,0,0.00718,0.37408,8.0986,0.7044,0.00909,0.00516,1,1,1,Increasing trend
5,Big Bend Seagrasses Aquatic Preserve,Total Nitrogen,Bottom,Lab,TRUE,164,16,1998,2025,1998-11-02T13:56:00Z,2025-08-06T10:10:00Z,0.486,TRUE,0.254,0.00425,0.01209,0.39486,8.2915,0.687,0.02122,0.00518,1,0,1,Increasing trend
5,Big Bend Seagrasses Aquatic Preserve,Total Nitrogen,Surface,Lab,TRUE,7742,36,1990,2025,1990-02-09T18:18:00Z,2025-12-17T11:54:59Z,0.455,TRUE,0.267,0,0.00804,0.32212,8.6791,0.6515,0.00979,0.00641,1,0,1,Increasing trend
5,Big Bend Seagrasses Aquatic Preserve,Total Phosphorus,All,Lab,TRUE,8781,36,1990,2025,1990-02-09T18:18:00Z,2025-11-18T12:06:00Z,0.042,TRUE,-0.28848,0,-0.00108,0.06692,23.5328,0.0149,-0.00082,-0.00135,-1,1,-1,Decreasing trend
5,Big Bend Seagrasses Aquatic Preserve,Total Phosphorus,Bottom,Lab,TRUE,391,20,1993,2025,1993-02-04T14:35:00Z,2025-08-21T10:51:00Z,0.058,TRUE,-0.1063,0.07597,-0.00044,0.07163,17.6437,0.0902,0.00005,-0.00085,0,0,0,No detectable trend
5,Big Bend Seagrasses Aquatic Preserve,Total Phosphorus,Surface,Lab,TRUE,7536,36,1990,2025,1990-02-09T18:18:00Z,2025-11-18T12:06:00Z,0.037,TRUE,-0.15977,0,-0.00076,0.05548,23.7313,0.0139,-0.00043,-0.00108,-1,0,-1,Decreasing trend
5,Big Bend Seagrasses Aquatic Preserve,Total Suspended Solids,All,Lab,TRUE,3036,36,1990,2025,1990-02-09T18:18:00Z,2025-08-27T11:40:00Z,4,TRUE,-0.28684,0,-0.06405,5.15153,4.9268,0.9347,-0.04977,-0.07832,-1,1,-1,Decreasing trend
5,Big Bend Seagrasses Aquatic Preserve,Total Suspended Solids,Bottom,Lab,TRUE,236,20,1993,2025,1993-02-04T14:35:00Z,2025-08-06T10:10:00Z,4,TRUE,-0.23073,0.00109,-0.03125,4.55952,9.6658,0.5607,0,-0.06667,-1,0,-1,Decreasing trend
5,Big Bend Seagrasses Aquatic Preserve,Total Suspended Solids,Surface,Lab,TRUE,2351,36,1990,2025,1990-02-09T18:18:00Z,2025-08-27T11:40:00Z,4,TRUE,-0.3015,0,-0.06817,5.30623,6.3018,0.8525,-0.05556,-0.08499,-1,0,-1,Decreasing trend
5,Big Bend Seagrasses Aquatic Preserve,Turbidity,All,All,TRUE,43434,36,1990,2025,1990-02-09T18:18:00Z,2025-11-18T12:06:00Z,3.4,TRUE,-0.1058,0.00211,-0.03519,4.65251,2.5454,0.9955,-0.01336,-0.05857,-1,0,-1,Decreasing trend
5,Big Bend Seagrasses Aquatic Preserve,Turbidity,All,Field,TRUE,406,14,2005,2025,2005-03-29T12:15:00Z,2025-08-21T10:51:00Z,2.2,TRUE,-0.06792,0.7939,-0.01,2.29503,19.4744,0.0531,0.07411,-0.06174,0,0,0,No detectable trend
5,Big Bend Seagrasses Aquatic Preserve,Turbidity,All,Lab,TRUE,43028,36,1990,2025,1990-02-09T18:18:00Z,2025-11-18T12:06:00Z,3.4,TRUE,-0.10626,0.00199,-0.03533,4.56937,2.3089,0.9971,-0.01406,-0.05867,-1,1,-1,Decreasing trend
5,Big Bend Seagrasses Aquatic Preserve,Turbidity,Bottom,All,TRUE,557,22,1993,2025,1993-02-04T14:35:00Z,2025-08-21T10:51:00Z,1.8239,TRUE,-0.15713,0.0072,-0.02935,2.62433,12.8749,0.3016,-0.01024,-0.04684,-1,0,-1,Decreasing trend
5,Big Bend Seagrasses Aquatic Preserve,Turbidity,Bottom,Field,TRUE,164,11,2014,2025,2014-06-09T09:00:00Z,2025-08-21T10:51:00Z,1.935,TRUE,-0.10464,0.61092,-0.0275,2.08167,4.9108,0.9354,0.08861,-0.1584,0,0,0,No detectable trend
5,Big Bend Seagrasses Aquatic Preserve,Turbidity,Bottom,Lab,TRUE,393,20,1993,2025,1993-02-04T14:35:00Z,2025-08-21T10:51:00Z,1.80887,TRUE,-0.2062,0.00051,-0.03867,2.65673,11.1236,0.433,-0.0187,-0.0537,-1,0,-1,Decreasing trend
5,Big Bend Seagrasses Aquatic Preserve,Turbidity,Surface,All,TRUE,42107,36,1990,2025,1990-02-09T18:18:00Z,2025-11-18T12:06:00Z,3.5,TRUE,-0.11777,0.00061,-0.04072,4.7389,2.8587,0.9925,-0.01744,-0.06144,-1,0,-1,Decreasing trend
5,Big Bend Seagrasses Aquatic Preserve,Turbidity,Surface,Field,TRUE,237,13,2005,2025,2005-03-29T12:15:00Z,2025-05-14T11:06:00Z,2.41,TRUE,0.01718,0.63665,0.02095,2.27493,14.4581,0.2087,0.12058,-0.05838,0,0,0,No detectable trend
5,Big Bend Seagrasses Aquatic Preserve,Turbidity,Surface,Lab,TRUE,41870,36,1990,2025,1990-02-09T18:18:00Z,2025-11-18T12:06:00Z,3.5,TRUE,-0.12306,0.00034,-0.04209,4.73271,2.8011,0.9931,-0.01943,-0.06412,-1,0,-1,Decreasing trend
5,Big Bend Seagrasses Aquatic Preserve,Water Temperature,All,Field,TRUE,160088,42,1964,2025,1964-10-08T00:00:00Z,2025-12-17T11:55:00Z,24.1,TRUE,0.21014,0,0.03838,21.26901,11.929,0.369,0.04958,0.02491,1,1,1,Increasing trend
5,Big Bend Seagrasses Aquatic Preserve,Water Temperature,Bottom,Field,TRUE,34555,38,1986,2025,1986-09-08T00:00:00Z,2025-08-21T10:51:00Z,24.2,TRUE,0.0182,0.54213,0.00607,22.8728,27.2175,0.0043,0.02536,-0.01336,0,0,0,No detectable trend
5,Big Bend Seagrasses Aquatic Preserve,Water Temperature,Surface,Field,TRUE,108442,42,1964,2025,1964-10-08T00:00:00Z,2025-12-17T11:55:00Z,23.9,TRUE,0.19023,0,0.03573,21.25186,6.1232,0.865,0.0473,0.02407,1,0,1,Increasing trend
5,Big Bend Seagrasses Aquatic Preserve,pH,All,Field,TRUE,110666,38,1964,2025,1964-10-08T00:00:00Z,2025-12-17T11:55:00Z,8,TRUE,-0.01356,0.78461,-0.00032,7.89496,12.5018,0.3271,0.00135,-0.00187,0,1,0,No detectable trend
5,Big Bend Seagrasses Aquatic Preserve,pH,Bottom,Field,TRUE,2523,37,1989,2025,1989-02-10T16:20:00Z,2025-08-21T10:51:00Z,7.49,TRUE,-0.04693,0.19481,-0.00204,7.49752,19.7643,0.0487,0.00097,-0.00561,0,0,0,No detectable trend
5,Big Bend Seagrasses Aquatic Preserve,pH,Surface,Field,TRUE,91161,38,1964,2025,1964-10-08T00:00:00Z,2025-12-17T11:55:00Z,8,TRUE,-0.13655,0.00015,-0.00282,8.06989,9.7789,0.5504,-0.00142,-0.00443,-1,0,-1,Decreasing trend
6,Biscayne Bay Aquatic Preserve,"Chlorophyll a, Corrected for Pheophytin",All,Lab,TRUE,492,16,2002,2023,2002-02-26T07:55:00Z,2023-09-25T11:14:00Z,1.4,TRUE,-0.20161,0.05048,-0.14393,4.61564,12.5165,0.3261,0.01165,-0.29041,0,1,0,No detectable trend
6,Biscayne Bay Aquatic Preserve,"Chlorophyll a, Corrected for Pheophytin",Bottom,Lab,FALSE,283,5,2011,2021,2011-09-12T11:15:00Z,2021-01-14T00:00:00Z,1.4,,,,,,,,,,,0,2,Insufficient data
6,Biscayne Bay Aquatic Preserve,"Chlorophyll a, Corrected for Pheophytin",Surface,Lab,TRUE,209,16,2002,2023,2002-02-26T07:55:00Z,2023-09-25T11:14:00Z,1.5,TRUE,-0.17061,0.20046,-0.09667,3.31991,10.0699,0.5241,0.06998,-0.23931,0,0,0,No detectable trend
6,Biscayne Bay Aquatic Preserve,"Chlorophyll a, Uncorrected for Pheophytin",All,Lab,TRUE,2517,30,1993,2025,1993-09-30T00:00:00Z,2025-12-04T10:40:00Z,0.70231,TRUE,0.37392,0,0.04208,0.37401,7.4881,0.7583,0.05365,0.03033,1,1,1,Increasing trend
6,Biscayne Bay Aquatic Preserve,"Chlorophyll a, Uncorrected for Pheophytin",Bottom,Lab,FALSE,6,2,2017,2019,2017-08-09T10:25:00Z,2019-01-17T13:15:00Z,2.65,,,,,,,,,,,0,2,Insufficient data
6,Biscayne Bay Aquatic Preserve,"Chlorophyll a, Uncorrected for Pheophytin",Surface,Lab,TRUE,2388,30,1993,2025,1993-09-30T00:00:00Z,2025-12-04T10:40:00Z,0.65886,TRUE,0.36509,0,0.03896,0.4154,8.082,0.7059,0.04949,0.02853,1,0,1,Increasing trend
6,Biscayne Bay Aquatic Preserve,Colored Dissolved Organic Matter,All,Lab,FALSE,38,7,2001,2022,2001-01-13T00:00:00Z,2022-07-21T11:20:00Z,7,,,,,,,,,,,1,2,Insufficient data
6,Biscayne Bay Aquatic Preserve,Colored Dissolved Organic Matter,Surface,Lab,FALSE,38,7,2001,2022,2001-01-13T00:00:00Z,2022-07-21T11:20:00Z,7,,,,,,,,,,,0,2,Insufficient data
6,Biscayne Bay Aquatic Preserve,Dissolved Oxygen,All,Field,TRUE,45505,33,1993,2025,1993-09-30T00:00:00Z,2025-12-27T12:30:00Z,5.81,TRUE,0.179,0,0.01113,5.36365,17.168,0.103,0.01532,0.00732,1,1,1,Increasing trend
6,Biscayne Bay Aquatic Preserve,Dissolved Oxygen,Bottom,Field,TRUE,8064,29,1993,2022,1993-09-30T00:00:00Z,2022-07-21T11:20:00Z,5.75,TRUE,-0.46187,0,-0.0593,6.53695,7.2486,0.7786,-0.04974,-0.07056,-1,0,-1,Decreasing trend
6,Biscayne Bay Aquatic Preserve,Dissolved Oxygen,Surface,Field,TRUE,29013,33,1993,2025,1993-09-30T00:00:00Z,2025-12-27T12:30:00Z,5.79,TRUE,0.19354,0,0.01383,5.30631,19.299,0.0559,0.01927,0.00905,1,0,1,Increasing trend
6,Biscayne Bay Aquatic Preserve,Dissolved Oxygen Saturation,All,Field,TRUE,15093,16,1995,2025,1995-03-30T00:00:00Z,2025-12-04T10:40:28Z,88.7,TRUE,0.38467,0,0.9861,61.31281,3.523,0.9819,1.22993,0.77931,1,1,1,Increasing trend
6,Biscayne Bay Aquatic Preserve,Dissolved Oxygen Saturation,Bottom,Field,TRUE,1823,13,1995,2024,1995-03-30T00:00:00Z,2024-08-05T09:21:47Z,79.6,TRUE,-0.04308,0.80917,-0.08744,79.94756,23.347,0.0158,2.58204,-1.94328,0,0,0,No detectable trend
6,Biscayne Bay Aquatic Preserve,Dissolved Oxygen Saturation,Surface,Field,TRUE,9434,16,1995,2025,1995-03-30T00:00:00Z,2025-12-04T10:39:49Z,88.5,TRUE,0.30466,0,0.64003,68.4625,4.883,0.9367,0.86769,0.38957,1,0,1,Increasing trend
6,Biscayne Bay Aquatic Preserve,Salinity,All,All,TRUE,50500,33,1993,2025,1993-09-30T00:00:00Z,2025-12-28T12:30:00Z,31.4,TRUE,0.0877,0.01442,0.03722,27.16942,4.0035,0.9698,0.0641,0.00643,1,1,1,Increasing trend
6,Biscayne Bay Aquatic Preserve,Salinity,All,Field,TRUE,50085,33,1993,2025,1993-09-30T00:00:00Z,2025-12-28T12:30:00Z,31.4,TRUE,0.08769,0.01442,0.03732,27.02666,3.9949,0.9701,0.06514,0.00643,1,0,1,Increasing trend
6,Biscayne Bay Aquatic Preserve,Salinity,All,Lab,FALSE,415,3,2010,2016,2010-01-04T08:58:00Z,2016-07-20T11:01:00Z,32.26,,,,,,,,,,,0,2,Insufficient data
6,Biscayne Bay Aquatic Preserve,Salinity,Bottom,All,TRUE,10117,28,1993,2020,1993-09-30T00:00:00Z,2020-11-16T14:33:00Z,32.4,TRUE,-0.53064,0,-0.34962,35.53426,4.6495,0.9469,-0.30246,-0.39453,-1,0,-1,Decreasing trend
6,Biscayne Bay Aquatic Preserve,Salinity,Bottom,Field,TRUE,9802,28,1993,2020,1993-09-30T00:00:00Z,2020-11-16T14:33:00Z,32.41,TRUE,-0.52385,0,-0.34473,35.29874,5.4463,0.9076,-0.29909,-0.38844,-1,0,-1,Decreasing trend
6,Biscayne Bay Aquatic Preserve,Salinity,Bottom,Lab,FALSE,315,3,2010,2016,2010-01-04T08:58:00Z,2016-07-20T10:59:00Z,31.99,,,,,,,,,,,0,2,Insufficient data
6,Biscayne Bay Aquatic Preserve,Salinity,Surface,All,TRUE,31872,33,1993,2025,1993-09-30T00:00:00Z,2025-12-28T12:30:00Z,30.83,TRUE,0.16379,0,0.07545,25.6967,4.9805,0.9321,0.10462,0.04288,1,0,1,Increasing trend
6,Biscayne Bay Aquatic Preserve,Salinity,Surface,Field,TRUE,31772,33,1993,2025,1993-09-30T00:00:00Z,2025-12-28T12:30:00Z,30.82,TRUE,0.16446,0,0.07563,25.6967,4.952,0.9335,0.1052,0.04295,1,0,1,Increasing trend
6,Biscayne Bay Aquatic Preserve,Salinity,Surface,Lab,FALSE,100,3,2010,2016,2010-03-04T14:00:00Z,2016-07-20T11:01:00Z,33.175,,,,,,,,,,,0,2,Insufficient data
6,Biscayne Bay Aquatic Preserve,Secchi Depth,All,Field,TRUE,694,20,2000,2022,2000-09-21T00:00:00Z,2022-07-21T11:20:00Z,-1.52402,TRUE,0.09752,0.52512,0.00751,-1.66734,3.8931,0.9729,0.02385,-0.01353,0,1,0,No detectable trend
6,Biscayne Bay Aquatic Preserve,Total Nitrogen,All,Lab,TRUE,9363,33,1993,2025,1993-09-30T00:00:00Z,2025-12-04T10:40:00Z,0.335,TRUE,0.23873,0,0.0049,0.2818,8.1126,0.7032,0.00617,0.0037,1,1,1,Increasing trend
6,Biscayne Bay Aquatic Preserve,Total Nitrogen,Bottom,Lab,TRUE,535,17,2003,2021,2003-09-08T11:00:00Z,2021-01-14T00:00:00Z,0.355,TRUE,-0.14201,0.00067,-0.01351,0.51947,28.7034,0.0025,-0.00655,-0.02008,-1,0,-1,Decreasing trend
6,Biscayne Bay Aquatic Preserve,Total Nitrogen,Surface,Lab,TRUE,8113,33,1993,2025,1993-09-30T00:00:00Z,2025-12-04T10:40:00Z,0.332,TRUE,0.21697,0,0.00471,0.26876,6.7965,0.8153,0.00607,0.00344,1,0,1,Increasing trend
6,Biscayne Bay Aquatic Preserve,Total Phosphorus,All,Lab,TRUE,9858,33,1993,2025,1993-09-30T00:00:00Z,2025-12-04T10:40:00Z,0.009,TRUE,0.37984,0,0.00026,0.00576,1.3578,0.9998,0.00034,0.0002,1,1,1,Increasing trend
6,Biscayne Bay Aquatic Preserve,Total Phosphorus,Bottom,Lab,FALSE,451,8,2010,2021,2010-04-05T09:50:00Z,2021-01-14T00:00:00Z,0.011,,,,,,,,,,,0,2,Insufficient data
6,Biscayne Bay Aquatic Preserve,Total Phosphorus,Surface,Lab,TRUE,8688,33,1993,2025,1993-09-30T00:00:00Z,2025-12-04T10:40:00Z,0.00806,TRUE,0.35585,0,0.00025,0.00584,0.8192,1,0.00033,0.00018,1,0,1,Increasing trend
6,Biscayne Bay Aquatic Preserve,Total Suspended Solids,All,Lab,TRUE,2900,31,1994,2025,1994-03-15T11:45:00Z,2025-12-04T10:40:00Z,5,TRUE,-0.14792,0.12009,-0.05705,12.91189,11.3694,0.4129,0.00293,-0.16723,0,1,0,No detectable trend
6,Biscayne Bay Aquatic Preserve,Total Suspended Solids,Bottom,Lab,TRUE,167,14,2003,2019,2003-09-08T11:00:00Z,2019-01-17T13:15:00Z,21,TRUE,0.5373,0.00001,4.96667,-2.61078,6.7516,0.0802,7.08735,2.39813,2,0,1,Increasing trend
6,Biscayne Bay Aquatic Preserve,Total Suspended Solids,Surface,Lab,TRUE,2016,31,1994,2025,1994-03-15T11:45:00Z,2025-12-04T10:40:00Z,4.85,TRUE,-0.20283,0.00549,-0.11111,14.34559,7.0828,0.7923,-0.03108,-0.2649,-1,0,-1,Decreasing trend
6,Biscayne Bay Aquatic Preserve,Turbidity,All,All,TRUE,19382,33,1993,2025,1993-09-30T00:00:00Z,2025-12-26T12:30:00Z,1.1,TRUE,0.2192,0,0.03416,0.73876,2.7044,0.9941,0.04443,0.02326,1,0,1,Increasing trend
6,Biscayne Bay Aquatic Preserve,Turbidity,All,Field,TRUE,5424,17,2005,2025,2005-05-05T00:00:00Z,2025-12-26T12:30:00Z,2.49,TRUE,-0.11345,0.37665,-0.03493,5.29252,11.9342,0.3686,0.038,-0.14321,0,0,0,No detectable trend
6,Biscayne Bay Aquatic Preserve,Turbidity,All,Lab,TRUE,13958,33,1993,2025,1993-09-30T00:00:00Z,2025-12-04T10:40:00Z,0.9,TRUE,0.03996,0.25618,0.00331,1.01324,5.712,0.8919,0.01014,-0.00297,0,1,0,No detectable trend
6,Biscayne Bay Aquatic Preserve,Turbidity,Bottom,All,TRUE,871,15,2003,2019,2003-07-07T09:40:00Z,2019-01-17T13:15:00Z,0.9,TRUE,-0.17883,0.00535,-0.03008,1.35097,8.4504,0.6725,-0.01173,-0.05,-1,0,-1,Decreasing trend
6,Biscayne Bay Aquatic Preserve,Turbidity,Bottom,Lab,TRUE,871,15,2003,2019,2003-07-07T09:40:00Z,2019-01-17T13:15:00Z,0.9,TRUE,-0.17883,0.00535,-0.03008,1.35097,8.4504,0.6725,-0.01173,-0.05,-1,0,-1,Decreasing trend
6,Biscayne Bay Aquatic Preserve,Turbidity,Surface,All,TRUE,17631,33,1993,2025,1993-09-30T00:00:00Z,2025-12-26T12:30:00Z,1.1,TRUE,0.18083,0,0.02771,0.83702,2.1355,0.998,0.03808,0.01659,1,0,1,Increasing trend
6,Biscayne Bay Aquatic Preserve,Turbidity,Surface,Field,TRUE,4545,17,2005,2025,2005-05-05T00:00:00Z,2025-12-26T12:30:00Z,2.59,TRUE,-0.10097,0.5108,-0.03299,6.10166,13.2069,0.28,0.03939,-0.14994,0,0,0,No detectable trend
6,Biscayne Bay Aquatic Preserve,Turbidity,Surface,Lab,TRUE,13086,33,1993,2025,1993-09-30T00:00:00Z,2025-12-04T10:40:00Z,0.9,TRUE,0.02574,0.45513,0.00259,1.01829,4.6406,0.9473,0.00941,-0.00439,0,0,0,No detectable trend
6,Biscayne Bay Aquatic Preserve,Water Temperature,All,Field,TRUE,50728,33,1993,2025,1993-09-30T00:00:00Z,2025-12-04T10:40:28Z,26.63,TRUE,0.22766,0,0.03897,25.50481,4.9888,0.9317,0.04999,0.02749,1,1,1,Increasing trend
6,Biscayne Bay Aquatic Preserve,Water Temperature,Bottom,Field,TRUE,9858,30,1993,2022,1993-09-30T00:00:00Z,2022-07-21T11:20:00Z,26.71,TRUE,-0.00246,1,0,26.69,16.1273,0.1365,0.02257,-0.0224,0,0,0,No detectable trend
6,Biscayne Bay Aquatic Preserve,Water Temperature,Surface,Field,TRUE,31963,33,1993,2025,1993-09-30T00:00:00Z,2025-12-04T10:39:49Z,26.55556,TRUE,0.22437,0,0.03881,25.52597,6.591,0.8312,0.05022,0.02692,1,0,1,Increasing trend
6,Biscayne Bay Aquatic Preserve,pH,All,Field,TRUE,43873,32,1994,2025,1994-01-03T09:57:00Z,2025-12-24T12:30:00Z,7.98,TRUE,-0.10437,0.00378,-0.00151,7.94675,5.2901,0.9163,-0.0005,-0.00255,-1,1,-1,Decreasing trend
6,Biscayne Bay Aquatic Preserve,pH,Bottom,Field,TRUE,6538,19,2003,2022,2003-07-07T09:12:00Z,2022-07-21T11:20:00Z,7.98,TRUE,-0.43186,0,-0.01574,8.01199,5.8624,0.8824,-0.01096,-0.01968,-1,0,-1,Decreasing trend
6,Biscayne Bay Aquatic Preserve,pH,Surface,Field,TRUE,29273,32,1994,2025,1994-01-03T09:57:00Z,2025-12-24T12:30:00Z,7.98,TRUE,-0.03657,0.31177,-0.0006,7.94296,6.0473,0.8702,0.00055,-0.00173,0,0,0,No detectable trend
8,Boca Ciega Bay Aquatic Preserve,"Chlorophyll a, Corrected for Pheophytin",All,Lab,TRUE,718,11,2010,2025,2010-02-01T11:45:00Z,2025-02-25T11:55:00Z,4.6,TRUE,-0.35556,0.00142,-0.44789,8.87523,7.7944,0.7316,-0.11975,-0.7424,-1,1,-1,Decreasing trend
8,Boca Ciega Bay Aquatic Preserve,"Chlorophyll a, Corrected for Pheophytin",Bottom,Lab,FALSE,139,5,2020,2024,2020-02-20T10:20:00Z,2024-12-19T09:35:00Z,6.27,,,,,,,,,,,0,2,Insufficient data
8,Boca Ciega Bay Aquatic Preserve,"Chlorophyll a, Corrected for Pheophytin",Surface,Lab,TRUE,579,11,2010,2025,2010-02-01T11:45:00Z,2025-02-25T11:55:00Z,4.3,TRUE,-0.38542,0.00057,-0.4345,9.36073,8.785,0.6417,-0.12715,-0.72411,-2,0,-1,Decreasing trend
8,Boca Ciega Bay Aquatic Preserve,"Chlorophyll a, Uncorrected for Pheophytin",All,Lab,TRUE,681,15,2000,2025,2000-07-11T00:00:00Z,2025-02-25T11:55:00Z,5.4,TRUE,-0.40467,0.00017,-0.32626,12.32527,6.6272,0.8284,-0.15444,-0.512,-1,1,-1,Decreasing trend
8,Boca Ciega Bay Aquatic Preserve,"Chlorophyll a, Uncorrected for Pheophytin",Bottom,Lab,FALSE,96,3,2020,2022,2020-05-05T09:49:00Z,2022-08-18T09:30:00Z,6,,,,,,,,,,,0,2,Insufficient data
8,Boca Ciega Bay Aquatic Preserve,"Chlorophyll a, Uncorrected for Pheophytin",Surface,Lab,TRUE,580,15,2000,2025,2000-07-11T00:00:00Z,2025-02-25T11:55:00Z,5.3,TRUE,-0.37769,0.00052,-0.28538,12.11845,6.3069,0.8521,-0.13403,-0.50548,-1,0,-1,Decreasing trend
8,Boca Ciega Bay Aquatic Preserve,Dissolved Oxygen,All,Field,TRUE,30247,39,1974,2025,1974-02-25T00:00:00Z,2025-04-03T14:23:00Z,6.45,TRUE,0.04501,0.22643,0.00398,6.53524,16.548,0.122,0.01129,-0.00206,0,1,0,No detectable trend
8,Boca Ciega Bay Aquatic Preserve,Dissolved Oxygen,Bottom,Field,TRUE,6467,31,1995,2025,1995-01-18T09:30:00Z,2025-02-25T11:40:00Z,5.78,TRUE,0.00666,0.95302,0.00048,6.17863,17.3119,0.099,0.01403,-0.01029,0,0,0,No detectable trend
8,Boca Ciega Bay Aquatic Preserve,Dissolved Oxygen,Surface,Field,TRUE,18462,39,1974,2025,1974-02-25T00:00:00Z,2025-04-03T14:17:00Z,6.7,TRUE,0.04994,0.15976,0.00492,6.58163,14.6727,0.198,0.01295,-0.00209,0,0,0,No detectable trend
8,Boca Ciega Bay Aquatic Preserve,Dissolved Oxygen Saturation,All,Field,TRUE,8000,32,1992,2025,1992-08-13T00:00:00Z,2025-04-03T14:23:00Z,91.2,TRUE,0.08724,0.06414,0.21526,89.99587,21.5555,0.0281,0.49103,-0.01633,0,1,0,No detectable trend
8,Boca Ciega Bay Aquatic Preserve,Dissolved Oxygen Saturation,Bottom,Field,TRUE,3949,32,1992,2025,1992-08-13T00:00:00Z,2025-02-25T11:40:00Z,87.3,TRUE,0.1122,0.16702,0.32903,82.035,17.165,0.1031,0.81123,-0.13694,0,0,0,No detectable trend
8,Boca Ciega Bay Aquatic Preserve,Dissolved Oxygen Saturation,Surface,Field,TRUE,3007,32,1992,2025,1992-08-13T00:00:00Z,2025-04-03T14:17:00Z,94.3,TRUE,0.11796,0.03571,0.37778,85.6692,16.0833,0.1381,0.71127,0.03254,1,0,1,Increasing trend
8,Boca Ciega Bay Aquatic Preserve,Salinity,All,All,TRUE,27920,58,1954,2025,1954-03-30T00:00:00Z,2025-04-03T14:23:00Z,32.67,TRUE,0.04569,0.1735,0.00592,32.18714,5.2194,0.9201,0.0142,-0.00239,0,1,0,No detectable trend
8,Boca Ciega Bay Aquatic Preserve,Salinity,All,Field,TRUE,27920,58,1954,2025,1954-03-30T00:00:00Z,2025-04-03T14:23:00Z,32.67,TRUE,0.04569,0.1735,0.00592,32.18714,5.2194,0.9201,0.0142,-0.00239,0,0,0,No detectable trend
8,Boca Ciega Bay Aquatic Preserve,Salinity,Bottom,All,TRUE,4386,32,1992,2025,1992-08-13T00:00:00Z,2025-02-25T11:40:00Z,31.985,TRUE,0.03382,0.4188,0.01132,32.4663,12.5552,0.3234,0.04111,-0.01721,0,0,0,No detectable trend
8,Boca Ciega Bay Aquatic Preserve,Salinity,Bottom,Field,TRUE,4386,32,1992,2025,1992-08-13T00:00:00Z,2025-02-25T11:40:00Z,31.985,TRUE,0.03382,0.4188,0.01132,32.4663,12.5552,0.3234,0.04111,-0.01721,0,0,0,No detectable trend
8,Boca Ciega Bay Aquatic Preserve,Salinity,Surface,All,TRUE,18049,58,1954,2025,1954-03-30T00:00:00Z,2025-04-03T14:17:00Z,32.7,TRUE,0.03881,0.25111,0.00542,32.23875,6.7266,0.8208,0.01488,-0.0039,0,0,0,No detectable trend
8,Boca Ciega Bay Aquatic Preserve,Salinity,Surface,Field,TRUE,18049,58,1954,2025,1954-03-30T00:00:00Z,2025-04-03T14:17:00Z,32.7,TRUE,0.03881,0.25111,0.00542,32.23875,6.7266,0.8208,0.01488,-0.0039,0,0,0,No detectable trend
8,Boca Ciega Bay Aquatic Preserve,Secchi Depth,All,Field,TRUE,10071,32,1994,2025,1994-12-06T00:00:00Z,2025-04-03T14:17:00Z,-1.1,TRUE,-0.30544,0,-0.01266,-0.97828,20.5292,0.0386,-0.00991,-0.0155,-1,1,-1,Decreasing trend
8,Boca Ciega Bay Aquatic Preserve,Total Nitrogen,All,Lab,TRUE,2977,26,1999,2025,1999-01-07T10:01:00Z,2025-02-25T11:55:00Z,0.55,TRUE,0.24953,0,0.00703,0.48895,3.7752,0.976,0.00996,0.00434,1,1,1,Increasing trend
8,Boca Ciega Bay Aquatic Preserve,Total Nitrogen,Bottom,Lab,FALSE,97,5,1999,2022,1999-02-10T09:56:00Z,2022-08-18T09:30:00Z,1.19,,,,,,,,,,,0,2,Insufficient data
8,Boca Ciega Bay Aquatic Preserve,Total Nitrogen,Surface,Lab,TRUE,2089,26,1999,2025,1999-01-07T12:30:00Z,2025-02-25T11:55:00Z,0.57,TRUE,0.1372,0.00481,0.00465,0.52398,4.9476,0.9337,0.00774,0.00149,1,0,1,Increasing trend
8,Boca Ciega Bay Aquatic Preserve,Total Phosphorus,All,Lab,TRUE,2737,26,1999,2025,1999-01-07T10:01:00Z,2025-02-25T11:55:00Z,0.05,TRUE,-0.0986,0.02337,-0.00039,0.06445,11.0488,0.4392,-0.00004,-0.00076,-1,1,-1,Decreasing trend
8,Boca Ciega Bay Aquatic Preserve,Total Phosphorus,Bottom,Lab,FALSE,137,7,1999,2024,1999-02-10T09:56:00Z,2024-12-19T09:35:00Z,0.06,,,,,,,,,,,0,2,Insufficient data
8,Boca Ciega Bay Aquatic Preserve,Total Phosphorus,Surface,Lab,TRUE,1914,26,1999,2025,1999-01-07T12:30:00Z,2025-02-25T11:55:00Z,0.05,TRUE,-0.25951,0,-0.00117,0.07674,8.0735,0.7067,-0.00075,-0.00159,-1,0,-1,Decreasing trend
8,Boca Ciega Bay Aquatic Preserve,Total Suspended Solids,All,Lab,TRUE,2788,22,2002,2025,2002-01-10T10:35:00Z,2025-02-25T11:55:00Z,12,TRUE,-0.31022,0,-0.32497,16.29482,6.7124,0.8219,-0.22173,-0.41327,-1,1,-1,Decreasing trend
8,Boca Ciega Bay Aquatic Preserve,Total Suspended Solids,Bottom,Lab,FALSE,139,5,2020,2024,2020-02-20T10:20:00Z,2024-12-19T09:35:00Z,10,,,,,,,,,,,0,2,Insufficient data
8,Boca Ciega Bay Aquatic Preserve,Total Suspended Solids,Surface,Lab,TRUE,2505,22,2002,2025,2002-01-10T13:02:00Z,2025-02-25T11:55:00Z,12,TRUE,-0.32141,0,-0.33797,15.52539,7.9088,0.7214,-0.22267,-0.43066,-1,0,-1,Decreasing trend
8,Boca Ciega Bay Aquatic Preserve,Turbidity,All,All,TRUE,7146,29,1995,2025,1995-01-18T09:01:00Z,2025-02-25T11:55:00Z,2.6,TRUE,0.13396,0.00083,0.04029,2.74091,9.9576,0.5342,0.05903,0.01915,1,0,1,Increasing trend
8,Boca Ciega Bay Aquatic Preserve,Turbidity,All,Field,FALSE,94,9,2001,2024,2001-06-20T01:52:00Z,2024-12-19T09:35:00Z,4.355,,,,,,,,,,,0,2,Insufficient data
8,Boca Ciega Bay Aquatic Preserve,Turbidity,All,Lab,TRUE,7052,29,1995,2025,1995-01-18T09:01:00Z,2025-02-25T11:55:00Z,2.6,TRUE,0.11187,0.00533,0.03128,2.79106,10.1676,0.5154,0.05399,0.00913,1,1,1,Increasing trend
8,Boca Ciega Bay Aquatic Preserve,Turbidity,Bottom,All,FALSE,143,7,1999,2024,1999-02-10T09:56:00Z,2024-12-19T09:35:00Z,4.3,,,,,,,,,,,0,2,Insufficient data
8,Boca Ciega Bay Aquatic Preserve,Turbidity,Bottom,Field,FALSE,47,5,2020,2024,2020-02-20T10:20:00Z,2024-12-19T09:35:00Z,4.37,,,,,,,,,,,0,2,Insufficient data
8,Boca Ciega Bay Aquatic Preserve,Turbidity,Bottom,Lab,FALSE,96,5,1999,2022,1999-02-10T09:56:00Z,2022-04-05T14:23:00Z,4.1,,,,,,,,,,,0,2,Insufficient data
8,Boca Ciega Bay Aquatic Preserve,Turbidity,Surface,All,TRUE,6195,29,1995,2025,1995-01-18T09:01:00Z,2025-02-25T11:55:00Z,2.4,TRUE,0.19779,0,0.05096,2.45917,12.1516,0.3524,0.07367,0.03337,1,0,1,Increasing trend
8,Boca Ciega Bay Aquatic Preserve,Turbidity,Surface,Field,FALSE,45,8,2001,2024,2001-06-20T01:52:00Z,2024-09-16T10:03:00Z,4.5,,,,,,,,,,,0,2,Insufficient data
8,Boca Ciega Bay Aquatic Preserve,Turbidity,Surface,Lab,TRUE,6150,29,1995,2025,1995-01-18T09:01:00Z,2025-02-25T11:55:00Z,2.4,TRUE,0.19295,0,0.05067,2.45917,12.8024,0.3064,0.07292,0.03133,1,0,1,Increasing trend
8,Boca Ciega Bay Aquatic Preserve,Water Temperature,All,Field,TRUE,30713,61,1954,2025,1954-03-30T00:00:00Z,2025-04-03T14:23:00Z,27.1,TRUE,0.09939,0.00153,0.0128,24.06334,8.6692,0.6524,0.02075,0.00455,1,1,1,Increasing trend
8,Boca Ciega Bay Aquatic Preserve,Water Temperature,Bottom,Field,TRUE,6000,32,1992,2025,1992-08-13T00:00:00Z,2025-02-25T11:40:00Z,28.465,TRUE,0.13823,0.00072,0.0403,24.03464,24.3609,0.0113,0.06564,0.01653,1,0,1,Increasing trend
8,Boca Ciega Bay Aquatic Preserve,Water Temperature,Surface,Field,TRUE,19226,61,1954,2025,1954-03-30T00:00:00Z,2025-04-03T14:17:00Z,26.4,TRUE,0.09121,0.00336,0.0109,24.08488,7.8518,0.7265,0.01975,0.00322,1,0,1,Increasing trend
8,Boca Ciega Bay Aquatic Preserve,pH,All,Field,TRUE,27567,38,1974,2025,1974-02-25T00:00:00Z,2025-04-03T14:23:00Z,8.1,TRUE,-0.1144,0.00122,-0.00177,8.13932,6.1918,0.8603,-0.0007,-0.00284,-1,1,-1,Decreasing trend
8,Boca Ciega Bay Aquatic Preserve,pH,Bottom,Field,TRUE,4412,31,1995,2025,1995-10-09T09:35:00Z,2025-02-25T11:40:00Z,8.09,TRUE,-0.00668,0.78635,-0.00026,8.05089,12.7942,0.307,0.00217,-0.00304,0,0,0,No detectable trend
8,Boca Ciega Bay Aquatic Preserve,pH,Surface,Field,TRUE,17910,38,1974,2025,1974-02-25T00:00:00Z,2025-04-03T14:17:00Z,8.1,TRUE,-0.10043,0.00437,-0.00168,8.14348,7.3607,0.7692,-0.0006,-0.00282,-1,0,-1,Decreasing trend
9,Cape Haze Aquatic Preserve,"Chlorophyll a, Corrected for Pheophytin",All,Lab,TRUE,672,25,2001,2025,2001-05-21T00:00:00Z,2025-12-03T10:15:00Z,4.19,TRUE,-0.11209,0.02436,-0.04872,5.82231,18.1093,0.0791,-0.005,-0.1,-1,1,-1,Decreasing trend
9,Cape Haze Aquatic Preserve,"Chlorophyll a, Corrected for Pheophytin",Bottom,Lab,FALSE,96,9,2017,2025,2017-10-16T10:09:00Z,2025-12-03T10:15:00Z,4.715,,,,,,,,,,,0,2,Insufficient data
9,Cape Haze Aquatic Preserve,"Chlorophyll a, Corrected for Pheophytin",Surface,Lab,TRUE,564,25,2001,2025,2001-05-21T00:00:00Z,2025-04-22T12:05:00Z,4.18,TRUE,-0.14579,0.00446,-0.05909,5.58024,12.5727,0.3222,-0.02033,-0.11828,-1,0,-1,Decreasing trend
9,Cape Haze Aquatic Preserve,"Chlorophyll a, Uncorrected for Pheophytin",All,Lab,TRUE,300,20,1998,2025,1998-08-03T00:00:00Z,2025-12-03T10:15:00Z,4.07,TRUE,-0.09887,0.15256,-0.03926,5.79702,17.7936,0.0865,0.0155,-0.09547,0,1,0,No detectable trend
9,Cape Haze Aquatic Preserve,"Chlorophyll a, Uncorrected for Pheophytin",Bottom,Lab,FALSE,111,7,2017,2025,2017-10-16T10:09:00Z,2025-12-03T10:15:00Z,4.21,,,,,,,,,,,0,2,Insufficient data
9,Cape Haze Aquatic Preserve,"Chlorophyll a, Uncorrected for Pheophytin",Surface,Lab,TRUE,187,18,1998,2023,1998-08-03T00:00:00Z,2023-10-03T10:30:00Z,4.06,TRUE,-0.19004,0.01133,-0.07333,5.78977,10.8843,0.453,-0.01469,-0.13098,-1,0,-1,Decreasing trend
9,Cape Haze Aquatic Preserve,Colored Dissolved Organic Matter,All,Lab,FALSE,42,7,2006,2023,2006-07-11T00:00:00Z,2023-12-21T09:35:00Z,18.65,,,,,,,,,,,1,2,Insufficient data
9,Cape Haze Aquatic Preserve,Colored Dissolved Organic Matter,Bottom,Lab,FALSE,4,1,2023,2023,2023-05-24T10:45:00Z,2023-12-21T09:35:00Z,50.5,,,,,,,,,,,0,2,Insufficient data
9,Cape Haze Aquatic Preserve,Colored Dissolved Organic Matter,Surface,Lab,FALSE,37,7,2006,2023,2006-07-11T00:00:00Z,2023-04-03T07:30:00Z,13,,,,,,,,,,,0,2,Insufficient data
9,Cape Haze Aquatic Preserve,Dissolved Oxygen,All,Field,TRUE,12282,37,1989,2025,1989-04-05T00:00:00Z,2025-12-03T10:15:00Z,6.8,TRUE,-0.23542,0,-0.02766,7.67387,13.4366,0.2657,-0.01948,-0.03656,-1,1,-1,Decreasing trend
9,Cape Haze Aquatic Preserve,Dissolved Oxygen,Bottom,Field,TRUE,1036,25,1995,2025,1995-04-18T11:35:00Z,2025-12-03T10:15:00Z,6.69,TRUE,0.04966,0.44491,0.00582,6.45756,9.0089,0.6211,0.02519,-0.01,0,0,0,No detectable trend
9,Cape Haze Aquatic Preserve,Dissolved Oxygen,Surface,Field,TRUE,10206,37,1989,2025,1989-04-05T00:00:00Z,2025-04-22T12:06:00Z,6.8,TRUE,-0.26757,0,-0.03536,7.82164,18.3904,0.073,-0.02623,-0.04416,-1,0,-1,Decreasing trend
9,Cape Haze Aquatic Preserve,Dissolved Oxygen Saturation,All,Field,FALSE,66,9,2017,2025,2017-03-13T13:20:00Z,2025-12-03T10:15:00Z,91.5,,,,,,,,,,,1,2,Insufficient data
9,Cape Haze Aquatic Preserve,Dissolved Oxygen Saturation,Bottom,Field,FALSE,54,7,2017,2025,2017-03-13T13:20:00Z,2025-12-03T10:15:00Z,92.6,,,,,,,,,,,0,2,Insufficient data
9,Cape Haze Aquatic Preserve,Dissolved Oxygen Saturation,Surface,Field,FALSE,11,5,2018,2023,2018-05-07T07:15:00Z,2023-03-06T07:24:00Z,77.1,,,,,,,,,,,0,2,Insufficient data
9,Cape Haze Aquatic Preserve,Salinity,All,All,TRUE,12654,41,1957,2025,1957-11-14T00:00:00Z,2025-12-03T10:15:00Z,30.1,TRUE,-0.01314,0.67903,-0.00732,30.02049,7.6844,0.7413,0.02503,-0.04124,0,1,0,No detectable trend
9,Cape Haze Aquatic Preserve,Salinity,All,Field,TRUE,12654,41,1957,2025,1957-11-14T00:00:00Z,2025-12-03T10:15:00Z,30.1,TRUE,-0.01314,0.67903,-0.00732,30.02049,7.6844,0.7413,0.02503,-0.04124,0,0,0,No detectable trend
9,Cape Haze Aquatic Preserve,Salinity,Bottom,All,TRUE,1083,26,1995,2025,1995-04-18T11:35:00Z,2025-12-03T10:15:00Z,30.83,TRUE,-0.05889,0.25626,-0.0374,31.52473,8.7169,0.648,0.03182,-0.1194,0,0,0,No detectable trend
9,Cape Haze Aquatic Preserve,Salinity,Bottom,Field,TRUE,1083,26,1995,2025,1995-04-18T11:35:00Z,2025-12-03T10:15:00Z,30.83,TRUE,-0.05889,0.25626,-0.0374,31.52473,8.7169,0.648,0.03182,-0.1194,0,0,0,No detectable trend
9,Cape Haze Aquatic Preserve,Salinity,Surface,All,TRUE,10526,41,1957,2025,1957-11-14T00:00:00Z,2025-04-22T12:06:00Z,29.9,TRUE,-0.00588,0.85396,-0.00267,29.7224,8.167,0.6983,0.03178,-0.03884,0,0,0,No detectable trend
9,Cape Haze Aquatic Preserve,Salinity,Surface,Field,TRUE,10526,41,1957,2025,1957-11-14T00:00:00Z,2025-04-22T12:06:00Z,29.9,TRUE,-0.00588,0.85396,-0.00267,29.7224,8.167,0.6983,0.03178,-0.03884,0,0,0,No detectable trend
9,Cape Haze Aquatic Preserve,Secchi Depth,All,Field,TRUE,8718,32,1994,2025,1994-11-23T00:00:00Z,2025-12-03T10:15:00Z,-0.9,TRUE,-0.11692,0.00155,-0.00377,-0.95471,8.8777,0.6332,-0.00119,-0.00622,-1,1,-1,Decreasing trend
9,Cape Haze Aquatic Preserve,Total Nitrogen,All,Lab,TRUE,1150,28,1998,2025,1998-08-03T00:00:00Z,2025-12-03T10:15:00Z,0.6115,TRUE,0.10189,0.01265,0.00484,0.54286,6.4199,0.8439,0.00868,0.00099,1,1,1,Increasing trend
9,Cape Haze Aquatic Preserve,Total Nitrogen,Bottom,Lab,FALSE,175,9,2017,2025,2017-10-16T10:09:00Z,2025-12-03T10:15:00Z,0.724,,,,,,,,,,,0,2,Insufficient data
9,Cape Haze Aquatic Preserve,Total Nitrogen,Surface,Lab,TRUE,963,28,1998,2025,1998-08-03T00:00:00Z,2025-04-22T12:05:00Z,0.588,TRUE,0.0564,0.18599,0.00279,0.57638,9.1051,0.6122,0.00687,-0.00096,0,0,0,No detectable trend
9,Cape Haze Aquatic Preserve,Total Phosphorus,All,Lab,TRUE,1169,28,1998,2025,1998-08-03T00:00:00Z,2025-12-03T10:15:00Z,0.077,TRUE,-0.09712,0.01872,-0.00083,0.10334,9.8874,0.5405,-0.00013,-0.00155,-1,1,-1,Decreasing trend
9,Cape Haze Aquatic Preserve,Total Phosphorus,Bottom,Lab,FALSE,176,9,2017,2025,2017-10-16T10:09:00Z,2025-12-03T10:15:00Z,0.0885,,,,,,,,,,,0,2,Insufficient data
9,Cape Haze Aquatic Preserve,Total Phosphorus,Surface,Lab,TRUE,981,28,1998,2025,1998-08-03T00:00:00Z,2025-04-22T12:05:00Z,0.074,TRUE,-0.18917,0.00001,-0.00162,0.10866,8.7931,0.641,-0.001,-0.00229,-1,0,-1,Decreasing trend
9,Cape Haze Aquatic Preserve,Total Suspended Solids,All,Lab,TRUE,941,25,2001,2025,2001-05-21T00:00:00Z,2025-04-22T12:05:00Z,10.2,TRUE,0.25438,0,0.41826,6.2806,3.5771,0.9807,0.59942,0.27481,1,1,1,Increasing trend
9,Cape Haze Aquatic Preserve,Total Suspended Solids,Bottom,Lab,FALSE,135,8,2017,2024,2017-10-16T10:09:00Z,2024-12-03T13:18:00Z,17.3,,,,,,,,,,,0,2,Insufficient data
9,Cape Haze Aquatic Preserve,Total Suspended Solids,Surface,Lab,TRUE,797,25,2001,2025,2001-05-21T00:00:00Z,2025-04-22T12:05:00Z,9.8,TRUE,0.2693,0,0.43704,6.19926,5.6475,0.8958,0.62394,0.2616,1,0,1,Increasing trend
9,Cape Haze Aquatic Preserve,Turbidity,All,All,TRUE,2437,31,1995,2025,1995-01-04T10:55:00Z,2025-04-22T12:05:00Z,2.2,TRUE,-0.03557,0.30183,-0.00665,2.50642,9.9306,0.5366,0.0067,-0.02083,0,0,0,No detectable trend
9,Cape Haze Aquatic Preserve,Turbidity,All,Field,FALSE,3,3,2018,2021,2018-03-05T07:16:00Z,2021-01-04T07:45:00Z,1.8,,,,,,,,,,,0,2,Insufficient data
9,Cape Haze Aquatic Preserve,Turbidity,All,Lab,TRUE,2434,31,1995,2025,1995-01-04T10:55:00Z,2025-04-22T12:05:00Z,2.2,TRUE,-0.03505,0.30928,-0.00649,2.50642,9.7728,0.5509,0.00697,-0.02066,0,1,0,No detectable trend
9,Cape Haze Aquatic Preserve,Turbidity,Bottom,All,FALSE,135,8,2017,2024,2017-10-16T10:09:00Z,2024-12-03T13:18:00Z,2.1,,,,,,,,,,,0,2,Insufficient data
9,Cape Haze Aquatic Preserve,Turbidity,Bottom,Lab,FALSE,135,8,2017,2024,2017-10-16T10:09:00Z,2024-12-03T13:18:00Z,2.1,,,,,,,,,,,0,2,Insufficient data
9,Cape Haze Aquatic Preserve,Turbidity,Surface,All,TRUE,2292,31,1995,2025,1995-01-04T10:55:00Z,2025-04-22T12:05:00Z,2.2,TRUE,-0.04821,0.1913,-0.00947,2.58402,8.4379,0.6736,0.00565,-0.02438,0,0,0,No detectable trend
9,Cape Haze Aquatic Preserve,Turbidity,Surface,Field,FALSE,3,3,2018,2021,2018-03-05T07:16:00Z,2021-01-04T07:45:00Z,1.8,,,,,,,,,,,0,2,Insufficient data
9,Cape Haze Aquatic Preserve,Turbidity,Surface,Lab,TRUE,2289,31,1995,2025,1995-01-04T10:55:00Z,2025-04-22T12:05:00Z,2.2,TRUE,-0.04702,0.20259,-0.00921,2.58402,8.7434,0.6456,0.00592,-0.02404,0,0,0,No detectable trend
9,Cape Haze Aquatic Preserve,Water Temperature,All,Field,TRUE,12628,42,1957,2025,1957-11-14T00:00:00Z,2025-12-03T10:15:00Z,26.9,TRUE,0.09142,0.00622,0.02014,25.22139,8.1719,0.6978,0.03399,0.00579,1,1,1,Increasing trend
9,Cape Haze Aquatic Preserve,Water Temperature,Bottom,Field,TRUE,1092,26,1995,2025,1995-04-18T11:35:00Z,2025-12-03T10:15:00Z,27.45,TRUE,-0.05254,0.48595,-0.01091,27.40097,8.3431,0.6823,0.01423,-0.03366,0,0,0,No detectable trend
9,Cape Haze Aquatic Preserve,Water Temperature,Surface,Field,TRUE,10498,42,1957,2025,1957-11-14T00:00:00Z,2025-04-22T12:06:00Z,26.9,TRUE,0.10051,0.00322,0.02172,25.203,8.879,0.6331,0.03658,0.00696,1,0,1,Increasing trend
9,Cape Haze Aquatic Preserve,pH,All,Field,TRUE,11870,37,1989,2025,1989-04-05T00:00:00Z,2025-12-03T10:15:00Z,8,TRUE,-0.20893,0,-0.00437,8.07592,23.3911,0.0156,-0.00301,-0.00567,-1,1,-1,Decreasing trend
9,Cape Haze Aquatic Preserve,pH,Bottom,Field,TRUE,802,11,2015,2025,2015-03-17T00:00:00Z,2025-12-03T10:15:00Z,8.04,TRUE,-0.30858,0.00003,-0.0211,8.15555,5.4557,0.9071,-0.01336,-0.03269,-1,0,-1,Decreasing trend
9,Cape Haze Aquatic Preserve,pH,Surface,Field,TRUE,10045,37,1989,2025,1989-04-05T00:00:00Z,2025-04-22T12:06:00Z,8,TRUE,-0.2271,0,-0.00496,8.08689,19.4915,0.0528,-0.0035,-0.00633,-1,0,-1,Decreasing trend
10,Cape Romano-Ten Thousand Islands Aquatic Preserve,"Chlorophyll a, Corrected for Pheophytin",All,Lab,TRUE,639,15,2002,2025,2002-10-15T11:39:00Z,2025-05-06T10:27:00Z,3.7,TRUE,0.09136,0.14626,0.04302,2.95078,8.5334,0.6649,0.11959,-0.01667,0,1,0,No detectable trend
10,Cape Romano-Ten Thousand Islands Aquatic Preserve,"Chlorophyll a, Corrected for Pheophytin",Bottom,Lab,FALSE,3,1,2002,2002,2002-10-15T11:39:00Z,2002-10-15T12:24:00Z,0.96,,,,,,,,,,,0,2,Insufficient data
10,Cape Romano-Ten Thousand Islands Aquatic Preserve,"Chlorophyll a, Corrected for Pheophytin",Surface,Lab,TRUE,636,14,2012,2025,2012-10-04T08:51:00Z,2025-05-06T10:27:00Z,3.8,TRUE,0.07829,0.22287,0.0375,3.81406,8.5777,0.6608,0.10669,-0.02625,0,0,0,No detectable trend
10,Cape Romano-Ten Thousand Islands Aquatic Preserve,"Chlorophyll a, Uncorrected for Pheophytin",All,Lab,TRUE,2173,30,1994,2025,1994-09-28T00:00:00Z,2025-05-06T10:27:00Z,3.65666,TRUE,0.27384,0,0.07449,3.27391,8.5633,0.6621,0.09869,0.05558,1,1,1,Increasing trend
10,Cape Romano-Ten Thousand Islands Aquatic Preserve,"Chlorophyll a, Uncorrected for Pheophytin",Surface,Lab,TRUE,2173,30,1994,2025,1994-09-28T00:00:00Z,2025-05-06T10:27:00Z,3.65666,TRUE,0.27384,0,0.07449,3.27391,8.5633,0.6621,0.09869,0.05558,1,0,1,Increasing trend
10,Cape Romano-Ten Thousand Islands Aquatic Preserve,Colored Dissolved Organic Matter,All,Lab,FALSE,8,1,2001,2001,2001-04-25T00:00:00Z,2001-06-21T00:00:00Z,13,,,,,,,,,,,1,2,Insufficient data
10,Cape Romano-Ten Thousand Islands Aquatic Preserve,Colored Dissolved Organic Matter,Surface,Lab,FALSE,8,1,2001,2001,2001-04-25T00:00:00Z,2001-06-21T00:00:00Z,13,,,,,,,,,,,0,2,Insufficient data
10,Cape Romano-Ten Thousand Islands Aquatic Preserve,Dissolved Oxygen,All,Field,TRUE,10119,35,1989,2025,1989-04-12T10:25:00Z,2025-07-23T11:29:00Z,5.8,TRUE,-0.07697,0.04981,-0.01145,5.95376,14.8833,0.1879,0,-0.02205,-1,1,-1,Decreasing trend
10,Cape Romano-Ten Thousand Islands Aquatic Preserve,Dissolved Oxygen,Bottom,Field,TRUE,5210,32,1994,2025,1994-04-25T11:40:00Z,2025-05-21T11:35:00Z,5.5,TRUE,-0.03506,0.40405,-0.00519,5.91899,18.2719,0.0755,0.00661,-0.01749,0,0,0,No detectable trend
10,Cape Romano-Ten Thousand Islands Aquatic Preserve,Dissolved Oxygen,Surface,Field,TRUE,4902,34,1989,2025,1989-04-12T10:25:00Z,2025-07-23T11:29:00Z,6.1,TRUE,-0.04039,0.26963,-0.00728,5.8742,11.7863,0.3799,0.00565,-0.02212,0,0,0,No detectable trend
10,Cape Romano-Ten Thousand Islands Aquatic Preserve,Dissolved Oxygen Saturation,All,Field,FALSE,112,7,2008,2025,2008-01-07T00:00:00Z,2025-05-06T10:32:00Z,78.1,,,,,,,,,,,1,2,Insufficient data
10,Cape Romano-Ten Thousand Islands Aquatic Preserve,Dissolved Oxygen Saturation,Bottom,Field,FALSE,1,1,2017,2017,2017-02-27T11:10:00Z,2017-02-27T11:10:00Z,43,,,,,,,,,,,0,2,Insufficient data
10,Cape Romano-Ten Thousand Islands Aquatic Preserve,Dissolved Oxygen Saturation,Surface,Field,FALSE,106,7,2008,2025,2008-01-07T00:00:00Z,2025-05-06T10:32:00Z,78.1,,,,,,,,,,,0,2,Insufficient data
10,Cape Romano-Ten Thousand Islands Aquatic Preserve,Salinity,All,All,TRUE,10478,45,1956,2025,1956-03-22T00:00:00Z,2025-07-23T11:29:00Z,32,TRUE,-0.0049,0.94004,-0.00201,31.32247,9.9738,0.5327,0.03987,-0.03661,0,1,0,No detectable trend
10,Cape Romano-Ten Thousand Islands Aquatic Preserve,Salinity,All,Field,TRUE,10478,45,1956,2025,1956-03-22T00:00:00Z,2025-07-23T11:29:00Z,32,TRUE,-0.0049,0.94004,-0.00201,31.32247,9.9738,0.5327,0.03987,-0.03661,0,0,0,No detectable trend
10,Cape Romano-Ten Thousand Islands Aquatic Preserve,Salinity,Bottom,All,TRUE,5308,32,1994,2025,1994-04-25T11:40:00Z,2025-03-12T12:39:00Z,31.5,TRUE,0.0525,0.1841,0.04482,29.48162,6.1485,0.8633,0.10633,-0.01979,0,0,0,No detectable trend
10,Cape Romano-Ten Thousand Islands Aquatic Preserve,Salinity,Bottom,Field,TRUE,5308,32,1994,2025,1994-04-25T11:40:00Z,2025-03-12T12:39:00Z,31.5,TRUE,0.0525,0.1841,0.04482,29.48162,6.1485,0.8633,0.10633,-0.01979,0,0,0,No detectable trend
10,Cape Romano-Ten Thousand Islands Aquatic Preserve,Salinity,Surface,All,TRUE,5167,44,1956,2025,1956-03-22T00:00:00Z,2025-07-23T11:29:00Z,32.14,TRUE,0.11196,0.00673,0.0595,29.89425,11.328,0.4162,0.10836,0.01954,1,0,1,Increasing trend
10,Cape Romano-Ten Thousand Islands Aquatic Preserve,Salinity,Surface,Field,TRUE,5167,44,1956,2025,1956-03-22T00:00:00Z,2025-07-23T11:29:00Z,32.14,TRUE,0.11196,0.00673,0.0595,29.89425,11.328,0.4162,0.10836,0.01954,1,0,1,Increasing trend
10,Cape Romano-Ten Thousand Islands Aquatic Preserve,Secchi Depth,All,Field,FALSE,220,9,2001,2025,2001-04-25T00:00:00Z,2025-07-23T11:29:00Z,-0.9,,,,,,,,,,,1,2,Insufficient data
10,Cape Romano-Ten Thousand Islands Aquatic Preserve,Total Nitrogen,All,Lab,TRUE,2023,32,1989,2025,1989-04-12T10:25:00Z,2025-07-23T11:29:00Z,0.38645,TRUE,0.13153,0.00245,0.00375,0.37438,10.7607,0.4635,0.00617,0.00134,1,1,1,Increasing trend
10,Cape Romano-Ten Thousand Islands Aquatic Preserve,Total Nitrogen,Bottom,Lab,FALSE,65,7,1994,2025,1994-04-25T11:40:00Z,2025-05-21T11:35:00Z,0.482,,,,,,,,,,,0,2,Insufficient data
10,Cape Romano-Ten Thousand Islands Aquatic Preserve,Total Nitrogen,Surface,Lab,TRUE,1958,32,1989,2025,1989-04-12T10:25:00Z,2025-07-23T11:29:00Z,0.38176,TRUE,0.11491,0.00815,0.00326,0.37746,9.4224,0.583,0.00555,0.00081,1,0,1,Increasing trend
10,Cape Romano-Ten Thousand Islands Aquatic Preserve,Total Phosphorus,All,Lab,TRUE,2407,32,1989,2025,1989-04-12T10:25:00Z,2025-07-23T11:29:00Z,0.04345,TRUE,0.08052,0.05046,0.00014,0.04309,13.249,0.2774,0.00027,0,0,1,0,No detectable trend
10,Cape Romano-Ten Thousand Islands Aquatic Preserve,Total Phosphorus,Bottom,Lab,FALSE,66,7,1994,2025,1994-04-25T11:40:00Z,2025-05-21T11:35:00Z,0.053,,,,,,,,,,,0,2,Insufficient data
10,Cape Romano-Ten Thousand Islands Aquatic Preserve,Total Phosphorus,Surface,Lab,TRUE,2341,32,1989,2025,1989-04-12T10:25:00Z,2025-07-23T11:29:00Z,0.04317,TRUE,0.06485,0.11595,0.00011,0.04229,11.6781,0.3883,0.00024,-0.00003,0,0,0,No detectable trend
10,Cape Romano-Ten Thousand Islands Aquatic Preserve,Total Suspended Solids,All,Lab,TRUE,484,17,1989,2025,1989-04-12T10:25:00Z,2025-05-06T10:27:00Z,10,TRUE,-0.00639,0.85319,-0.00667,11.43828,16.3709,0.1279,0.17043,-0.125,0,1,0,No detectable trend
10,Cape Romano-Ten Thousand Islands Aquatic Preserve,Total Suspended Solids,Bottom,Lab,FALSE,5,2,1994,2002,1994-04-25T11:40:00Z,2002-10-15T12:24:00Z,17,,,,,,,,,,,0,2,Insufficient data
10,Cape Romano-Ten Thousand Islands Aquatic Preserve,Total Suspended Solids,Surface,Lab,TRUE,479,16,1989,2025,1989-04-12T10:25:00Z,2025-05-06T10:27:00Z,10,TRUE,0.00565,1,0,10.14315,15.6133,0.1561,0.21198,-0.10395,0,0,0,No detectable trend
10,Cape Romano-Ten Thousand Islands Aquatic Preserve,Turbidity,All,All,TRUE,4884,31,1989,2025,1989-04-12T10:25:00Z,2025-07-23T11:29:00Z,4.1,TRUE,0.15459,0.00056,0.07792,4.54172,11.2267,0.4245,0.12882,0.03341,1,0,1,Increasing trend
10,Cape Romano-Ten Thousand Islands Aquatic Preserve,Turbidity,All,Field,FALSE,207,5,2002,2006,2002-01-24T11:15:00Z,2006-09-29T12:02:00Z,6.29,,,,,,,,,,,0,2,Insufficient data
10,Cape Romano-Ten Thousand Islands Aquatic Preserve,Turbidity,All,Lab,TRUE,4677,31,1989,2025,1989-04-12T10:25:00Z,2025-07-23T11:29:00Z,4,TRUE,0.15654,0.00049,0.07792,4.59643,11.2082,0.426,0.12882,0.03473,1,1,1,Increasing trend
10,Cape Romano-Ten Thousand Islands Aquatic Preserve,Turbidity,Bottom,All,FALSE,66,7,1994,2025,1994-04-25T11:40:00Z,2025-05-21T11:35:00Z,8.2,,,,,,,,,,,0,2,Insufficient data
10,Cape Romano-Ten Thousand Islands Aquatic Preserve,Turbidity,Bottom,Lab,FALSE,66,7,1994,2025,1994-04-25T11:40:00Z,2025-05-21T11:35:00Z,8.2,,,,,,,,,,,0,2,Insufficient data
10,Cape Romano-Ten Thousand Islands Aquatic Preserve,Turbidity,Surface,All,TRUE,4818,31,1989,2025,1989-04-12T10:25:00Z,2025-07-23T11:29:00Z,4,TRUE,0.13594,0.00251,0.0645,4.62303,10.4686,0.4888,0.11354,0.01776,1,0,1,Increasing trend
10,Cape Romano-Ten Thousand Islands Aquatic Preserve,Turbidity,Surface,Field,FALSE,207,5,2002,2006,2002-01-24T11:15:00Z,2006-09-29T12:02:00Z,6.29,,,,,,,,,,,0,2,Insufficient data
10,Cape Romano-Ten Thousand Islands Aquatic Preserve,Turbidity,Surface,Lab,TRUE,4611,31,1989,2025,1989-04-12T10:25:00Z,2025-07-23T11:29:00Z,3.9,TRUE,0.13611,0.00251,0.06708,4.7211,10.4767,0.4881,0.1139,0.01899,1,0,1,Increasing trend
10,Cape Romano-Ten Thousand Islands Aquatic Preserve,Water Temperature,All,Field,TRUE,10694,43,1956,2025,1956-03-22T00:00:00Z,2025-07-23T11:29:00Z,26.8,TRUE,0.06277,0.07882,0.01134,26.24631,14.9344,0.1855,0.02633,-0.00125,0,1,0,No detectable trend
10,Cape Romano-Ten Thousand Islands Aquatic Preserve,Water Temperature,Bottom,Field,TRUE,5349,32,1994,2025,1994-04-25T11:40:00Z,2025-05-21T11:35:00Z,26.8,TRUE,0.06141,0.15169,0.01389,25.45671,17.0783,0.1056,0.03677,-0.00549,0,0,0,No detectable trend
10,Cape Romano-Ten Thousand Islands Aquatic Preserve,Water Temperature,Surface,Field,TRUE,5339,43,1956,2025,1956-03-22T00:00:00Z,2025-07-23T11:29:00Z,26.7,TRUE,0.02198,0.46314,0.0059,27.88791,15.2043,0.1733,0.02413,-0.00931,0,0,0,No detectable trend
10,Cape Romano-Ten Thousand Islands Aquatic Preserve,pH,All,Field,TRUE,4301,36,1956,2025,1956-03-22T00:00:00Z,2025-07-23T11:29:00Z,7.9,TRUE,-0.23696,0,-0.00802,8.18343,18.4377,0.072,-0.00538,-0.01099,-1,1,-1,Decreasing trend
10,Cape Romano-Ten Thousand Islands Aquatic Preserve,pH,Bottom,Field,TRUE,99,10,1994,2025,1994-04-25T11:40:00Z,2025-05-21T11:35:00Z,7.7,TRUE,-0.09744,0.39509,-0.01423,7.93333,9.4328,0.4916,0.01031,-0.03046,0,0,0,No detectable trend
10,Cape Romano-Ten Thousand Islands Aquatic Preserve,pH,Surface,Field,TRUE,4193,36,1956,2025,1956-03-22T00:00:00Z,2025-07-23T11:29:00Z,7.9,TRUE,-0.22379,0,-0.00726,8.15567,15.9279,0.1438,-0.00476,-0.01042,-1,0,-1,Decreasing trend
11,Cockroach Bay Aquatic Preserve,"Chlorophyll a, Corrected for Pheophytin",All,Lab,TRUE,939,19,2000,2025,2000-06-07T14:15:00Z,2025-11-25T08:26:00Z,6.4,TRUE,0.03071,0.57779,0.02777,7.67785,23.8459,0.0134,0.12238,-0.07071,0,1,0,No detectable trend
11,Cockroach Bay Aquatic Preserve,"Chlorophyll a, Corrected for Pheophytin",Bottom,Lab,FALSE,98,6,2020,2025,2020-08-26T09:30:00Z,2025-11-25T08:26:00Z,6.7,,,,,,,,,,,0,2,Insufficient data
11,Cockroach Bay Aquatic Preserve,"Chlorophyll a, Corrected for Pheophytin",Surface,Lab,TRUE,841,19,2000,2025,2000-06-07T14:15:00Z,2025-11-19T11:21:00Z,6.4,TRUE,-0.01635,0.80774,-0.01427,7.79306,33.6236,0.0004,0.10462,-0.12202,0,0,0,No detectable trend
11,Cockroach Bay Aquatic Preserve,"Chlorophyll a, Uncorrected for Pheophytin",All,Lab,TRUE,1026,25,1999,2025,1999-01-20T11:30:00Z,2025-11-25T08:26:00Z,7.65,TRUE,0.02272,0.58094,0.02182,10.34364,31.3983,0.001,0.09235,-0.0577,0,1,0,No detectable trend
11,Cockroach Bay Aquatic Preserve,"Chlorophyll a, Uncorrected for Pheophytin",Bottom,Lab,FALSE,99,6,2020,2025,2020-08-26T09:30:00Z,2025-11-25T08:26:00Z,7.9,,,,,,,,,,,0,2,Insufficient data
11,Cockroach Bay Aquatic Preserve,"Chlorophyll a, Uncorrected for Pheophytin",Surface,Lab,TRUE,881,25,1999,2025,1999-01-20T11:30:00Z,2025-11-19T11:21:00Z,8.1,TRUE,-0.11755,0.00911,-0.11893,12.04773,47.2925,0,-0.02557,-0.21991,-1,0,-1,Decreasing trend
11,Cockroach Bay Aquatic Preserve,Colored Dissolved Organic Matter,All,Lab,TRUE,385,18,2001,2025,2001-01-06T00:00:00Z,2025-11-25T08:26:00Z,36.9,TRUE,-0.29212,0.00039,-1.22842,58.88875,3.88,0.9733,-0.58178,-1.73908,-1,1,-1,Decreasing trend
11,Cockroach Bay Aquatic Preserve,Colored Dissolved Organic Matter,Bottom,Lab,FALSE,83,5,2021,2025,2021-07-27T09:36:00Z,2025-11-25T08:26:00Z,21.6,,,,,,,,,,,0,2,Insufficient data
11,Cockroach Bay Aquatic Preserve,Colored Dissolved Organic Matter,Surface,Lab,TRUE,302,18,2001,2025,2001-01-06T00:00:00Z,2025-11-19T11:21:00Z,42.35,TRUE,-0.26239,0.00203,-1.06447,57.73326,4.0813,0.9675,-0.39119,-1.55842,-1,0,-1,Decreasing trend
11,Cockroach Bay Aquatic Preserve,Dissolved Oxygen,All,Field,TRUE,26176,37,1989,2025,1989-04-19T00:00:00Z,2025-11-25T08:25:00Z,5.3,TRUE,-0.18273,0,-0.02448,6.36435,16.7214,0.1164,-0.016,-0.03269,-1,1,-1,Decreasing trend
11,Cockroach Bay Aquatic Preserve,Dissolved Oxygen,Bottom,Field,TRUE,5005,29,1995,2025,1995-09-19T09:43:00Z,2025-11-25T08:25:00Z,4.17,TRUE,-0.03455,0.40293,-0.00589,5.33682,9.7488,0.5531,0.00816,-0.01978,0,0,0,No detectable trend
11,Cockroach Bay Aquatic Preserve,Dissolved Oxygen,Surface,Field,TRUE,17247,37,1989,2025,1989-04-19T00:00:00Z,2025-11-19T11:23:00Z,5.63,TRUE,-0.14905,0.00002,-0.02047,6.47297,11.0156,0.442,-0.01175,-0.02906,-1,0,-1,Decreasing trend
11,Cockroach Bay Aquatic Preserve,Dissolved Oxygen Saturation,All,Field,TRUE,11424,31,1993,2025,1993-09-20T10:50:00Z,2025-11-25T08:25:00Z,59.5,TRUE,-0.15554,0.00058,-0.32669,72.78276,9.7025,0.5573,-0.12964,-0.47349,-1,1,-1,Decreasing trend
11,Cockroach Bay Aquatic Preserve,Dissolved Oxygen Saturation,Bottom,Field,TRUE,4966,29,1995,2025,1995-09-19T09:43:00Z,2025-11-25T08:25:00Z,55.3,TRUE,-0.10598,0.02964,-0.18298,67.17597,5.1963,0.9213,-0.01119,-0.35141,-1,0,-1,Decreasing trend
11,Cockroach Bay Aquatic Preserve,Dissolved Oxygen Saturation,Surface,Field,TRUE,5229,31,1993,2025,1993-09-20T10:50:00Z,2025-11-19T11:23:00Z,62.3,TRUE,-0.09086,0.03792,-0.17628,71.14907,7.7725,0.7335,-0.00567,-0.36615,-1,0,-1,Decreasing trend
11,Cockroach Bay Aquatic Preserve,Salinity,All,All,TRUE,26193,41,1963,2025,1963-09-05T00:00:00Z,2025-11-25T08:25:00Z,12.3,TRUE,-0.22795,0,-0.19213,22.15758,5.9098,0.8793,-0.1378,-0.24797,-1,1,-1,Decreasing trend
11,Cockroach Bay Aquatic Preserve,Salinity,All,Field,TRUE,26193,41,1963,2025,1963-09-05T00:00:00Z,2025-11-25T08:25:00Z,12.3,TRUE,-0.22795,0,-0.19213,22.15758,5.9098,0.8793,-0.1378,-0.24797,-1,0,-1,Decreasing trend
11,Cockroach Bay Aquatic Preserve,Salinity,Bottom,All,TRUE,5007,29,1995,2025,1995-09-19T09:43:00Z,2025-11-25T08:25:00Z,7.46,TRUE,-0.31591,0,-0.37278,18.71383,4.0365,0.9688,-0.29123,-0.45829,-1,0,-1,Decreasing trend
11,Cockroach Bay Aquatic Preserve,Salinity,Bottom,Field,TRUE,5006,29,1995,2025,1995-09-19T09:43:00Z,2025-11-25T08:25:00Z,7.455,TRUE,-0.31658,0,-0.37042,18.67394,3.954,0.9712,-0.28807,-0.45675,-1,0,-1,Decreasing trend
11,Cockroach Bay Aquatic Preserve,Salinity,Surface,All,TRUE,17224,41,1963,2025,1963-09-05T00:00:00Z,2025-11-19T11:23:00Z,13.9,TRUE,-0.1915,0,-0.16309,21.52913,7.9884,0.7143,-0.10545,-0.21997,-1,0,-1,Decreasing trend
11,Cockroach Bay Aquatic Preserve,Salinity,Surface,Field,TRUE,17224,41,1963,2025,1963-09-05T00:00:00Z,2025-11-19T11:23:00Z,13.9,TRUE,-0.1915,0,-0.16309,21.52913,7.9884,0.7143,-0.10545,-0.21997,-1,0,-1,Decreasing trend
11,Cockroach Bay Aquatic Preserve,Secchi Depth,All,Field,TRUE,14701,31,1995,2025,1995-03-14T00:00:00Z,2025-11-25T08:26:00Z,-0.8,TRUE,-0.17209,0,-0.00519,-0.82832,19.4401,0.0536,-0.00296,-0.00754,-1,1,-1,Decreasing trend
11,Cockroach Bay Aquatic Preserve,Total Nitrogen,All,Lab,TRUE,1520,25,1999,2025,1999-01-20T11:05:00Z,2025-11-25T08:26:00Z,0.6195,TRUE,-0.04418,0.32302,-0.00168,0.62557,10.4306,0.4921,0.00158,-0.00556,0,1,0,No detectable trend
11,Cockroach Bay Aquatic Preserve,Total Nitrogen,Bottom,Lab,FALSE,85,6,2020,2025,2020-08-26T09:30:00Z,2025-11-25T08:26:00Z,0.533,,,,,,,,,,,0,2,Insufficient data
11,Cockroach Bay Aquatic Preserve,Total Nitrogen,Surface,Lab,TRUE,1389,25,1999,2025,1999-01-20T11:05:00Z,2025-11-19T11:21:00Z,0.62,TRUE,0.0023,0.93534,0.00025,0.59879,11.4568,0.4058,0.00396,-0.00416,0,0,0,No detectable trend
11,Cockroach Bay Aquatic Preserve,Total Phosphorus,All,Lab,TRUE,1429,25,1999,2025,1999-01-20T11:05:00Z,2025-11-25T08:26:00Z,0.21,TRUE,0.05429,0.19915,0.00094,0.18552,2.2944,0.9972,0.00224,-0.00062,0,1,0,No detectable trend
11,Cockroach Bay Aquatic Preserve,Total Phosphorus,Bottom,Lab,FALSE,97,6,2020,2025,2020-08-26T09:30:00Z,2025-11-25T08:26:00Z,0.151,,,,,,,,,,,0,2,Insufficient data
11,Cockroach Bay Aquatic Preserve,Total Phosphorus,Surface,Lab,TRUE,1286,25,1999,2025,1999-01-20T11:05:00Z,2025-11-19T11:21:00Z,0.213,TRUE,0.11252,0.00808,0.00213,0.18584,3.3157,0.9859,0.00362,0.00054,1,0,1,Increasing trend
11,Cockroach Bay Aquatic Preserve,Total Suspended Solids,All,Lab,TRUE,155,11,2000,2020,2000-06-07T14:15:00Z,2020-06-02T13:20:00Z,7,TRUE,-0.09872,0.13493,-0.33333,5.84286,14.1731,0.2236,0.0887,-0.65313,0,1,0,No detectable trend
11,Cockroach Bay Aquatic Preserve,Total Suspended Solids,Surface,Lab,TRUE,143,10,2000,2020,2000-06-07T14:15:00Z,2020-06-02T13:20:00Z,7,TRUE,0.04881,0.71449,-0.03846,3.32672,20.7403,0.0362,0.51364,-0.49353,0,0,0,No detectable trend
11,Cockroach Bay Aquatic Preserve,Turbidity,All,All,TRUE,1098,25,1999,2025,1999-01-20T11:05:00Z,2025-11-25T08:26:00Z,3.1,TRUE,-0.02904,0.50492,-0.00545,3.562,10.101,0.5213,0.00925,-0.02286,0,0,0,No detectable trend
11,Cockroach Bay Aquatic Preserve,Turbidity,All,Lab,TRUE,1098,25,1999,2025,1999-01-20T11:05:00Z,2025-11-25T08:26:00Z,3.1,TRUE,-0.02904,0.50492,-0.00545,3.562,10.101,0.5213,0.00925,-0.02286,0,1,0,No detectable trend
11,Cockroach Bay Aquatic Preserve,Turbidity,Bottom,All,FALSE,86,6,2020,2025,2020-08-26T09:30:00Z,2025-11-25T08:26:00Z,3.5,,,,,,,,,,,0,2,Insufficient data
11,Cockroach Bay Aquatic Preserve,Turbidity,Bottom,Lab,FALSE,86,6,2020,2025,2020-08-26T09:30:00Z,2025-11-25T08:26:00Z,3.5,,,,,,,,,,,0,2,Insufficient data
11,Cockroach Bay Aquatic Preserve,Turbidity,Surface,All,TRUE,966,25,1999,2025,1999-01-20T11:05:00Z,2025-11-19T11:21:00Z,3.2,TRUE,-0.19957,0,-0.04269,4.37385,17.6961,0.0889,-0.02466,-0.06373,-1,0,-1,Decreasing trend
11,Cockroach Bay Aquatic Preserve,Turbidity,Surface,Lab,TRUE,966,25,1999,2025,1999-01-20T11:05:00Z,2025-11-19T11:21:00Z,3.2,TRUE,-0.19957,0,-0.04269,4.37385,17.6961,0.0889,-0.02466,-0.06373,-1,0,-1,Decreasing trend
11,Cockroach Bay Aquatic Preserve,Water Temperature,All,Field,TRUE,26420,41,1963,2025,1963-09-05T00:00:00Z,2025-11-25T08:25:00Z,26.5,TRUE,0.04564,0.19998,0.01111,24.10361,6.3346,0.8501,0.02839,-0.00533,0,1,0,No detectable trend
11,Cockroach Bay Aquatic Preserve,Water Temperature,Bottom,Field,TRUE,5011,29,1995,2025,1995-09-19T09:43:00Z,2025-11-25T08:25:00Z,27.44,TRUE,-0.01185,0.79543,-0.00333,25.19803,10.3627,0.4981,0.01983,-0.02702,0,0,0,No detectable trend
11,Cockroach Bay Aquatic Preserve,Water Temperature,Surface,Field,TRUE,17429,41,1963,2025,1963-09-05T00:00:00Z,2025-11-19T11:23:00Z,26.3,TRUE,0.06115,0.09027,0.01326,24.5211,6.5653,0.8331,0.0295,-0.00276,0,0,0,No detectable trend
11,Cockroach Bay Aquatic Preserve,pH,All,Field,TRUE,25351,37,1989,2025,1989-04-19T00:00:00Z,2025-11-25T08:25:00Z,7.5,TRUE,-0.36188,0,-0.01274,7.86544,17.6189,0.0909,-0.01063,-0.01494,-1,1,-1,Decreasing trend
11,Cockroach Bay Aquatic Preserve,pH,Bottom,Field,TRUE,4510,29,1995,2025,1995-09-19T09:43:00Z,2025-11-25T08:25:00Z,7.28,TRUE,-0.25092,0,-0.01044,7.53106,4.3239,0.9595,-0.00708,-0.01374,-1,0,-1,Decreasing trend
11,Cockroach Bay Aquatic Preserve,pH,Surface,Field,TRUE,16896,37,1989,2025,1989-04-19T00:00:00Z,2025-11-19T11:23:00Z,7.6,TRUE,-0.33538,0,-0.01119,7.84162,16.0598,0.1389,-0.00918,-0.01347,-1,0,-1,Decreasing trend
13,Coupon Bight Aquatic Preserve,"Chlorophyll a, Corrected for Pheophytin",All,Lab,FALSE,113,7,2019,2025,2019-09-16T06:30:00Z,2025-10-07T11:53:00Z,0.89,,,,,,,,,,,1,2,Insufficient data
13,Coupon Bight Aquatic Preserve,"Chlorophyll a, Corrected for Pheophytin",Surface,Lab,FALSE,109,7,2019,2025,2019-09-16T06:30:00Z,2025-10-07T11:53:00Z,0.89,,,,,,,,,,,0,2,Insufficient data
13,Coupon Bight Aquatic Preserve,"Chlorophyll a, Uncorrected for Pheophytin",All,Lab,TRUE,173,24,1995,2025,1995-03-23T00:00:00Z,2025-10-07T11:53:00Z,0.6,TRUE,0.43574,0,0.01651,0.07295,3.6418,0.9793,0.02057,0.01146,1,1,1,Increasing trend
13,Coupon Bight Aquatic Preserve,"Chlorophyll a, Uncorrected for Pheophytin",Surface,Lab,TRUE,169,24,1995,2025,1995-03-23T00:00:00Z,2025-10-07T11:53:00Z,0.6,TRUE,0.43574,0,0.01651,0.07295,3.6418,0.9793,0.02057,0.01146,1,0,1,Increasing trend
13,Coupon Bight Aquatic Preserve,Dissolved Oxygen,All,Field,TRUE,195,21,1995,2025,1995-03-23T00:00:00Z,2025-07-29T08:52:00Z,5.99012,TRUE,-0.19744,0.01746,-0.036,6.29855,11.3869,0.4114,-0.00418,-0.05841,-1,1,-1,Decreasing trend
13,Coupon Bight Aquatic Preserve,Dissolved Oxygen,Bottom,Field,TRUE,79,20,1995,2025,1995-03-23T00:00:00Z,2025-07-29T08:52:00Z,6.02372,TRUE,-0.08718,0.36968,-0.01176,6.24815,11.0512,0.439,0.02106,-0.04981,0,0,0,No detectable trend
13,Coupon Bight Aquatic Preserve,Dissolved Oxygen,Surface,Field,TRUE,114,21,1995,2025,1995-03-23T00:00:00Z,2025-06-26T08:49:00Z,5.85,TRUE,-0.20466,0.01347,-0.03652,6.3406,7.8415,0.7274,-0.00791,-0.06334,-1,0,-1,Decreasing trend
13,Coupon Bight Aquatic Preserve,Dissolved Oxygen Saturation,All,Field,TRUE,245,23,1995,2025,1995-03-23T00:00:00Z,2025-10-07T11:53:00Z,93.61987,TRUE,-0.01157,0.83923,-0.04099,93.86602,17.4724,0.0947,0.34113,-0.2514,0,1,0,No detectable trend
13,Coupon Bight Aquatic Preserve,Dissolved Oxygen Saturation,Bottom,Field,TRUE,77,20,1995,2025,1995-03-23T00:00:00Z,2025-07-29T08:52:00Z,92,TRUE,-0.08684,0.34179,-0.18947,94.08626,13.0344,0.2911,0.19682,-0.69683,0,0,0,No detectable trend
13,Coupon Bight Aquatic Preserve,Dissolved Oxygen Saturation,Surface,Field,TRUE,168,23,1995,2025,1995-03-23T00:00:00Z,2025-10-07T11:53:00Z,94.04355,TRUE,0.0421,0.7356,0.05625,94.48036,12.122,0.3545,0.38394,-0.21327,0,0,0,No detectable trend
13,Coupon Bight Aquatic Preserve,Salinity,All,All,TRUE,249,23,1995,2025,1995-03-23T00:00:00Z,2025-07-29T08:52:00Z,36.7483,TRUE,0.26905,0.00009,0.03678,36.16747,22.0787,0.0238,0.06001,0.01666,1,1,1,Increasing trend
13,Coupon Bight Aquatic Preserve,Salinity,All,Field,TRUE,249,23,1995,2025,1995-03-23T00:00:00Z,2025-07-29T08:52:00Z,36.7483,TRUE,0.26905,0.00009,0.03678,36.16747,22.0787,0.0238,0.06001,0.01666,1,0,1,Increasing trend
13,Coupon Bight Aquatic Preserve,Salinity,Bottom,All,TRUE,79,20,1995,2025,1995-03-23T00:00:00Z,2025-07-29T08:52:00Z,36.6401,TRUE,0.3732,0.00072,0.03743,36.42796,13.8354,0.2422,0.05283,0.01307,1,0,1,Increasing trend
13,Coupon Bight Aquatic Preserve,Salinity,Bottom,Field,TRUE,79,20,1995,2025,1995-03-23T00:00:00Z,2025-07-29T08:52:00Z,36.6401,TRUE,0.3732,0.00072,0.03743,36.42796,13.8354,0.2422,0.05283,0.01307,1,0,1,Increasing trend
13,Coupon Bight Aquatic Preserve,Salinity,Surface,All,TRUE,168,23,1995,2025,1995-03-23T00:00:00Z,2025-06-26T08:49:00Z,36.85,TRUE,0.26571,0.00014,0.03757,36.25031,23.0763,0.0172,0.06363,0.01847,1,0,1,Increasing trend
13,Coupon Bight Aquatic Preserve,Salinity,Surface,Field,TRUE,168,23,1995,2025,1995-03-23T00:00:00Z,2025-06-26T08:49:00Z,36.85,TRUE,0.26571,0.00014,0.03757,36.25031,23.0763,0.0172,0.06363,0.01847,1,0,1,Increasing trend
13,Coupon Bight Aquatic Preserve,Secchi Depth,All,Field,FALSE,4,1,2000,2000,2000-01-18T00:00:00Z,2000-06-06T00:00:00Z,-1.45,,,,,,,,,,,1,2,Insufficient data
13,Coupon Bight Aquatic Preserve,Total Nitrogen,All,Lab,TRUE,219,24,1995,2025,1995-03-23T00:00:00Z,2025-10-07T11:53:00Z,0.264,TRUE,0.27519,0.00012,0.00515,0.19234,5.165,0.9229,0.00693,0.00269,1,1,1,Increasing trend
13,Coupon Bight Aquatic Preserve,Total Nitrogen,Bottom,Lab,FALSE,19,2,2024,2025,2024-01-11T09:46:00Z,2025-07-29T09:02:00Z,0.205,,,,,,,,,,,0,2,Insufficient data
13,Coupon Bight Aquatic Preserve,Total Nitrogen,Surface,Lab,TRUE,196,24,1995,2025,1995-03-23T00:00:00Z,2025-10-07T11:53:00Z,0.28883,TRUE,0.31161,0.00001,0.00558,0.18216,4.7403,0.9431,0.00737,0.00343,1,0,1,Increasing trend
13,Coupon Bight Aquatic Preserve,Total Phosphorus,All,Lab,TRUE,217,24,1995,2025,1995-03-23T00:00:00Z,2025-10-07T11:53:00Z,0.008,TRUE,0.38545,0,0.00019,0.00271,4.4449,0.9551,0.00033,0.00011,1,1,1,Increasing trend
13,Coupon Bight Aquatic Preserve,Total Phosphorus,Bottom,Lab,FALSE,19,2,2024,2025,2024-01-11T09:46:00Z,2025-07-29T09:02:00Z,0.05,,,,,,,,,,,0,2,Insufficient data
13,Coupon Bight Aquatic Preserve,Total Phosphorus,Surface,Lab,TRUE,194,24,1995,2025,1995-03-23T00:00:00Z,2025-10-07T11:53:00Z,0.007,TRUE,0.3528,0,0.00016,0.00424,4.395,0.9569,0.00026,0.00009,1,0,1,Increasing trend
13,Coupon Bight Aquatic Preserve,Turbidity,All,All,TRUE,228,24,1995,2025,1995-03-23T00:00:00Z,2025-10-07T11:53:00Z,0.65,TRUE,-0.07229,0.42627,-0.00277,0.9138,12.7861,0.3075,0.00445,-0.0125,0,0,0,No detectable trend
13,Coupon Bight Aquatic Preserve,Turbidity,All,Field,TRUE,80,19,1995,2025,1995-03-23T00:00:00Z,2025-06-26T08:58:00Z,0.6875,TRUE,0.11373,0.28178,0.01647,0.5871,8.2345,0.6922,0.03368,-0.00902,0,0,0,No detectable trend
13,Coupon Bight Aquatic Preserve,Turbidity,All,Lab,FALSE,148,7,2019,2025,2019-09-16T06:30:00Z,2025-10-07T11:53:00Z,0.65,,,,,,,,,,,1,2,Insufficient data
13,Coupon Bight Aquatic Preserve,Turbidity,Bottom,All,FALSE,30,7,1995,2025,1995-07-28T00:00:00Z,2025-07-29T09:02:00Z,0.5939,,,,,,,,,,,0,2,Insufficient data
13,Coupon Bight Aquatic Preserve,Turbidity,Bottom,Field,FALSE,12,5,1995,2010,1995-07-28T00:00:00Z,2010-07-12T00:00:00Z,0.93316,,,,,,,,,,,0,2,Insufficient data
13,Coupon Bight Aquatic Preserve,Turbidity,Bottom,Lab,FALSE,18,2,2024,2025,2024-01-11T09:46:00Z,2025-07-29T09:02:00Z,0.4,,,,,,,,,,,0,2,Insufficient data
13,Coupon Bight Aquatic Preserve,Turbidity,Surface,All,TRUE,194,24,1995,2025,1995-03-23T00:00:00Z,2025-10-07T11:53:00Z,0.65038,TRUE,-0.06662,0.48147,-0.00316,0.89419,13.9695,0.2347,0.00526,-0.01252,0,0,0,No detectable trend
13,Coupon Bight Aquatic Preserve,Turbidity,Surface,Field,TRUE,68,19,1995,2025,1995-03-23T00:00:00Z,2025-06-26T08:58:00Z,0.6725,TRUE,0.07451,0.50522,0.01107,0.5871,8.629,0.6561,0.0279,-0.01114,0,0,0,No detectable trend
13,Coupon Bight Aquatic Preserve,Turbidity,Surface,Lab,FALSE,126,7,2019,2025,2019-09-16T06:30:00Z,2025-10-07T11:53:00Z,0.65,,,,,,,,,,,0,2,Insufficient data
13,Coupon Bight Aquatic Preserve,Water Temperature,All,Field,TRUE,290,28,1995,2025,1995-03-23T00:00:00Z,2025-10-07T11:53:00Z,28.55,TRUE,-0.01614,0.60829,-0.00569,27.0863,8.1236,0.7022,0.02557,-0.03198,0,1,0,No detectable trend
13,Coupon Bight Aquatic Preserve,Water Temperature,Bottom,Field,TRUE,84,24,1995,2025,1995-03-23T00:00:00Z,2025-07-29T08:52:00Z,28.43185,TRUE,-0.08112,0.27173,-0.02619,27.65939,12.4918,0.3278,0.01678,-0.06888,0,0,0,No detectable trend
13,Coupon Bight Aquatic Preserve,Water Temperature,Surface,Field,TRUE,204,28,1995,2025,1995-03-23T00:00:00Z,2025-10-07T11:53:00Z,28.75,TRUE,0.01548,0.98321,-0.00023,27.2064,7.4644,0.7603,0.0305,-0.02879,0,0,0,No detectable trend
13,Coupon Bight Aquatic Preserve,pH,All,Field,FALSE,148,7,2000,2025,2000-01-18T00:00:00Z,2025-10-07T11:53:00Z,8.03,,,,,,,,,,,1,2,Insufficient data
13,Coupon Bight Aquatic Preserve,pH,Bottom,Field,FALSE,21,3,2020,2025,2020-08-03T16:15:00Z,2025-07-29T08:52:00Z,8.11,,,,,,,,,,,0,2,Insufficient data
13,Coupon Bight Aquatic Preserve,pH,Surface,Field,FALSE,125,7,2000,2025,2000-01-18T00:00:00Z,2025-10-07T11:53:00Z,8.02,,,,,,,,,,,0,2,Insufficient data
14,Estero Bay Aquatic Preserve,"Chlorophyll a, Corrected for Pheophytin",All,Lab,TRUE,2673,23,2003,2025,2003-09-10T00:00:00Z,2025-12-01T07:25:00Z,2.5,TRUE,-0.34603,0,-0.15583,5.78833,10.3337,0.5006,-0.11999,-0.19608,-1,1,-1,Decreasing trend
14,Estero Bay Aquatic Preserve,"Chlorophyll a, Corrected for Pheophytin",Bottom,Lab,FALSE,189,9,2017,2025,2017-11-06T06:00:00Z,2025-12-01T07:05:00Z,3.5,,,,,,,,,,,0,2,Insufficient data
14,Estero Bay Aquatic Preserve,"Chlorophyll a, Corrected for Pheophytin",Surface,Lab,TRUE,2478,23,2003,2025,2003-09-10T00:00:00Z,2025-12-01T07:25:00Z,2.4,TRUE,-0.37213,0,-0.17192,5.89638,8.6335,0.6557,-0.13083,-0.21479,-1,0,-1,Decreasing trend
14,Estero Bay Aquatic Preserve,"Chlorophyll a, Uncorrected for Pheophytin",All,Lab,TRUE,1186,26,1998,2025,1998-08-03T00:00:00Z,2025-12-01T07:25:00Z,4.4,TRUE,0.12907,0.00469,0.0457,4.21936,6.2887,0.8534,0.08122,0.0176,1,1,1,Increasing trend
14,Estero Bay Aquatic Preserve,"Chlorophyll a, Uncorrected for Pheophytin",Bottom,Lab,FALSE,191,9,2017,2025,2017-11-06T06:00:00Z,2025-12-01T07:05:00Z,4.3,,,,,,,,,,,0,2,Insufficient data
14,Estero Bay Aquatic Preserve,"Chlorophyll a, Uncorrected for Pheophytin",Surface,Lab,TRUE,994,26,1998,2025,1998-08-03T00:00:00Z,2025-12-01T07:25:00Z,4.4014,TRUE,0.15408,0.0007,0.07198,4.2337,12.4773,0.3289,0.11071,0.02924,1,0,1,Increasing trend
14,Estero Bay Aquatic Preserve,Colored Dissolved Organic Matter,All,Lab,TRUE,2288,18,2003,2025,2003-09-10T00:00:00Z,2025-12-01T07:25:00Z,14,TRUE,0.15167,0.01495,0.21888,13.46259,11.6671,0.3892,0.38073,0.04122,1,1,1,Increasing trend
14,Estero Bay Aquatic Preserve,Colored Dissolved Organic Matter,Bottom,Lab,FALSE,190,9,2017,2025,2017-11-06T06:00:00Z,2025-12-01T07:05:00Z,7.5,,,,,,,,,,,0,2,Insufficient data
14,Estero Bay Aquatic Preserve,Colored Dissolved Organic Matter,Surface,Lab,TRUE,2094,18,2003,2025,2003-09-10T00:00:00Z,2025-12-01T07:25:00Z,14.65,TRUE,0.18431,0.00274,0.27418,13.52221,12.0823,0.3575,0.45964,0.09638,1,0,1,Increasing trend
14,Estero Bay Aquatic Preserve,Dissolved Oxygen,All,Field,TRUE,11723,36,1971,2025,1971-06-04T00:00:00Z,2025-12-01T07:25:00Z,5.76,TRUE,-0.05276,0.13337,-0.00621,5.69619,11.9384,0.3683,0.00212,-0.01483,0,1,0,No detectable trend
14,Estero Bay Aquatic Preserve,Dissolved Oxygen,Bottom,Field,TRUE,781,26,1999,2025,1999-01-27T00:00:00Z,2025-12-01T07:05:00Z,5.27,TRUE,-0.42758,0,-0.09113,6.59315,6.9188,0.8056,-0.07587,-0.10509,-1,0,-1,Decreasing trend
14,Estero Bay Aquatic Preserve,Dissolved Oxygen,Surface,Field,TRUE,10463,36,1971,2025,1971-06-04T00:00:00Z,2025-12-01T07:25:00Z,5.8,TRUE,-0.009,0.81335,-0.00069,5.46391,12.2088,0.3482,0.00837,-0.00864,0,0,0,No detectable trend
14,Estero Bay Aquatic Preserve,Dissolved Oxygen Saturation,All,Field,TRUE,3076,14,2011,2025,2011-09-15T00:00:00Z,2025-12-01T07:25:00Z,81.65,TRUE,-0.12443,0.06657,-0.44886,78.12872,8.5248,0.6657,0.06221,-0.82668,0,1,0,No detectable trend
14,Estero Bay Aquatic Preserve,Dissolved Oxygen Saturation,Bottom,Field,TRUE,246,11,2015,2025,2015-03-23T10:30:00Z,2025-12-01T07:05:00Z,62,TRUE,-0.00397,0.89256,-0.11333,58.24381,6.1149,0.8656,0.8985,-1.09121,0,0,0,No detectable trend
14,Estero Bay Aquatic Preserve,Dissolved Oxygen Saturation,Surface,Field,TRUE,2767,14,2011,2025,2011-09-15T00:00:00Z,2025-12-01T07:25:00Z,83.1,TRUE,-0.13793,0.05317,-0.53484,79.78462,9.3033,0.5939,0.00253,-0.94137,0,0,0,No detectable trend
14,Estero Bay Aquatic Preserve,Salinity,All,All,TRUE,5375,35,1963,2025,1963-12-03T00:00:00Z,2025-12-01T07:25:00Z,32.2,TRUE,-0.26936,0,-0.14915,35.36244,8.5251,0.6656,-0.11067,-0.19331,-1,1,-1,Decreasing trend
14,Estero Bay Aquatic Preserve,Salinity,All,Field,TRUE,5375,35,1963,2025,1963-12-03T00:00:00Z,2025-12-01T07:25:00Z,32.2,TRUE,-0.26936,0,-0.14915,35.36244,8.5251,0.6656,-0.11067,-0.19331,-1,0,-1,Decreasing trend
14,Estero Bay Aquatic Preserve,Salinity,Bottom,All,TRUE,868,27,1999,2025,1999-01-27T00:00:00Z,2025-12-01T07:05:00Z,33.16,TRUE,-0.27394,0,-0.13208,34.57791,7.3447,0.7705,-0.09142,-0.18156,-1,0,-1,Decreasing trend
14,Estero Bay Aquatic Preserve,Salinity,Bottom,Field,TRUE,868,27,1999,2025,1999-01-27T00:00:00Z,2025-12-01T07:05:00Z,33.16,TRUE,-0.27394,0,-0.13208,34.57791,7.3447,0.7705,-0.09142,-0.18156,-1,0,-1,Decreasing trend
14,Estero Bay Aquatic Preserve,Salinity,Surface,All,TRUE,4137,35,1963,2025,1963-12-03T00:00:00Z,2025-12-01T07:25:00Z,31.6,TRUE,-0.38445,0,-0.30667,43.03561,8.8258,0.638,-0.23733,-0.3764,-1,0,-1,Decreasing trend
14,Estero Bay Aquatic Preserve,Salinity,Surface,Field,TRUE,4137,35,1963,2025,1963-12-03T00:00:00Z,2025-12-01T07:25:00Z,31.6,TRUE,-0.38445,0,-0.30667,43.03561,8.8258,0.638,-0.23733,-0.3764,-1,0,-1,Decreasing trend
14,Estero Bay Aquatic Preserve,Secchi Depth,All,Field,TRUE,3366,28,1998,2025,1998-03-02T00:00:00Z,2025-12-01T07:25:00Z,-0.9,TRUE,-0.01328,0.71085,-0.00045,-1.04754,20.2875,0.0416,0.00269,-0.00435,0,1,0,No detectable trend
14,Estero Bay Aquatic Preserve,Total Nitrogen,All,Lab,TRUE,8274,35,1991,2025,1991-02-27T09:30:00Z,2025-12-01T07:25:00Z,0.6535,TRUE,0.34331,0,0.01381,0.42027,14.6185,0.2006,0.0158,0.01134,1,1,1,Increasing trend
14,Estero Bay Aquatic Preserve,Total Nitrogen,Bottom,Lab,FALSE,186,9,2017,2025,2017-11-06T06:00:00Z,2025-12-01T07:05:00Z,0.5365,,,,,,,,,,,0,2,Insufficient data
14,Estero Bay Aquatic Preserve,Total Nitrogen,Surface,Lab,TRUE,8078,35,1991,2025,1991-02-27T09:30:00Z,2025-12-01T07:25:00Z,0.66,TRUE,0.35842,0,0.01484,0.40412,12.3032,0.3413,0.017,0.01237,1,0,1,Increasing trend
14,Estero Bay Aquatic Preserve,Total Phosphorus,All,Lab,TRUE,8279,35,1991,2025,1991-02-27T09:30:00Z,2025-12-01T07:25:00Z,0.041,TRUE,-0.2034,0,-0.00069,0.05712,9.2716,0.5968,-0.00044,-0.00093,-1,1,-1,Decreasing trend
14,Estero Bay Aquatic Preserve,Total Phosphorus,Bottom,Lab,FALSE,192,9,2017,2025,2017-11-06T06:00:00Z,2025-12-01T07:05:00Z,0.046,,,,,,,,,,,0,2,Insufficient data
14,Estero Bay Aquatic Preserve,Total Phosphorus,Surface,Lab,TRUE,8078,35,1991,2025,1991-02-27T09:30:00Z,2025-12-01T07:25:00Z,0.041,TRUE,-0.20548,0,-0.00071,0.05762,9.0623,0.6161,-0.00048,-0.00095,-1,0,-1,Decreasing trend
14,Estero Bay Aquatic Preserve,Total Suspended Solids,All,Lab,TRUE,5741,34,1992,2025,1992-04-15T12:01:00Z,2025-11-20T09:09:00Z,13.5,TRUE,-0.03399,0.32339,-0.05312,17.44384,15.4091,0.1645,0.0454,-0.17907,0,1,0,No detectable trend
14,Estero Bay Aquatic Preserve,Total Suspended Solids,Bottom,Lab,FALSE,4,1,2023,2023,2023-02-14T10:40:00Z,2023-12-20T11:35:00Z,4.5,,,,,,,,,,,0,2,Insufficient data
14,Estero Bay Aquatic Preserve,Total Suspended Solids,Surface,Lab,TRUE,5728,34,1992,2025,1992-04-15T12:01:00Z,2025-11-20T09:09:00Z,13.5,TRUE,-0.03279,0.34089,-0.05021,17.47682,15.3228,0.1682,0.04717,-0.17825,0,0,0,No detectable trend
14,Estero Bay Aquatic Preserve,Turbidity,All,All,TRUE,8409,35,1991,2025,1991-02-27T09:30:00Z,2025-12-01T07:25:00Z,3.51,TRUE,0.17792,0,0.04839,3.40713,5.9219,0.8785,0.06792,0.03029,1,0,1,Increasing trend
14,Estero Bay Aquatic Preserve,Turbidity,All,Field,TRUE,5069,35,1991,2025,1991-02-27T09:30:00Z,2025-06-19T10:30:00Z,3.2,TRUE,0.14214,0.00009,0.04518,3.22636,14.3195,0.2158,0.06781,0.02044,1,0,1,Increasing trend
14,Estero Bay Aquatic Preserve,Turbidity,All,Lab,TRUE,3340,28,1998,2025,1998-12-07T00:00:00Z,2025-12-01T07:25:00Z,4.09,TRUE,0.07882,0.0414,0.02751,4.46874,10.5731,0.4797,0.05386,0.00062,1,1,1,Increasing trend
14,Estero Bay Aquatic Preserve,Turbidity,Bottom,All,FALSE,194,9,2017,2025,2017-11-06T06:00:00Z,2025-12-01T07:05:00Z,4.8,,,,,,,,,,,0,2,Insufficient data
14,Estero Bay Aquatic Preserve,Turbidity,Bottom,Field,FALSE,2,2,2024,2025,2024-09-03T06:45:00Z,2025-04-07T07:11:00Z,7.5,,,,,,,,,,,0,2,Insufficient data
14,Estero Bay Aquatic Preserve,Turbidity,Bottom,Lab,FALSE,192,9,2017,2025,2017-11-06T06:00:00Z,2025-12-01T07:05:00Z,4.8,,,,,,,,,,,0,2,Insufficient data
14,Estero Bay Aquatic Preserve,Turbidity,Surface,All,TRUE,8208,35,1991,2025,1991-02-27T09:30:00Z,2025-12-01T07:25:00Z,3.5,TRUE,0.16508,0,0.04488,3.53791,6.1604,0.8625,0.0654,0.02692,1,0,1,Increasing trend
14,Estero Bay Aquatic Preserve,Turbidity,Surface,Field,TRUE,5064,35,1991,2025,1991-02-27T09:30:00Z,2025-06-19T10:30:00Z,3.2,TRUE,0.14147,0.0001,0.0449,3.22636,14.3692,0.2132,0.06788,0.02022,1,0,1,Increasing trend
14,Estero Bay Aquatic Preserve,Turbidity,Surface,Lab,TRUE,3144,28,1998,2025,1998-12-07T00:00:00Z,2025-12-01T07:25:00Z,4.0125,TRUE,0.05885,0.12761,0.02064,4.45977,9.9889,0.5314,0.04621,-0.00563,0,0,0,No detectable trend
14,Estero Bay Aquatic Preserve,Water Temperature,All,Field,TRUE,11361,40,1963,2025,1963-12-03T00:00:00Z,2025-12-01T07:25:00Z,26,TRUE,0.0843,0.01355,0.01481,25.19902,8.0263,0.7109,0.02851,0.00309,1,1,1,Increasing trend
14,Estero Bay Aquatic Preserve,Water Temperature,Bottom,Field,TRUE,880,27,1999,2025,1999-01-27T00:00:00Z,2025-12-01T07:05:00Z,24.86,TRUE,0.0026,0.98839,0,25.65045,11.4965,0.4027,0.03186,-0.02827,0,0,0,No detectable trend
14,Estero Bay Aquatic Preserve,Water Temperature,Surface,Field,TRUE,9998,40,1963,2025,1963-12-03T00:00:00Z,2025-12-01T07:25:00Z,26,TRUE,0.09505,0.00528,0.01739,25.01228,6.8034,0.8148,0.03123,0.00539,1,0,1,Increasing trend
14,Estero Bay Aquatic Preserve,pH,All,Field,TRUE,11094,35,1991,2025,1991-02-27T09:30:00Z,2025-12-01T07:25:00Z,7.9,TRUE,-0.22011,0,-0.00465,7.90354,8.196,0.6956,-0.00329,-0.00581,-1,1,-1,Decreasing trend
14,Estero Bay Aquatic Preserve,pH,Bottom,Field,TRUE,487,18,2003,2025,2003-07-31T00:00:00Z,2025-12-01T07:05:00Z,7.89,TRUE,-0.11583,0.03493,-0.00587,7.94241,14.3953,0.2119,-0.00062,-0.01058,-1,0,-1,Decreasing trend
14,Estero Bay Aquatic Preserve,pH,Surface,Field,TRUE,10125,35,1991,2025,1991-02-27T09:30:00Z,2025-12-01T07:25:00Z,7.9,TRUE,-0.23419,0,-0.00492,7.89504,7.8331,0.7282,-0.00368,-0.00609,-1,0,-1,Decreasing trend
15,Florida Keys National Marine Sanctuary,"Chlorophyll a, Corrected for Pheophytin",All,Lab,TRUE,2204,18,2004,2025,2004-10-06T13:10:00Z,2025-12-29T12:23:00Z,0.6725,TRUE,0.18959,0.00107,0.02539,0.38484,5.9926,0.8739,0.04161,0.00726,1,1,1,Increasing trend
15,Florida Keys National Marine Sanctuary,"Chlorophyll a, Corrected for Pheophytin",Bottom,Lab,FALSE,244,5,2011,2022,2011-09-20T10:30:00Z,2022-09-21T12:10:00Z,0.439,,,,,,,,,,,0,2,Insufficient data
15,Florida Keys National Marine Sanctuary,"Chlorophyll a, Corrected for Pheophytin",Surface,Lab,TRUE,1956,18,2004,2025,2004-10-06T13:10:00Z,2025-12-29T12:23:00Z,0.7675,TRUE,0.1894,0.00107,0.025,0.46431,6.0944,0.867,0.04161,0.00717,1,0,1,Increasing trend
15,Florida Keys National Marine Sanctuary,"Chlorophyll a, Uncorrected for Pheophytin",All,Lab,TRUE,21260,37,1989,2025,1989-12-08T00:00:00Z,2025-12-29T12:23:00Z,0.29944,TRUE,0.06134,0.0822,0.00217,0.42614,9.3898,0.586,0.00459,-0.00026,0,1,0,No detectable trend
15,Florida Keys National Marine Sanctuary,"Chlorophyll a, Uncorrected for Pheophytin",Bottom,Lab,FALSE,18,3,2011,2022,2011-01-18T00:00:00Z,2022-09-21T12:10:00Z,0.43922,,,,,,,,,,,0,2,Insufficient data
15,Florida Keys National Marine Sanctuary,"Chlorophyll a, Uncorrected for Pheophytin",Surface,Lab,TRUE,21190,37,1989,2025,1989-12-08T00:00:00Z,2025-12-29T12:23:00Z,0.29908,TRUE,0.06161,0.08071,0.00222,0.41995,9.4434,0.581,0.00459,-0.00026,0,0,0,No detectable trend
15,Florida Keys National Marine Sanctuary,Colored Dissolved Organic Matter,All,Lab,TRUE,1040,25,2001,2025,2001-01-22T00:00:00Z,2025-01-30T15:19:59Z,6,TRUE,0.22506,0.0011,0.09249,5.5569,13.2703,0.276,0.13536,0.03704,1,1,1,Increasing trend
15,Florida Keys National Marine Sanctuary,Colored Dissolved Organic Matter,Surface,Lab,TRUE,1040,25,2001,2025,2001-01-22T00:00:00Z,2025-01-30T15:19:59Z,6,TRUE,0.22506,0.0011,0.09249,5.5569,13.2703,0.276,0.13536,0.03704,1,0,1,Increasing trend
15,Florida Keys National Marine Sanctuary,Dissolved Oxygen,All,Field,TRUE,54647,37,1989,2025,1989-08-22T00:00:00Z,2025-12-03T10:03:37Z,6.3,TRUE,-0.03204,0.34367,-0.00234,6.34858,15.562,0.1582,0.00208,-0.0068,0,1,0,No detectable trend
15,Florida Keys National Marine Sanctuary,Dissolved Oxygen,Bottom,Field,TRUE,17631,35,1991,2025,1991-03-14T00:00:00Z,2025-07-29T12:46:00Z,6.25555,TRUE,0.06452,0.07293,0.00526,6.17406,15.8609,0.1464,0.0111,-0.00044,0,0,0,No detectable trend
15,Florida Keys National Marine Sanctuary,Dissolved Oxygen,Surface,Field,TRUE,30116,37,1989,2025,1989-08-22T00:00:00Z,2025-12-03T10:02:44Z,6.29555,TRUE,-0.04091,0.22856,-0.00265,6.32139,11.6124,0.3935,0.00189,-0.00687,0,0,0,No detectable trend
15,Florida Keys National Marine Sanctuary,Dissolved Oxygen Saturation,All,Field,TRUE,30525,31,1995,2025,1995-03-22T00:00:00Z,2025-12-29T12:23:00Z,94.74641,TRUE,0.18002,0.00001,0.171,92.19177,10.0005,0.5303,0.26977,0.08961,1,1,1,Increasing trend
15,Florida Keys National Marine Sanctuary,Dissolved Oxygen Saturation,Bottom,Field,TRUE,14231,30,1995,2025,1995-03-22T00:00:00Z,2025-07-29T12:46:00Z,94.69646,TRUE,0.17269,0.00008,0.20383,91.31834,10.1165,0.5199,0.32771,0.08859,1,0,1,Increasing trend
15,Florida Keys National Marine Sanctuary,Dissolved Oxygen Saturation,Surface,Field,TRUE,15641,31,1995,2025,1995-03-22T00:00:00Z,2025-12-29T12:23:00Z,94.74501,TRUE,0.21021,0,0.20249,91.76684,9.5249,0.5736,0.2804,0.12287,1,0,1,Increasing trend
15,Florida Keys National Marine Sanctuary,Salinity,All,All,TRUE,61634,48,1955,2025,1955-07-26T00:00:00Z,2025-12-03T10:03:37Z,36.0983,TRUE,0.10637,0.00139,0.0372,33.46451,8.4734,0.6704,0.06168,0.01426,1,1,1,Increasing trend
15,Florida Keys National Marine Sanctuary,Salinity,All,Field,TRUE,61560,48,1955,2025,1955-07-26T00:00:00Z,2025-12-03T10:03:37Z,36.09925,TRUE,0.10683,0.00132,0.03729,33.44807,8.1587,0.699,0.06172,0.01394,1,0,1,Increasing trend
15,Florida Keys National Marine Sanctuary,Salinity,All,Lab,FALSE,74,3,2010,2016,2010-01-06T09:22:00Z,2016-07-13T09:38:00Z,30.2,,,,,,,,,,,0,2,Insufficient data
15,Florida Keys National Marine Sanctuary,Salinity,Bottom,All,TRUE,19269,35,1991,2025,1991-05-01T00:00:00Z,2025-07-29T12:46:00Z,36.1764,TRUE,0.32265,0,0.10155,33.55397,15.1938,0.1738,0.13115,0.07727,1,0,1,Increasing trend
15,Florida Keys National Marine Sanctuary,Salinity,Bottom,Field,TRUE,19219,35,1991,2025,1991-05-01T00:00:00Z,2025-07-29T12:46:00Z,36.18,TRUE,0.3291,0,0.10156,33.56334,15.2953,0.1694,0.13113,0.07731,1,0,1,Increasing trend
15,Florida Keys National Marine Sanctuary,Salinity,Bottom,Lab,FALSE,50,3,2010,2016,2010-01-06T09:22:00Z,2016-07-13T09:37:00Z,28.045,,,,,,,,,,,0,2,Insufficient data
15,Florida Keys National Marine Sanctuary,Salinity,Surface,All,TRUE,35659,48,1955,2025,1955-08-22T00:00:00Z,2025-12-03T10:02:44Z,36.06,TRUE,0.12341,0.0002,0.04479,33.64363,6.9287,0.8048,0.07213,0.0223,1,0,1,Increasing trend
15,Florida Keys National Marine Sanctuary,Salinity,Surface,Field,TRUE,35635,48,1955,2025,1955-08-22T00:00:00Z,2025-12-03T10:02:44Z,36.06,TRUE,0.1239,0.00019,0.04523,33.64363,6.8663,0.8098,0.07243,0.02234,1,0,1,Increasing trend
15,Florida Keys National Marine Sanctuary,Salinity,Surface,Lab,FALSE,24,2,2011,2016,2011-08-03T08:50:00Z,2016-07-13T09:38:00Z,36.425,,,,,,,,,,,0,2,Insufficient data
15,Florida Keys National Marine Sanctuary,Secchi Depth,All,Field,TRUE,5159,30,1996,2025,1996-08-10T00:00:00Z,2025-05-17T00:00:00Z,-2.13363,TRUE,0.03805,0.35786,0.00416,-2.48512,8.0029,0.713,0.01214,-0.0049,0,1,0,No detectable trend
15,Florida Keys National Marine Sanctuary,Total Nitrogen,All,Lab,TRUE,37584,37,1989,2025,1989-07-25T00:00:00Z,2025-12-29T12:23:00Z,0.14772,TRUE,-0.21918,0,-0.00359,0.26455,5.2708,0.9173,-0.00241,-0.00485,-1,1,-1,Decreasing trend
15,Florida Keys National Marine Sanctuary,Total Nitrogen,Bottom,Lab,TRUE,9026,30,1995,2025,1995-03-22T00:00:00Z,2025-07-29T12:52:00Z,0.13197,TRUE,0.01493,0.80785,0.0001,0.14447,3.4867,0.9826,0.001,-0.00071,0,0,0,No detectable trend
15,Florida Keys National Marine Sanctuary,Total Nitrogen,Surface,Lab,TRUE,26757,37,1989,2025,1989-07-25T00:00:00Z,2025-12-29T12:23:00Z,0.16333,TRUE,-0.19434,0,-0.00325,0.25849,5.7522,0.8894,-0.00201,-0.00447,-1,0,-1,Decreasing trend
15,Florida Keys National Marine Sanctuary,Total Phosphorus,All,Lab,TRUE,33102,40,1985,2025,1985-12-09T00:00:00Z,2025-12-29T12:23:00Z,0.00595,TRUE,-0.03621,0.28651,-0.00002,0.00678,12.6188,0.319,0.00001,-0.00005,0,1,0,No detectable trend
15,Florida Keys National Marine Sanctuary,Total Phosphorus,Bottom,Lab,TRUE,7944,30,1995,2025,1995-03-22T00:00:00Z,2025-07-29T12:52:00Z,0.00561,TRUE,0.20971,0.00001,0.00009,0.00487,13.1674,0.2825,0.00014,0.00005,1,0,1,Increasing trend
15,Florida Keys National Marine Sanctuary,Total Phosphorus,Surface,Lab,TRUE,23170,40,1985,2025,1985-12-09T00:00:00Z,2025-12-29T12:23:00Z,0.00604,TRUE,-0.02988,0.37693,-0.00001,0.0066,12.8128,0.3057,0.00002,-0.00004,0,0,0,No detectable trend
15,Florida Keys National Marine Sanctuary,Total Suspended Solids,All,Lab,TRUE,560,19,2007,2025,2007-01-11T09:55:00Z,2025-12-03T08:55:00Z,13,TRUE,-0.58264,0,-4.38958,45.47597,14.8266,0.1906,-3.42821,-5.24638,-2,1,-1,Decreasing trend
15,Florida Keys National Marine Sanctuary,Total Suspended Solids,Bottom,Lab,FALSE,9,7,2007,2022,2007-02-07T10:55:00Z,2022-09-21T12:10:00Z,63,,,,,,,,,,,0,2,Insufficient data
15,Florida Keys National Marine Sanctuary,Total Suspended Solids,Surface,Lab,TRUE,551,19,2007,2025,2007-01-11T09:55:00Z,2025-12-03T08:55:00Z,13,TRUE,-0.59281,0,-4.38333,45.39184,14.6228,0.2004,-3.42821,-5.24193,-2,0,-1,Decreasing trend
15,Florida Keys National Marine Sanctuary,Turbidity,All,All,TRUE,32252,35,1991,2025,1991-03-14T00:00:00Z,2025-12-29T12:23:00Z,0.58,TRUE,-0.08098,0.02043,-0.00514,0.94748,7.7198,0.7382,-0.00075,-0.01036,-1,0,-1,Decreasing trend
15,Florida Keys National Marine Sanctuary,Turbidity,All,Field,TRUE,28326,31,1995,2025,1995-03-22T00:00:00Z,2025-07-29T09:40:00Z,0.555,TRUE,-0.21616,0,-0.0185,1.18103,11.1902,0.4275,-0.01118,-0.0274,-1,0,-1,Decreasing trend
15,Florida Keys National Marine Sanctuary,Turbidity,All,Lab,TRUE,3926,35,1991,2025,1991-03-14T00:00:00Z,2025-12-29T12:23:00Z,0.7,TRUE,-0.03816,0.29721,-0.00268,0.8615,4.6441,0.9472,0.00227,-0.00742,0,1,0,No detectable trend
15,Florida Keys National Marine Sanctuary,Turbidity,Bottom,All,TRUE,8438,29,1995,2025,1995-03-22T00:00:00Z,2025-07-29T12:52:00Z,0.53,TRUE,-0.07577,0.13979,-0.00554,0.80296,13.9228,0.2373,0.00149,-0.01213,0,0,0,No detectable trend
15,Florida Keys National Marine Sanctuary,Turbidity,Bottom,Field,TRUE,8203,26,1995,2020,1995-03-22T00:00:00Z,2020-12-16T00:00:00Z,0.53,TRUE,-0.00422,0.88564,0.00068,0.75746,10.9257,0.4495,0.01083,-0.00959,0,0,0,No detectable trend
15,Florida Keys National Marine Sanctuary,Turbidity,Bottom,Lab,TRUE,235,16,2003,2025,2003-07-09T10:20:00Z,2025-07-29T12:52:00Z,0.5,TRUE,-0.38451,0.00001,-0.03056,0.81994,2.0869,0.9982,-0.01543,-0.05339,-1,0,-1,Decreasing trend
15,Florida Keys National Marine Sanctuary,Turbidity,Surface,All,TRUE,21596,35,1991,2025,1991-03-14T00:00:00Z,2025-12-29T12:23:00Z,0.615,TRUE,-0.07982,0.02233,-0.0055,0.93399,7.1129,0.7899,-0.00079,-0.01052,-1,0,-1,Decreasing trend
15,Florida Keys National Marine Sanctuary,Turbidity,Surface,Field,TRUE,17909,31,1995,2025,1995-03-22T00:00:00Z,2025-07-29T09:40:00Z,0.6,TRUE,-0.25114,0,-0.02022,1.18949,8.956,0.626,-0.01345,-0.02739,-1,0,-1,Decreasing trend
15,Florida Keys National Marine Sanctuary,Turbidity,Surface,Lab,TRUE,3687,35,1991,2025,1991-03-14T00:00:00Z,2025-12-29T12:23:00Z,0.7,TRUE,-0.02477,0.50488,-0.00215,0.85635,5.0593,0.9283,0.00278,-0.00651,0,0,0,No detectable trend
15,Florida Keys National Marine Sanctuary,Water Temperature,All,Field,TRUE,63298,47,1955,2025,1955-07-26T00:00:00Z,2025-12-29T12:23:00Z,27.20665,TRUE,0.25202,0,0.03045,24.35345,9.1165,0.6111,0.03931,0.0225,1,1,1,Increasing trend
15,Florida Keys National Marine Sanctuary,Water Temperature,Bottom,Field,TRUE,19896,35,1991,2025,1991-03-14T00:00:00Z,2025-07-29T12:46:00Z,27.3,TRUE,0.18391,0,0.03007,25.87935,9.4467,0.5807,0.04086,0.01807,1,0,1,Increasing trend
15,Florida Keys National Marine Sanctuary,Water Temperature,Surface,Field,TRUE,36581,47,1955,2025,1955-07-26T00:00:00Z,2025-12-29T12:23:00Z,27.2047,TRUE,0.25401,0,0.0309,24.62775,10.6284,0.4749,0.03934,0.02302,1,0,1,Increasing trend
15,Florida Keys National Marine Sanctuary,pH,All,Field,TRUE,16699,32,1994,2025,1994-01-05T10:11:00Z,2025-12-29T12:23:00Z,8.08,TRUE,-0.21576,0,-0.00408,8.1092,10.2921,0.5043,-0.00287,-0.00528,-1,1,-1,Decreasing trend
15,Florida Keys National Marine Sanctuary,pH,Bottom,Field,TRUE,3706,26,2000,2025,2000-08-29T00:00:00Z,2025-07-29T12:46:00Z,8.07,TRUE,-0.19714,0.0002,-0.00673,8.12036,5.567,0.9006,-0.00294,-0.01049,-1,0,-1,Decreasing trend
15,Florida Keys National Marine Sanctuary,pH,Surface,Field,TRUE,9810,32,1994,2025,1994-01-05T10:11:00Z,2025-12-29T12:23:00Z,8.08,TRUE,-0.20321,0,-0.00384,8.10698,11.9285,0.369,-0.0026,-0.00506,-1,0,-1,Decreasing trend
16,Fort Clinch State Park Aquatic Preserve,"Chlorophyll a, Corrected for Pheophytin",All,Lab,TRUE,52,10,2004,2025,2004-04-01T14:40:00Z,2025-07-14T10:50:00Z,4.15,TRUE,-0.01667,0.84277,0.05,3.99773,8.3936,0.5905,0.17302,-0.16724,0,1,0,No detectable trend
16,Fort Clinch State Park Aquatic Preserve,"Chlorophyll a, Corrected for Pheophytin",Surface,Lab,TRUE,50,10,2004,2025,2004-04-01T14:40:00Z,2025-07-14T10:50:00Z,4.15,TRUE,0.05088,0.82624,0.05,3.80556,8.8269,0.5486,0.2464,-0.18642,0,0,0,No detectable trend
16,Fort Clinch State Park Aquatic Preserve,"Chlorophyll a, Uncorrected for Pheophytin",All,Lab,FALSE,34,9,2004,2025,2004-07-20T00:00:00Z,2025-07-14T10:50:00Z,4.55,,,,,,,,,,,1,2,Insufficient data
16,Fort Clinch State Park Aquatic Preserve,"Chlorophyll a, Uncorrected for Pheophytin",Surface,Lab,FALSE,34,9,2004,2025,2004-07-20T00:00:00Z,2025-07-14T10:50:00Z,4.55,,,,,,,,,,,0,2,Insufficient data
16,Fort Clinch State Park Aquatic Preserve,Dissolved Oxygen,All,Field,TRUE,1719,27,1994,2025,1994-08-11T00:00:00Z,2025-07-14T10:50:00Z,7.1,TRUE,-0.23003,0,-0.0375,7.80625,8.795,0.6408,-0.02361,-0.05047,-1,1,-1,Decreasing trend
16,Fort Clinch State Park Aquatic Preserve,Dissolved Oxygen,Bottom,Field,FALSE,19,4,1994,2014,1994-08-11T00:00:00Z,2014-07-16T09:33:00Z,6.04,,,,,,,,,,,0,2,Insufficient data
16,Fort Clinch State Park Aquatic Preserve,Dissolved Oxygen,Surface,Field,TRUE,1050,26,1994,2025,1994-08-11T00:00:00Z,2025-07-14T10:50:00Z,7.2,TRUE,-0.23363,0,-0.0375,7.90589,7.0483,0.7952,-0.0245,-0.05397,-1,0,-1,Decreasing trend
16,Fort Clinch State Park Aquatic Preserve,Dissolved Oxygen Saturation,All,Field,FALSE,48,5,2000,2014,2000-06-07T13:50:00Z,2014-09-17T10:32:00Z,85.45,,,,,,,,,,,1,2,Insufficient data
16,Fort Clinch State Park Aquatic Preserve,Dissolved Oxygen Saturation,Bottom,Field,FALSE,17,2,2013,2014,2013-04-15T13:34:00Z,2014-07-16T09:33:00Z,81.9,,,,,,,,,,,0,2,Insufficient data
16,Fort Clinch State Park Aquatic Preserve,Dissolved Oxygen Saturation,Surface,Field,FALSE,14,3,2004,2014,2004-04-01T14:40:00Z,2014-09-17T10:29:00Z,89.1,,,,,,,,,,,0,2,Insufficient data
16,Fort Clinch State Park Aquatic Preserve,Salinity,All,All,TRUE,1725,27,1994,2024,1994-08-11T00:00:00Z,2024-11-07T00:00:00Z,33.5,TRUE,-0.00903,0.79041,-0.0056,33.32809,4.2602,0.9617,0.03874,-0.05012,0,1,0,No detectable trend
16,Fort Clinch State Park Aquatic Preserve,Salinity,All,Field,TRUE,1725,27,1994,2024,1994-08-11T00:00:00Z,2024-11-07T00:00:00Z,33.5,TRUE,-0.00903,0.79041,-0.0056,33.32809,4.2602,0.9617,0.03874,-0.05012,0,0,0,No detectable trend
16,Fort Clinch State Park Aquatic Preserve,Salinity,Bottom,All,FALSE,18,3,2008,2014,2008-08-07T10:54:00Z,2014-07-16T09:33:00Z,30.875,,,,,,,,,,,0,2,Insufficient data
16,Fort Clinch State Park Aquatic Preserve,Salinity,Bottom,Field,FALSE,18,3,2008,2014,2008-08-07T10:54:00Z,2014-07-16T09:33:00Z,30.875,,,,,,,,,,,0,2,Insufficient data
16,Fort Clinch State Park Aquatic Preserve,Salinity,Surface,All,TRUE,1050,26,1994,2024,1994-08-11T00:00:00Z,2024-11-07T00:00:00Z,33.4,TRUE,0.00926,0.86505,0.00467,32.97418,3.2794,0.9865,0.05326,-0.04365,0,0,0,No detectable trend
16,Fort Clinch State Park Aquatic Preserve,Salinity,Surface,Field,TRUE,1050,26,1994,2024,1994-08-11T00:00:00Z,2024-11-07T00:00:00Z,33.4,TRUE,0.00926,0.86505,0.00467,32.97418,3.2794,0.9865,0.05326,-0.04365,0,0,0,No detectable trend
16,Fort Clinch State Park Aquatic Preserve,Secchi Depth,All,Field,TRUE,1639,25,2000,2024,2000-06-07T13:50:00Z,2024-11-07T00:00:00Z,-0.9,TRUE,0.05219,0.23463,0.00444,-0.84562,9.6229,0.5646,0.01014,-0.00238,0,1,0,No detectable trend
16,Fort Clinch State Park Aquatic Preserve,Total Nitrogen,All,Lab,TRUE,56,13,2000,2025,2000-06-07T13:50:00Z,2025-07-14T10:50:00Z,0.3545,TRUE,-0.29922,0.05616,-0.00743,0.50547,7.3794,0.6892,0.00188,-0.02215,0,1,0,No detectable trend
16,Fort Clinch State Park Aquatic Preserve,Total Nitrogen,Surface,Lab,TRUE,51,11,2004,2025,2004-07-20T00:00:00Z,2025-07-14T10:50:00Z,0.354,TRUE,-0.20877,0.19306,-0.00833,0.62275,9.7646,0.4614,0.00705,-0.02617,0,0,0,No detectable trend
16,Fort Clinch State Park Aquatic Preserve,Total Phosphorus,All,Lab,TRUE,58,13,2000,2025,2000-06-07T13:50:00Z,2025-07-14T10:50:00Z,0.035,TRUE,-0.13333,0.46082,-0.00058,0.05592,7.024,0.7232,0.00059,-0.002,0,1,0,No detectable trend
16,Fort Clinch State Park Aquatic Preserve,Total Phosphorus,Surface,Lab,TRUE,53,11,2004,2025,2004-04-01T14:40:00Z,2025-07-14T10:50:00Z,0.035,TRUE,-0.19316,0.29976,-0.00152,0.05333,5.7224,0.838,0.00071,-0.0026,0,0,0,No detectable trend
16,Fort Clinch State Park Aquatic Preserve,Total Suspended Solids,All,Lab,FALSE,28,4,2004,2014,2004-07-20T00:00:00Z,2014-09-17T10:29:00Z,21.15,,,,,,,,,,,1,2,Insufficient data
16,Fort Clinch State Park Aquatic Preserve,Total Suspended Solids,Surface,Lab,FALSE,26,4,2004,2014,2004-07-20T00:00:00Z,2014-09-17T10:29:00Z,23.65,,,,,,,,,,,0,2,Insufficient data
16,Fort Clinch State Park Aquatic Preserve,Turbidity,All,All,TRUE,59,11,2000,2025,2000-06-07T13:50:00Z,2025-07-14T10:50:00Z,5.2,TRUE,-0.11111,0.77076,-0.11637,9.61579,13.1127,0.2174,0.4,-0.4,0,0,0,No detectable trend
16,Fort Clinch State Park Aquatic Preserve,Turbidity,All,Field,FALSE,7,2,2019,2020,2019-10-14T11:50:00Z,2020-07-20T10:07:00Z,7.8,,,,,,,,,,,0,2,Insufficient data
16,Fort Clinch State Park Aquatic Preserve,Turbidity,All,Lab,TRUE,52,11,2000,2025,2000-06-07T13:50:00Z,2025-07-14T10:50:00Z,5.2,TRUE,-0.08943,0.92164,-0.06637,10.71538,11.8854,0.2928,0.4,-0.4,0,1,0,No detectable trend
16,Fort Clinch State Park Aquatic Preserve,Turbidity,Surface,All,FALSE,54,9,2013,2025,2013-04-15T13:36:00Z,2025-07-14T10:50:00Z,6.2,,,,,,,,,,,0,2,Insufficient data
16,Fort Clinch State Park Aquatic Preserve,Turbidity,Surface,Field,FALSE,7,2,2019,2020,2019-10-14T11:50:00Z,2020-07-20T10:07:00Z,7.8,,,,,,,,,,,0,2,Insufficient data
16,Fort Clinch State Park Aquatic Preserve,Turbidity,Surface,Lab,FALSE,47,9,2013,2025,2013-04-15T13:36:00Z,2025-07-14T10:50:00Z,6.1,,,,,,,,,,,0,2,Insufficient data
16,Fort Clinch State Park Aquatic Preserve,Water Temperature,All,Field,TRUE,1741,27,1994,2025,1994-08-11T00:00:00Z,2025-07-14T10:50:00Z,22.9,TRUE,0.11667,0.00787,0.04439,21.48022,11.4366,0.4074,0.075,0.012,1,1,1,Increasing trend
16,Fort Clinch State Park Aquatic Preserve,Water Temperature,Bottom,Field,FALSE,19,3,2008,2014,2008-08-07T10:54:00Z,2014-07-16T09:33:00Z,23,,,,,,,,,,,0,2,Insufficient data
16,Fort Clinch State Park Aquatic Preserve,Water Temperature,Surface,Field,TRUE,1065,26,1994,2025,1994-08-11T00:00:00Z,2025-07-14T10:50:00Z,23,TRUE,0.0984,0.02721,0.03854,22.05308,10.9212,0.4499,0.06667,0.00373,1,0,1,Increasing trend
16,Fort Clinch State Park Aquatic Preserve,pH,All,Field,TRUE,1720,27,1994,2025,1994-08-11T00:00:00Z,2025-07-14T10:50:00Z,7.8,TRUE,0.0731,0.12113,0.00248,7.79625,7.6688,0.7426,0.00573,-0.00041,0,1,0,No detectable trend
16,Fort Clinch State Park Aquatic Preserve,pH,Bottom,Field,FALSE,19,3,2008,2014,2008-08-07T10:54:00Z,2014-07-16T09:33:00Z,7.7,,,,,,,,,,,0,2,Insufficient data
16,Fort Clinch State Park Aquatic Preserve,pH,Surface,Field,TRUE,1051,26,1994,2025,1994-08-11T00:00:00Z,2025-07-14T10:50:00Z,7.8,TRUE,0.08593,0.07641,0.00286,7.77,6.9973,0.7993,0.00702,0,0,0,0,No detectable trend
17,Fort Pickens State Park Aquatic Preserve,"Chlorophyll a, Corrected for Pheophytin",All,Lab,TRUE,307,20,1998,2023,1998-09-15T11:32:00Z,2023-05-21T13:50:00Z,5,TRUE,-0.3836,0,-0.13091,5.57382,2.3567,0.9968,-0.0733,-0.17243,-1,1,-1,Decreasing trend
17,Fort Pickens State Park Aquatic Preserve,"Chlorophyll a, Corrected for Pheophytin",Surface,Lab,TRUE,280,20,1998,2023,1998-09-15T11:32:00Z,2023-05-21T13:50:00Z,5,TRUE,-0.40771,0,-0.13865,5.55091,3.0388,0.9902,-0.08218,-0.17391,-1,0,-1,Decreasing trend
17,Fort Pickens State Park Aquatic Preserve,"Chlorophyll a, Uncorrected for Pheophytin",All,Lab,TRUE,224,17,1998,2023,1998-09-15T11:32:00Z,2023-05-21T13:50:00Z,5,TRUE,-0.32141,0,-0.03167,5.27153,,,0,-0.0843,-1,1,-1,Decreasing trend
17,Fort Pickens State Park Aquatic Preserve,"Chlorophyll a, Uncorrected for Pheophytin",Surface,Lab,TRUE,224,17,1998,2023,1998-09-15T11:32:00Z,2023-05-21T13:50:00Z,5,TRUE,-0.32141,0,-0.03167,5.27153,,,0,-0.0843,-1,0,-1,Decreasing trend
17,Fort Pickens State Park Aquatic Preserve,Colored Dissolved Organic Matter,All,Lab,FALSE,23,5,2021,2025,2021-04-13T11:27:00Z,2025-02-04T12:35:00Z,7,,,,,,,,,,,1,2,Insufficient data
17,Fort Pickens State Park Aquatic Preserve,Colored Dissolved Organic Matter,Surface,Lab,FALSE,23,5,2021,2025,2021-04-13T11:27:00Z,2025-02-04T12:35:00Z,7,,,,,,,,,,,0,2,Insufficient data
17,Fort Pickens State Park Aquatic Preserve,Dissolved Oxygen,All,Field,TRUE,1238,34,1982,2025,1982-06-07T00:00:00Z,2025-09-18T00:00:00Z,7.5,TRUE,0.1119,0.01932,0.01475,7.57427,16.3779,0.1277,0.02751,0.00269,1,1,1,Increasing trend
17,Fort Pickens State Park Aquatic Preserve,Dissolved Oxygen,Bottom,Field,TRUE,29,11,1982,2018,1982-06-07T00:00:00Z,2018-05-01T00:00:00Z,6.9,TRUE,0.73611,0.00558,0.32167,-3.9175,4.4281,0.881,0.93193,0.08108,1,0,1,Increasing trend
17,Fort Pickens State Park Aquatic Preserve,Dissolved Oxygen,Surface,Field,TRUE,1097,34,1982,2025,1982-06-07T00:00:00Z,2025-09-18T00:00:00Z,7.6,TRUE,0.08248,0.08211,0.01218,7.68678,16.6584,0.1184,0.02502,-0.00245,0,0,0,No detectable trend
17,Fort Pickens State Park Aquatic Preserve,Dissolved Oxygen Saturation,All,Field,TRUE,261,15,1999,2024,1999-01-19T08:40:00Z,2024-12-18T09:05:00Z,98.6,TRUE,0.27656,0.00045,0.52972,89.58022,7.3255,0.7721,0.79424,0.22844,1,1,1,Increasing trend
17,Fort Pickens State Park Aquatic Preserve,Dissolved Oxygen Saturation,Bottom,Field,FALSE,20,4,2014,2018,2014-04-22T10:15:00Z,2018-05-01T00:00:00Z,98.15,,,,,,,,,,,0,2,Insufficient data
17,Fort Pickens State Park Aquatic Preserve,Dissolved Oxygen Saturation,Surface,Field,TRUE,149,15,1999,2024,1999-01-19T09:38:00Z,2024-12-18T09:05:00Z,98.88,TRUE,0.13532,0.11206,0.374,92.61318,4.1568,0.9651,0.69136,-0.04196,0,0,0,No detectable trend
17,Fort Pickens State Park Aquatic Preserve,Salinity,All,All,TRUE,1240,35,1974,2025,1974-11-18T00:00:00Z,2025-09-18T00:00:00Z,26.295,TRUE,-0.08499,0.07867,-0.07554,28.46168,6.4462,0.842,0.00408,-0.16494,0,1,0,No detectable trend
17,Fort Pickens State Park Aquatic Preserve,Salinity,All,Field,TRUE,1231,35,1974,2025,1974-11-18T00:00:00Z,2025-09-18T00:00:00Z,26.3,TRUE,-0.0861,0.07512,-0.0779,28.76653,6.4543,0.8414,0.00303,-0.16434,0,0,0,No detectable trend
17,Fort Pickens State Park Aquatic Preserve,Salinity,All,Lab,FALSE,9,1,1999,1999,1999-04-07T00:00:00Z,1999-06-23T00:00:00Z,24.5,,,,,,,,,,,0,2,Insufficient data
17,Fort Pickens State Park Aquatic Preserve,Salinity,Bottom,All,TRUE,25,10,1982,2018,1982-06-07T00:00:00Z,2018-05-01T00:00:00Z,25.7,TRUE,-0.68421,0.01952,-1.162,85.56292,5.0468,0.6542,-0.06604,-3.84802,-1,0,-1,Decreasing trend
17,Fort Pickens State Park Aquatic Preserve,Salinity,Bottom,Field,TRUE,25,10,1982,2018,1982-06-07T00:00:00Z,2018-05-01T00:00:00Z,25.7,TRUE,-0.68421,0.01952,-1.162,85.56292,5.0468,0.6542,-0.06604,-3.84802,-1,0,-1,Decreasing trend
17,Fort Pickens State Park Aquatic Preserve,Salinity,Surface,All,TRUE,1108,35,1974,2025,1974-11-18T00:00:00Z,2025-09-18T00:00:00Z,25.6,TRUE,-0.03472,0.33576,-0.03941,28.02085,8.7142,0.6483,0.03736,-0.11648,0,0,0,No detectable trend
17,Fort Pickens State Park Aquatic Preserve,Salinity,Surface,Field,TRUE,1099,35,1974,2025,1974-11-18T00:00:00Z,2025-09-18T00:00:00Z,25.64,TRUE,-0.03657,0.32464,-0.03952,28.02085,8.4681,0.6709,0.03647,-0.11864,0,0,0,No detectable trend
17,Fort Pickens State Park Aquatic Preserve,Salinity,Surface,Lab,FALSE,9,1,1999,1999,1999-04-07T00:00:00Z,1999-06-23T00:00:00Z,24.5,,,,,,,,,,,0,2,Insufficient data
17,Fort Pickens State Park Aquatic Preserve,Secchi Depth,All,Field,TRUE,591,21,1991,2025,1991-07-19T00:00:00Z,2025-09-18T00:00:00Z,-0.91441,TRUE,-0.04892,0.87003,0.00337,-2.38525,7.2601,0.7776,0.05217,-0.02517,0,1,0,No detectable trend
17,Fort Pickens State Park Aquatic Preserve,Total Nitrogen,All,Lab,TRUE,119,15,1999,2025,1999-03-16T14:20:00Z,2025-02-04T12:35:00Z,0.245,TRUE,-0.08647,0.37422,-0.00366,0.28849,6.3503,0.849,0.00497,-0.00954,0,1,0,No detectable trend
17,Fort Pickens State Park Aquatic Preserve,Total Nitrogen,Surface,Lab,TRUE,108,15,1999,2025,1999-03-16T14:20:00Z,2025-02-04T12:35:00Z,0.2545,TRUE,-0.07263,0.37266,-0.00366,0.28849,7.2573,0.7779,0.00495,-0.00954,0,0,0,No detectable trend
17,Fort Pickens State Park Aquatic Preserve,Total Phosphorus,All,Lab,TRUE,118,16,1999,2025,1999-03-16T14:20:00Z,2025-02-04T12:35:00Z,0.0135,TRUE,-0.32037,0.00721,-0.00042,0.01769,6.4678,0.8404,-0.00019,-0.00071,-1,1,-1,Decreasing trend
17,Fort Pickens State Park Aquatic Preserve,Total Phosphorus,Surface,Lab,TRUE,108,16,1999,2025,1999-03-16T14:20:00Z,2025-02-04T12:35:00Z,0.014,TRUE,-0.33709,0.00594,-0.00041,0.01769,7.244,0.779,-0.00017,-0.00071,-1,0,-1,Decreasing trend
17,Fort Pickens State Park Aquatic Preserve,Total Suspended Solids,All,Lab,TRUE,264,15,1997,2025,1997-01-07T12:44:00Z,2025-02-04T12:35:00Z,9.2,TRUE,-0.63671,0,-1.35417,20.36003,5.7518,0.8894,-0.94789,-1.71873,-2,1,-1,Decreasing trend
17,Fort Pickens State Park Aquatic Preserve,Total Suspended Solids,Surface,Lab,TRUE,243,15,1997,2025,1997-01-07T12:44:00Z,2025-02-04T12:35:00Z,11,TRUE,-0.63981,0,-1.35327,20.15107,6.5251,0.8361,-0.95983,-1.75466,-2,0,-1,Decreasing trend
17,Fort Pickens State Park Aquatic Preserve,Turbidity,All,All,TRUE,338,21,1996,2025,1996-12-30T14:45:00Z,2025-02-04T12:35:00Z,1.0161,TRUE,-0.30785,0,-0.05462,1.86158,6.8435,0.8116,-0.03513,-0.08279,-1,0,-1,Decreasing trend
17,Fort Pickens State Park Aquatic Preserve,Turbidity,All,Field,FALSE,25,4,1999,2025,1999-01-19T08:40:00Z,2025-02-04T12:35:00Z,1.02,,,,,,,,,,,0,2,Insufficient data
17,Fort Pickens State Park Aquatic Preserve,Turbidity,All,Lab,TRUE,313,18,1996,2016,1996-12-30T14:45:00Z,2016-05-04T00:00:00Z,1.0122,TRUE,-0.31425,0,-0.06511,1.92558,10.2588,0.5073,-0.0377,-0.0995,-1,1,-1,Decreasing trend
17,Fort Pickens State Park Aquatic Preserve,Turbidity,Surface,All,TRUE,333,21,1996,2025,1996-12-30T14:45:00Z,2025-02-04T12:35:00Z,1.0699,TRUE,-0.30927,0,-0.05479,1.86158,6.8892,0.808,-0.03557,-0.08284,-1,0,-1,Decreasing trend
17,Fort Pickens State Park Aquatic Preserve,Turbidity,Surface,Field,FALSE,21,4,1999,2025,1999-01-19T09:38:00Z,2025-02-04T12:35:00Z,1.1,,,,,,,,,,,0,2,Insufficient data
17,Fort Pickens State Park Aquatic Preserve,Turbidity,Surface,Lab,TRUE,312,18,1996,2016,1996-12-30T14:45:00Z,2016-05-04T00:00:00Z,1.0061,TRUE,-0.31057,0,-0.06511,1.92558,11.2174,0.4252,-0.03741,-0.09942,-1,0,-1,Decreasing trend
17,Fort Pickens State Park Aquatic Preserve,Water Temperature,All,Field,TRUE,1249,34,1982,2025,1982-06-07T00:00:00Z,2025-09-18T00:00:00Z,27.3,TRUE,0.0831,0.04918,0.02835,20.76838,14.4069,0.2113,0.05386,0,1,1,1,Increasing trend
17,Fort Pickens State Park Aquatic Preserve,Water Temperature,Bottom,Field,TRUE,30,12,1982,2018,1982-06-07T00:00:00Z,2018-05-01T00:00:00Z,21.95,TRUE,0.2,0.3447,0.11917,19.463,8.9475,0.4421,0.64507,-0.79669,0,0,0,No detectable trend
17,Fort Pickens State Park Aquatic Preserve,Water Temperature,Surface,Field,TRUE,1104,34,1982,2025,1982-06-07T00:00:00Z,2025-09-18T00:00:00Z,27.7,TRUE,0.06661,0.08325,0.02177,20.52011,14.7753,0.193,0.04898,-0.00248,0,0,0,No detectable trend
17,Fort Pickens State Park Aquatic Preserve,pH,All,Field,TRUE,1003,30,1991,2025,1991-07-19T00:00:00Z,2025-09-18T00:00:00Z,8.1,TRUE,0.17298,0.00767,0.004,7.98539,5.2335,0.9193,0.00661,0.00115,1,1,1,Increasing trend
17,Fort Pickens State Park Aquatic Preserve,pH,Bottom,Field,FALSE,21,6,1991,2018,1991-07-19T00:00:00Z,2018-05-01T00:00:00Z,8.3,,,,,,,,,,,0,2,Insufficient data
17,Fort Pickens State Park Aquatic Preserve,pH,Surface,Field,TRUE,905,30,1991,2025,1991-07-19T00:00:00Z,2025-09-18T00:00:00Z,8.1,TRUE,0.10097,0.12277,0.002,8.00763,7.2974,0.7745,0.00476,-0.00025,0,0,0,No detectable trend
18,Gasparilla Sound-Charlotte Harbor Aquatic Preserve,"Chlorophyll a, Corrected for Pheophytin",All,Lab,TRUE,5012,25,2001,2025,2001-05-21T00:00:00Z,2025-12-03T10:42:00Z,3.6,TRUE,-0.27128,0,-0.14146,7.02145,6.4281,0.8433,-0.09534,-0.18375,-1,1,-1,Decreasing trend
18,Gasparilla Sound-Charlotte Harbor Aquatic Preserve,"Chlorophyll a, Corrected for Pheophytin",Bottom,Lab,TRUE,617,10,2001,2025,2001-07-19T12:30:00Z,2025-12-03T10:42:00Z,3.7,TRUE,0.00458,0.94497,-0.00852,2.91648,7.5289,0.7548,0.18131,-0.17184,0,0,0,No detectable trend
18,Gasparilla Sound-Charlotte Harbor Aquatic Preserve,"Chlorophyll a, Corrected for Pheophytin",Surface,Lab,TRUE,3368,25,2001,2025,2001-05-21T00:00:00Z,2025-12-01T07:40:00Z,3.875,TRUE,-0.34018,0,-0.19477,7.40365,4.8282,0.9392,-0.14735,-0.2489,-1,0,-1,Decreasing trend
18,Gasparilla Sound-Charlotte Harbor Aquatic Preserve,"Chlorophyll a, Uncorrected for Pheophytin",All,Lab,TRUE,2484,29,1997,2025,1997-01-21T00:00:00Z,2025-12-03T10:42:00Z,4.855,TRUE,-0.13172,0.00383,-0.06211,6.77022,10.2637,0.5068,-0.02115,-0.10883,-1,1,-1,Decreasing trend
18,Gasparilla Sound-Charlotte Harbor Aquatic Preserve,"Chlorophyll a, Uncorrected for Pheophytin",Bottom,Lab,TRUE,893,16,1997,2025,1997-01-21T00:00:00Z,2025-12-03T10:42:00Z,5.09,TRUE,-0.06069,0.22646,-0.03977,8.01761,31.748,0.0008,0.02232,-0.10228,0,0,0,No detectable trend
18,Gasparilla Sound-Charlotte Harbor Aquatic Preserve,"Chlorophyll a, Uncorrected for Pheophytin",Surface,Lab,TRUE,1585,29,1997,2025,1997-01-21T00:00:00Z,2025-12-01T07:40:00Z,4.71,TRUE,-0.14366,0.00194,-0.08659,6.63339,6.6917,0.8235,-0.03834,-0.13169,-1,0,-1,Decreasing trend
18,Gasparilla Sound-Charlotte Harbor Aquatic Preserve,Colored Dissolved Organic Matter,All,Lab,TRUE,1369,18,2001,2025,2001-07-16T00:00:00Z,2025-12-01T07:40:00Z,12.9,TRUE,-0.19138,0.00202,-0.37648,23.09103,7.3715,0.7683,-0.15446,-0.54132,-1,1,-1,Decreasing trend
18,Gasparilla Sound-Charlotte Harbor Aquatic Preserve,Colored Dissolved Organic Matter,Bottom,Lab,FALSE,225,9,2017,2025,2017-07-27T09:18:00Z,2025-12-01T07:25:00Z,20,,,,,,,,,,,0,2,Insufficient data
18,Gasparilla Sound-Charlotte Harbor Aquatic Preserve,Colored Dissolved Organic Matter,Surface,Lab,TRUE,837,18,2001,2025,2001-07-16T00:00:00Z,2025-12-01T07:40:00Z,12.4,TRUE,-0.26836,0.00001,-0.55871,26.63587,17.3979,0.0966,-0.37475,-0.73684,-1,0,-1,Decreasing trend
18,Gasparilla Sound-Charlotte Harbor Aquatic Preserve,Dissolved Oxygen,All,Field,TRUE,77941,38,1971,2025,1971-06-01T00:00:00Z,2025-12-03T10:42:00Z,6.55,TRUE,-0.14111,0.00003,-0.0107,6.81447,18.297,0.0749,-0.00556,-0.01537,-1,1,-1,Decreasing trend
18,Gasparilla Sound-Charlotte Harbor Aquatic Preserve,Dissolved Oxygen,Bottom,Field,TRUE,5115,31,1995,2025,1995-01-04T10:02:00Z,2025-12-03T10:42:00Z,6.11,TRUE,0.01332,0.65845,0.00271,5.68401,22,0.0244,0.01288,-0.00859,0,0,0,No detectable trend
18,Gasparilla Sound-Charlotte Harbor Aquatic Preserve,Dissolved Oxygen,Surface,Field,TRUE,50909,37,1989,2025,1989-04-03T00:00:00Z,2025-12-01T07:40:00Z,6.65,TRUE,-0.20961,0,-0.01781,6.75942,11.611,0.3936,-0.01152,-0.02334,-1,0,-1,Decreasing trend
18,Gasparilla Sound-Charlotte Harbor Aquatic Preserve,Dissolved Oxygen Saturation,All,Field,TRUE,957,16,1992,2025,1992-08-26T00:00:00Z,2025-12-03T10:42:00Z,87.7,TRUE,0.47686,0,2.38521,17.45312,7.2566,0.7779,3.0022,1.91953,1,1,1,Increasing trend
18,Gasparilla Sound-Charlotte Harbor Aquatic Preserve,Dissolved Oxygen Saturation,Bottom,Field,TRUE,333,14,1992,2025,1992-08-26T00:00:00Z,2025-12-03T10:42:00Z,68.1,TRUE,0.20274,0.00394,1.15833,36.79678,16.0537,0.1391,2.05879,0.54819,1,0,1,Increasing trend
18,Gasparilla Sound-Charlotte Harbor Aquatic Preserve,Dissolved Oxygen Saturation,Surface,Field,TRUE,463,15,1992,2025,1992-08-26T00:00:00Z,2025-12-01T07:40:00Z,92.6,TRUE,0.30443,0,1.7125,51.28333,11.913,0.3702,2.63333,1.09766,1,0,1,Increasing trend
18,Gasparilla Sound-Charlotte Harbor Aquatic Preserve,Salinity,All,All,TRUE,76143,50,1954,2025,1954-04-19T00:00:00Z,2025-12-03T10:42:00Z,26.69,TRUE,-0.2622,0,-0.10558,32.93476,4.6764,0.9458,-0.08323,-0.1266,-1,1,-1,Decreasing trend
18,Gasparilla Sound-Charlotte Harbor Aquatic Preserve,Salinity,All,Field,TRUE,76143,50,1954,2025,1954-04-19T00:00:00Z,2025-12-03T10:42:00Z,26.69,TRUE,-0.2622,0,-0.10558,32.93476,4.6764,0.9458,-0.08323,-0.1266,-1,0,-1,Decreasing trend
18,Gasparilla Sound-Charlotte Harbor Aquatic Preserve,Salinity,Bottom,All,TRUE,5192,32,1992,2025,1992-08-26T00:00:00Z,2025-12-03T10:42:00Z,26.74,TRUE,-0.17102,0.00003,-0.11389,29.5605,16.764,0.1151,-0.06214,-0.17314,-1,0,-1,Decreasing trend
18,Gasparilla Sound-Charlotte Harbor Aquatic Preserve,Salinity,Bottom,Field,TRUE,5192,32,1992,2025,1992-08-26T00:00:00Z,2025-12-03T10:42:00Z,26.74,TRUE,-0.17102,0.00003,-0.11389,29.5605,16.764,0.1151,-0.06214,-0.17314,-1,0,-1,Decreasing trend
18,Gasparilla Sound-Charlotte Harbor Aquatic Preserve,Salinity,Surface,All,TRUE,50030,50,1954,2025,1954-04-19T00:00:00Z,2025-12-01T07:40:00Z,26,TRUE,-0.26278,0,-0.1122,32.84539,4.9175,0.9351,-0.09077,-0.13506,-1,0,-1,Decreasing trend
18,Gasparilla Sound-Charlotte Harbor Aquatic Preserve,Salinity,Surface,Field,TRUE,50030,50,1954,2025,1954-04-19T00:00:00Z,2025-12-01T07:40:00Z,26,TRUE,-0.26278,0,-0.1122,32.84539,4.9175,0.9351,-0.09077,-0.13506,-1,0,-1,Decreasing trend
18,Gasparilla Sound-Charlotte Harbor Aquatic Preserve,Secchi Depth,All,Field,TRUE,46921,32,1994,2025,1994-09-26T00:00:00Z,2025-12-03T10:42:00Z,-1.2,TRUE,-0.05425,0.14215,-0.00305,-1.349,21.7587,0.0263,0.00093,-0.00744,0,1,0,No detectable trend
18,Gasparilla Sound-Charlotte Harbor Aquatic Preserve,Total Nitrogen,All,Lab,TRUE,11249,33,1993,2025,1993-02-09T00:00:00Z,2025-12-03T10:42:00Z,0.667,TRUE,0.06205,0.10188,0.00203,0.65136,3.5817,0.9806,0.00444,-0.00028,0,1,0,No detectable trend
18,Gasparilla Sound-Charlotte Harbor Aquatic Preserve,Total Nitrogen,Bottom,Lab,TRUE,1637,29,1996,2025,1996-08-26T00:00:00Z,2025-12-03T10:42:00Z,0.72,TRUE,0.15369,0.00015,0.00596,0.54615,5.2592,0.918,0.00886,0.00288,1,0,1,Increasing trend
18,Gasparilla Sound-Charlotte Harbor Aquatic Preserve,Total Nitrogen,Surface,Lab,TRUE,8410,33,1993,2025,1993-02-09T00:00:00Z,2025-12-01T07:40:00Z,0.651,TRUE,0.07841,0.03715,0.00284,0.64017,3.6486,0.9791,0.00546,0.00021,1,0,1,Increasing trend
18,Gasparilla Sound-Charlotte Harbor Aquatic Preserve,Total Phosphorus,All,Lab,TRUE,10291,33,1993,2025,1993-02-09T00:00:00Z,2025-12-03T10:42:00Z,0.114,TRUE,-0.02866,0.54473,-0.00021,0.13927,14.3088,0.2164,0.00047,-0.0009,0,1,0,No detectable trend
18,Gasparilla Sound-Charlotte Harbor Aquatic Preserve,Total Phosphorus,Bottom,Lab,TRUE,1323,16,1996,2025,1996-08-26T00:00:00Z,2025-12-03T10:42:00Z,0.139,TRUE,-0.25407,0.00001,-0.00229,0.20651,3.1556,0.9885,-0.00137,-0.00346,-1,0,-1,Decreasing trend
18,Gasparilla Sound-Charlotte Harbor Aquatic Preserve,Total Phosphorus,Surface,Lab,TRUE,7757,33,1993,2025,1993-02-09T00:00:00Z,2025-12-01T07:40:00Z,0.113,TRUE,0.00889,0.68871,0.00015,0.12215,15.6953,0.1528,0.00076,-0.0005,0,0,0,No detectable trend
18,Gasparilla Sound-Charlotte Harbor Aquatic Preserve,Total Suspended Solids,All,Lab,TRUE,9246,30,1996,2025,1996-08-26T00:00:00Z,2025-11-06T09:27:00Z,7.535,TRUE,0.10424,0.00598,0.07905,8.53441,5.1298,0.9247,0.14445,0.0222,1,1,1,Increasing trend
18,Gasparilla Sound-Charlotte Harbor Aquatic Preserve,Total Suspended Solids,Bottom,Lab,TRUE,1367,27,1996,2025,1996-08-26T00:00:00Z,2025-09-18T11:30:00Z,10.7,TRUE,0.13183,0.0025,0.19172,7.73478,3.7429,0.9768,0.34138,0.06314,1,0,1,Increasing trend
18,Gasparilla Sound-Charlotte Harbor Aquatic Preserve,Total Suspended Solids,Surface,Lab,TRUE,6808,30,1996,2025,1996-08-26T00:00:00Z,2025-11-06T09:27:00Z,7.2,TRUE,0.11562,0.00224,0.08466,7.70558,3.9544,0.9712,0.14779,0.02747,1,0,1,Increasing trend
18,Gasparilla Sound-Charlotte Harbor Aquatic Preserve,Turbidity,All,All,TRUE,15772,31,1995,2025,1995-01-04T10:00:00Z,2025-12-01T07:40:00Z,1.9,TRUE,-0.21362,0,-0.02984,2.72658,6.1539,0.8629,-0.02012,-0.03944,-1,0,-1,Decreasing trend
18,Gasparilla Sound-Charlotte Harbor Aquatic Preserve,Turbidity,All,Field,TRUE,660,28,1996,2025,1996-07-10T10:33:00Z,2025-08-04T06:58:00Z,1.01,TRUE,0.1957,0.00005,0.03394,0.65045,9.6545,0.5617,0.05218,0.0176,1,0,1,Increasing trend
18,Gasparilla Sound-Charlotte Harbor Aquatic Preserve,Turbidity,All,Lab,TRUE,15112,31,1995,2025,1995-01-04T10:00:00Z,2025-12-01T07:40:00Z,1.9,TRUE,-0.20573,0,-0.02961,2.76195,5.9817,0.8746,-0.01932,-0.03886,-1,1,-1,Decreasing trend
18,Gasparilla Sound-Charlotte Harbor Aquatic Preserve,Turbidity,Bottom,All,TRUE,1221,16,1996,2025,1996-08-26T00:00:00Z,2025-12-01T07:25:00Z,1.9,TRUE,-0.0937,0.09769,-0.02314,3.1183,8.3416,0.6824,0.00318,-0.05151,0,0,0,No detectable trend
18,Gasparilla Sound-Charlotte Harbor Aquatic Preserve,Turbidity,Bottom,Field,FALSE,4,3,2023,2025,2023-01-03T07:15:00Z,2025-08-04T06:58:00Z,2.4,,,,,,,,,,,0,2,Insufficient data
18,Gasparilla Sound-Charlotte Harbor Aquatic Preserve,Turbidity,Bottom,Lab,TRUE,1217,16,1996,2025,1996-08-26T00:00:00Z,2025-12-01T07:25:00Z,1.9,TRUE,-0.09193,0.10388,-0.02339,3.1183,8.3486,0.6818,0.0035,-0.05278,0,0,0,No detectable trend
18,Gasparilla Sound-Charlotte Harbor Aquatic Preserve,Turbidity,Surface,All,TRUE,13424,31,1995,2025,1995-01-04T10:00:00Z,2025-12-01T07:40:00Z,1.9,TRUE,-0.25735,0,-0.03676,2.78548,6.5964,0.8308,-0.02557,-0.04704,-1,0,-1,Decreasing trend
18,Gasparilla Sound-Charlotte Harbor Aquatic Preserve,Turbidity,Surface,Field,TRUE,561,27,1996,2025,1996-07-10T10:33:00Z,2025-07-07T07:15:00Z,1,TRUE,0.16068,0.0009,0.03,0.78303,9.7904,0.5493,0.04825,0.01222,1,0,1,Increasing trend
18,Gasparilla Sound-Charlotte Harbor Aquatic Preserve,Turbidity,Surface,Lab,TRUE,12863,31,1995,2025,1995-01-04T10:00:00Z,2025-12-01T07:40:00Z,1.95,TRUE,-0.24803,0,-0.03768,2.80994,5.7564,0.8891,-0.02538,-0.04816,-1,0,-1,Decreasing trend
18,Gasparilla Sound-Charlotte Harbor Aquatic Preserve,Water Temperature,All,Field,TRUE,78978,50,1954,2025,1954-11-26T00:00:00Z,2025-12-03T10:42:00Z,26.095,TRUE,0.14636,0,0.01627,24.7321,5.6194,0.8975,0.02444,0.00861,1,1,1,Increasing trend
18,Gasparilla Sound-Charlotte Harbor Aquatic Preserve,Water Temperature,Bottom,Field,TRUE,5387,32,1992,2025,1992-08-26T00:00:00Z,2025-12-03T10:42:00Z,25.9,TRUE,0.07589,0.06489,0.01697,25.36789,10.2676,0.5065,0.03782,-0.00118,0,0,0,No detectable trend
18,Gasparilla Sound-Charlotte Harbor Aquatic Preserve,Water Temperature,Surface,Field,TRUE,51546,49,1954,2025,1954-11-26T00:00:00Z,2025-12-01T07:40:00Z,26.1,TRUE,0.15294,0,0.01766,24.86914,7.0366,0.7961,0.0265,0.01061,1,0,1,Increasing trend
18,Gasparilla Sound-Charlotte Harbor Aquatic Preserve,pH,All,Field,TRUE,74598,38,1955,2025,1955-03-28T00:00:00Z,2025-12-03T10:42:00Z,7.91,TRUE,0.03197,0.3759,0.00042,7.86218,8.2355,0.6921,0.00146,-0.00052,0,1,0,No detectable trend
18,Gasparilla Sound-Charlotte Harbor Aquatic Preserve,pH,Bottom,Field,TRUE,3266,23,2000,2025,2000-08-02T00:00:00Z,2025-12-03T10:42:00Z,7.86,TRUE,0.1582,0.00131,0.00574,7.68508,18.4205,0.0723,0.00938,0.00225,1,0,1,Increasing trend
18,Gasparilla Sound-Charlotte Harbor Aquatic Preserve,pH,Surface,Field,TRUE,50069,38,1955,2025,1955-03-28T00:00:00Z,2025-12-01T07:40:00Z,7.9,TRUE,-0.01034,0.77,-0.00019,7.89293,7.6615,0.7433,0.00095,-0.00133,0,0,0,No detectable trend
19,Guana River Marsh Aquatic Preserve,"Chlorophyll a, Corrected for Pheophytin",All,Lab,TRUE,1713,24,2002,2025,2002-05-08T11:00:00Z,2025-12-03T10:15:00Z,5.5,TRUE,0.41742,0,0.34286,1.97903,7.7079,0.7392,0.43261,0.26995,1,1,1,Increasing trend
19,Guana River Marsh Aquatic Preserve,"Chlorophyll a, Corrected for Pheophytin",Bottom,Lab,FALSE,117,7,2018,2025,2018-03-28T10:23:00Z,2025-06-10T12:44:00Z,16,,,,,,,,,,,0,2,Insufficient data
19,Guana River Marsh Aquatic Preserve,"Chlorophyll a, Corrected for Pheophytin",Surface,Lab,TRUE,1345,24,2002,2025,2002-05-08T11:00:00Z,2025-12-03T10:15:00Z,5.5,TRUE,0.36856,0,0.28923,2.64405,7.1393,0.7877,0.37054,0.21687,1,0,1,Increasing trend
19,Guana River Marsh Aquatic Preserve,"Chlorophyll a, Uncorrected for Pheophytin",All,Lab,TRUE,1352,24,2002,2025,2002-05-08T11:00:00Z,2025-12-03T10:15:00Z,7.8,TRUE,0.39879,0,0.38604,2.77326,6.0887,0.8674,0.46419,0.30681,1,1,1,Increasing trend
19,Guana River Marsh Aquatic Preserve,"Chlorophyll a, Uncorrected for Pheophytin",Bottom,Lab,FALSE,116,7,2018,2025,2018-03-28T10:23:00Z,2025-06-10T12:44:00Z,17,,,,,,,,,,,0,2,Insufficient data
19,Guana River Marsh Aquatic Preserve,"Chlorophyll a, Uncorrected for Pheophytin",Surface,Lab,TRUE,1010,24,2002,2025,2002-05-08T11:00:00Z,2025-12-03T10:15:00Z,8.2,TRUE,0.40647,0,0.37725,4.279,6.4636,0.8407,0.46376,0.28137,1,0,1,Increasing trend
19,Guana River Marsh Aquatic Preserve,Colored Dissolved Organic Matter,All,Lab,TRUE,271,13,2007,2025,2007-01-03T10:21:00Z,2025-12-03T10:15:00Z,20,TRUE,0.05402,0.3939,0.15877,20.07147,4.5128,0.9525,0.56362,-0.16657,0,1,0,No detectable trend
19,Guana River Marsh Aquatic Preserve,Colored Dissolved Organic Matter,Bottom,Lab,FALSE,7,3,2018,2025,2018-12-05T10:36:00Z,2025-06-10T12:44:00Z,30,,,,,,,,,,,0,2,Insufficient data
19,Guana River Marsh Aquatic Preserve,Colored Dissolved Organic Matter,Surface,Lab,TRUE,209,13,2007,2025,2007-01-03T10:21:00Z,2025-12-03T10:15:00Z,18,TRUE,-0.03584,0.73121,-0.03099,20.16905,8.0145,0.712,0.32309,-0.26355,0,0,0,No detectable trend
19,Guana River Marsh Aquatic Preserve,Dissolved Oxygen,All,Field,TRUE,7686,31,1995,2025,1995-01-10T10:30:00Z,2025-12-03T10:15:00Z,5.7,TRUE,-0.0798,0.03142,-0.01277,5.92426,12.4464,0.331,-0.00134,-0.02471,-1,1,-1,Decreasing trend
19,Guana River Marsh Aquatic Preserve,Dissolved Oxygen,Bottom,Field,TRUE,2691,31,1995,2025,1995-01-10T10:30:00Z,2025-12-03T10:15:00Z,5.5,TRUE,-0.04718,0.21807,-0.00778,5.80003,7.4266,0.7636,0.0054,-0.02143,0,0,0,No detectable trend
19,Guana River Marsh Aquatic Preserve,Dissolved Oxygen,Surface,Field,TRUE,4622,31,1995,2025,1995-01-10T10:30:00Z,2025-12-03T10:15:00Z,5.82,TRUE,-0.0945,0.01251,-0.01523,6.00714,12.3746,0.3362,-0.00359,-0.02807,-1,0,-1,Decreasing trend
19,Guana River Marsh Aquatic Preserve,Dissolved Oxygen Saturation,All,Field,TRUE,1215,23,1999,2025,1999-05-19T11:50:00Z,2025-12-03T10:15:00Z,78.9,TRUE,0.11594,0.02117,0.24237,75.46251,12.2934,0.342,0.46498,0.04328,1,1,1,Increasing trend
19,Guana River Marsh Aquatic Preserve,Dissolved Oxygen Saturation,Bottom,Field,TRUE,664,23,1999,2025,1999-05-19T11:50:00Z,2025-12-03T10:15:00Z,77.9,TRUE,0.15261,0.00355,0.32887,73.65156,11.6725,0.3888,0.52723,0.08338,1,0,1,Increasing trend
19,Guana River Marsh Aquatic Preserve,Dissolved Oxygen Saturation,Surface,Field,TRUE,406,17,2000,2025,2000-05-31T15:30:00Z,2025-12-03T10:15:00Z,80.3,TRUE,0.12362,0.05156,0.33,73.08655,13.0503,0.29,0.65,0,0,0,0,No detectable trend
19,Guana River Marsh Aquatic Preserve,Salinity,All,All,TRUE,8491,31,1995,2025,1995-01-10T10:30:00Z,2025-12-03T10:15:00Z,30.9,TRUE,-0.19018,0,-0.17638,31.46456,4.3619,0.9581,-0.11392,-0.25001,-1,1,-1,Decreasing trend
19,Guana River Marsh Aquatic Preserve,Salinity,All,Field,TRUE,8491,31,1995,2025,1995-01-10T10:30:00Z,2025-12-03T10:15:00Z,30.9,TRUE,-0.19018,0,-0.17638,31.46456,4.3619,0.9581,-0.11392,-0.25001,-1,0,-1,Decreasing trend
19,Guana River Marsh Aquatic Preserve,Salinity,Bottom,All,TRUE,2842,31,1995,2025,1995-01-10T10:30:00Z,2025-12-03T10:15:00Z,31.3,TRUE,-0.12975,0.00089,-0.10773,31.50321,7.5876,0.7497,-0.04093,-0.17447,-1,0,-1,Decreasing trend
19,Guana River Marsh Aquatic Preserve,Salinity,Bottom,Field,TRUE,2842,31,1995,2025,1995-01-10T10:30:00Z,2025-12-03T10:15:00Z,31.3,TRUE,-0.12975,0.00089,-0.10773,31.50321,7.5876,0.7497,-0.04093,-0.17447,-1,0,-1,Decreasing trend
19,Guana River Marsh Aquatic Preserve,Salinity,Surface,All,TRUE,5359,31,1995,2025,1995-01-10T10:30:00Z,2025-12-03T10:15:00Z,30.7,TRUE,-0.12289,0.00114,-0.12711,31.84117,3.7687,0.9762,-0.05102,-0.20409,-1,0,-1,Decreasing trend
19,Guana River Marsh Aquatic Preserve,Salinity,Surface,Field,TRUE,5359,31,1995,2025,1995-01-10T10:30:00Z,2025-12-03T10:15:00Z,30.7,TRUE,-0.12289,0.00114,-0.12711,31.84117,3.7687,0.9762,-0.05102,-0.20409,-1,0,-1,Decreasing trend
19,Guana River Marsh Aquatic Preserve,Secchi Depth,All,Field,TRUE,1409,24,1999,2025,1999-01-27T13:25:00Z,2025-12-03T10:15:00Z,-0.7,TRUE,0.08449,0.0989,0.00354,-0.82756,10.1163,0.52,0.00791,0,0,1,0,No detectable trend
19,Guana River Marsh Aquatic Preserve,Total Nitrogen,All,Lab,TRUE,2055,29,1997,2025,1997-02-10T09:40:00Z,2025-12-03T10:15:00Z,0.609,TRUE,0.01148,0.7571,0.00038,0.56301,3.5949,0.9803,0.00438,-0.00238,0,1,0,No detectable trend
19,Guana River Marsh Aquatic Preserve,Total Nitrogen,Bottom,Lab,FALSE,117,7,2018,2025,2018-03-28T10:23:00Z,2025-06-10T12:44:00Z,1.105,,,,,,,,,,,0,2,Insufficient data
19,Guana River Marsh Aquatic Preserve,Total Nitrogen,Surface,Lab,TRUE,1747,29,1997,2025,1997-02-10T09:40:00Z,2025-12-03T10:15:00Z,0.604,TRUE,0.0003,0.99056,0.00004,0.56993,4.4905,0.9533,0.00415,-0.00305,0,0,0,No detectable trend
19,Guana River Marsh Aquatic Preserve,Total Phosphorus,All,Lab,TRUE,2974,29,1997,2025,1997-02-10T09:40:00Z,2025-12-03T10:15:00Z,0.075,TRUE,-0.23017,0,-0.00111,0.09663,8.2255,0.693,-0.00075,-0.00146,-1,1,-1,Decreasing trend
19,Guana River Marsh Aquatic Preserve,Total Phosphorus,Bottom,Lab,FALSE,119,7,2018,2025,2018-03-28T10:23:00Z,2025-06-10T12:44:00Z,0.077,,,,,,,,,,,0,2,Insufficient data
19,Guana River Marsh Aquatic Preserve,Total Phosphorus,Surface,Lab,TRUE,2508,29,1997,2025,1997-02-10T09:40:00Z,2025-12-03T10:15:00Z,0.07835,TRUE,-0.19464,0,-0.00107,0.0992,13.1254,0.2852,-0.00062,-0.00143,-1,0,-1,Decreasing trend
19,Guana River Marsh Aquatic Preserve,Total Suspended Solids,All,Lab,TRUE,1742,29,1997,2025,1997-02-10T09:40:00Z,2025-12-03T10:15:00Z,22.15,TRUE,-0.32799,0,-0.60545,30.87403,4.6098,0.9486,-0.46345,-0.73408,-1,1,-1,Decreasing trend
19,Guana River Marsh Aquatic Preserve,Total Suspended Solids,Bottom,Lab,FALSE,107,8,2017,2025,2017-04-20T08:52:00Z,2025-06-10T12:44:00Z,20,,,,,,,,,,,0,2,Insufficient data
19,Guana River Marsh Aquatic Preserve,Total Suspended Solids,Surface,Lab,TRUE,1383,29,1997,2025,1997-02-10T09:40:00Z,2025-12-03T10:15:00Z,25.3,TRUE,-0.32431,0,-0.66615,32.98026,5.9124,0.8791,-0.49722,-0.81434,-1,0,-1,Decreasing trend
19,Guana River Marsh Aquatic Preserve,Turbidity,All,All,TRUE,5310,31,1995,2025,1995-01-10T10:30:00Z,2025-12-03T10:15:00Z,5.3,TRUE,0.25359,0,0.11418,5.84615,6.3747,0.8472,0.14609,0.08236,1,0,1,Increasing trend
19,Guana River Marsh Aquatic Preserve,Turbidity,All,Field,TRUE,280,18,2002,2025,2002-05-08T11:00:00Z,2025-07-22T13:09:00Z,6.1,TRUE,0.28113,0.00001,0.2,5.425,9.9189,0.5377,0.26945,0.11542,1,0,1,Increasing trend
19,Guana River Marsh Aquatic Preserve,Turbidity,All,Lab,TRUE,5030,31,1995,2025,1995-01-10T10:30:00Z,2025-12-03T10:15:00Z,5.2,TRUE,0.22629,0,0.10506,6.04406,8.0654,0.7074,0.14077,0.06947,1,1,1,Increasing trend
19,Guana River Marsh Aquatic Preserve,Turbidity,Bottom,All,FALSE,104,6,2018,2023,2018-07-11T11:10:00Z,2023-09-13T11:50:00Z,11,,,,,,,,,,,0,2,Insufficient data
19,Guana River Marsh Aquatic Preserve,Turbidity,Bottom,Lab,FALSE,104,6,2018,2023,2018-07-11T11:10:00Z,2023-09-13T11:50:00Z,11,,,,,,,,,,,0,2,Insufficient data
19,Guana River Marsh Aquatic Preserve,Turbidity,Surface,All,TRUE,5088,31,1995,2025,1995-01-10T10:30:00Z,2025-12-03T10:15:00Z,5.2,TRUE,0.19518,0,0.08824,6.0591,8.6783,0.6516,0.12207,0.05534,1,0,1,Increasing trend
19,Guana River Marsh Aquatic Preserve,Turbidity,Surface,Field,TRUE,274,17,2002,2025,2002-05-08T11:00:00Z,2025-07-22T13:09:00Z,6.1,TRUE,0.25662,0.00009,0.19111,5.44375,9.8221,0.5465,0.28076,0.10422,1,0,1,Increasing trend
19,Guana River Marsh Aquatic Preserve,Turbidity,Surface,Lab,TRUE,4814,31,1995,2025,1995-01-10T10:30:00Z,2025-12-03T10:15:00Z,5.1,TRUE,0.17411,0.00001,0.07337,5.86693,10.8889,0.4526,0.10954,0.04306,1,0,1,Increasing trend
19,Guana River Marsh Aquatic Preserve,Water Temperature,All,Field,TRUE,8398,31,1995,2025,1995-01-10T10:30:00Z,2025-12-03T10:15:00Z,23.1,TRUE,0.1337,0.00028,0.03427,22.65044,3.3552,0.9852,0.05316,0.01638,1,1,1,Increasing trend
19,Guana River Marsh Aquatic Preserve,Water Temperature,Bottom,Field,TRUE,2917,31,1995,2025,1995-01-10T10:30:00Z,2025-12-03T10:15:00Z,23.1,TRUE,0.14386,0.0002,0.04208,22.34327,4.0582,0.9682,0.06435,0.02051,1,0,1,Increasing trend
19,Guana River Marsh Aquatic Preserve,Water Temperature,Surface,Field,TRUE,5074,31,1995,2025,1995-01-10T10:30:00Z,2025-12-03T10:15:00Z,23,TRUE,0.0848,0.02103,0.02134,22.79498,3.1056,0.9893,0.0432,0.00233,1,0,1,Increasing trend
19,Guana River Marsh Aquatic Preserve,pH,All,Field,TRUE,6261,31,1995,2025,1995-01-10T10:30:00Z,2025-12-03T10:15:00Z,7.7,TRUE,-0.12166,0.0009,-0.00379,7.68022,11.2495,0.4226,-0.0016,-0.00623,-1,1,-1,Decreasing trend
19,Guana River Marsh Aquatic Preserve,pH,Bottom,Field,TRUE,1099,29,1997,2025,1997-04-14T09:50:00Z,2025-12-03T10:15:00Z,7.51,TRUE,0.28112,0,0.01083,7.38981,15.7953,0.1489,0.01356,0.00759,1,0,1,Increasing trend
19,Guana River Marsh Aquatic Preserve,pH,Surface,Field,TRUE,4773,31,1995,2025,1995-01-10T10:30:00Z,2025-12-03T10:15:00Z,7.7,TRUE,-0.1476,0.00009,-0.00496,7.7594,8.5887,0.6598,-0.0025,-0.00774,-1,0,-1,Decreasing trend
20,Guana Tolomato Matanzas National Estuarine Research Reserve,"Chlorophyll a, Corrected for Pheophytin",All,Lab,TRUE,8337,24,2002,2025,2002-05-08T08:15:00Z,2025-12-03T10:15:00Z,4.7,TRUE,0.30003,0,0.16594,3.93818,2.3831,0.9966,0.21954,0.11987,1,1,1,Increasing trend
20,Guana Tolomato Matanzas National Estuarine Research Reserve,"Chlorophyll a, Corrected for Pheophytin",Bottom,Lab,FALSE,166,7,2018,2025,2018-03-28T10:23:00Z,2025-11-05T11:59:00Z,11,,,,,,,,,,,0,2,Insufficient data
20,Guana Tolomato Matanzas National Estuarine Research Reserve,"Chlorophyll a, Corrected for Pheophytin",Surface,Lab,TRUE,6909,24,2002,2025,2002-05-08T08:15:00Z,2025-12-03T10:15:00Z,4.8,TRUE,0.26436,0,0.15649,4.37087,3.9134,0.9724,0.21123,0.10765,1,0,1,Increasing trend
20,Guana Tolomato Matanzas National Estuarine Research Reserve,"Chlorophyll a, Uncorrected for Pheophytin",All,Lab,TRUE,6544,24,2002,2025,2002-05-08T08:15:00Z,2025-12-03T10:15:00Z,6.3,TRUE,0.24322,0,0.17819,5.79225,2.621,0.9948,0.23575,0.11188,1,1,1,Increasing trend
20,Guana Tolomato Matanzas National Estuarine Research Reserve,"Chlorophyll a, Uncorrected for Pheophytin",Bottom,Lab,FALSE,164,7,2018,2025,2018-03-28T10:23:00Z,2025-11-05T11:59:00Z,13,,,,,,,,,,,0,2,Insufficient data
20,Guana Tolomato Matanzas National Estuarine Research Reserve,"Chlorophyll a, Uncorrected for Pheophytin",Surface,Lab,TRUE,5172,24,2002,2025,2002-05-08T08:15:00Z,2025-12-03T10:15:00Z,6.5,TRUE,0.24683,0,0.17989,5.98089,3.2934,0.9863,0.24684,0.1228,1,0,1,Increasing trend
20,Guana Tolomato Matanzas National Estuarine Research Reserve,Colored Dissolved Organic Matter,All,Lab,TRUE,1971,14,2007,2025,2007-01-02T10:30:00Z,2025-12-03T10:15:00Z,32.8,TRUE,-0.23056,0.00039,-1.13096,46.79471,6.2898,0.8533,-0.64558,-1.78859,-1,1,-1,Decreasing trend
20,Guana Tolomato Matanzas National Estuarine Research Reserve,Colored Dissolved Organic Matter,Bottom,Lab,FALSE,37,6,2018,2025,2018-12-05T10:36:00Z,2025-11-05T11:59:00Z,130,,,,,,,,,,,0,2,Insufficient data
20,Guana Tolomato Matanzas National Estuarine Research Reserve,Colored Dissolved Organic Matter,Surface,Lab,TRUE,1728,14,2007,2025,2007-01-02T10:30:00Z,2025-12-03T10:15:00Z,34.2,TRUE,-0.34903,0,-1.45982,40.24016,11.4662,0.4051,-1.09736,-2.04065,-1,0,-1,Decreasing trend
20,Guana Tolomato Matanzas National Estuarine Research Reserve,Dissolved Oxygen,All,Field,TRUE,22781,31,1995,2025,1995-01-09T09:15:00Z,2025-12-03T10:15:00Z,6,TRUE,-0.1678,0.00001,-0.02493,6.18289,20.1223,0.0437,-0.01433,-0.03524,-1,1,-1,Decreasing trend
20,Guana Tolomato Matanzas National Estuarine Research Reserve,Dissolved Oxygen,Bottom,Field,TRUE,6393,31,1995,2025,1995-01-09T09:20:00Z,2025-12-03T10:15:00Z,5.8,TRUE,-0.08792,0.02091,-0.0134,6.12938,11.189,0.4276,-0.00143,-0.02555,-1,0,-1,Decreasing trend
20,Guana Tolomato Matanzas National Estuarine Research Reserve,Dissolved Oxygen,Surface,Field,TRUE,14903,31,1995,2025,1995-01-09T09:15:00Z,2025-12-03T10:15:00Z,6.01,TRUE,-0.19037,0,-0.03155,6.18421,21.8274,0.0257,-0.02087,-0.0425,-1,0,-1,Decreasing trend
20,Guana Tolomato Matanzas National Estuarine Research Reserve,Dissolved Oxygen Saturation,All,Field,TRUE,2522,24,1999,2025,1999-05-19T11:50:00Z,2025-12-03T10:15:00Z,81.7,TRUE,0.11881,0.0151,0.26134,79.00647,11.8447,0.3754,0.46654,0.06465,1,1,1,Increasing trend
20,Guana Tolomato Matanzas National Estuarine Research Reserve,Dissolved Oxygen Saturation,Bottom,Field,TRUE,1259,24,1999,2025,1999-05-19T11:50:00Z,2025-12-03T10:15:00Z,81,TRUE,0.22327,0.00002,0.41908,73.79511,8.2907,0.6871,0.61492,0.23145,1,0,1,Increasing trend
20,Guana Tolomato Matanzas National Estuarine Research Reserve,Dissolved Oxygen Saturation,Surface,Field,TRUE,995,18,2000,2025,2000-05-31T15:30:00Z,2025-12-03T10:15:00Z,83,TRUE,0.01112,0.79542,0.05663,85.21024,17.2362,0.1011,0.3437,-0.29781,0,0,0,No detectable trend
20,Guana Tolomato Matanzas National Estuarine Research Reserve,Salinity,All,All,TRUE,26179,32,1980,2025,1980-11-28T00:00:00Z,2025-12-03T10:15:00Z,31.7,TRUE,-0.36753,0,-0.31767,37.22153,3.1193,0.9891,-0.25572,-0.37087,-1,1,-1,Decreasing trend
20,Guana Tolomato Matanzas National Estuarine Research Reserve,Salinity,All,Field,TRUE,26179,32,1980,2025,1980-11-28T00:00:00Z,2025-12-03T10:15:00Z,31.7,TRUE,-0.36753,0,-0.31767,37.22153,3.1193,0.9891,-0.25572,-0.37087,-1,0,-1,Decreasing trend
20,Guana Tolomato Matanzas National Estuarine Research Reserve,Salinity,Bottom,All,TRUE,7074,31,1995,2025,1995-01-09T09:20:00Z,2025-12-03T10:15:00Z,32.4,TRUE,-0.1948,0,-0.14597,33.37958,9.1446,0.6085,-0.09218,-0.20709,-1,0,-1,Decreasing trend
20,Guana Tolomato Matanzas National Estuarine Research Reserve,Salinity,Bottom,Field,TRUE,7074,31,1995,2025,1995-01-09T09:20:00Z,2025-12-03T10:15:00Z,32.4,TRUE,-0.1948,0,-0.14597,33.37958,9.1446,0.6085,-0.09218,-0.20709,-1,0,-1,Decreasing trend
20,Guana Tolomato Matanzas National Estuarine Research Reserve,Salinity,Surface,All,TRUE,17929,32,1980,2025,1980-11-28T00:00:00Z,2025-12-03T10:15:00Z,31.5,TRUE,-0.35587,0,-0.34214,39.01049,3.1038,0.9893,-0.27752,-0.40747,-1,0,-1,Decreasing trend
20,Guana Tolomato Matanzas National Estuarine Research Reserve,Salinity,Surface,Field,TRUE,17929,32,1980,2025,1980-11-28T00:00:00Z,2025-12-03T10:15:00Z,31.5,TRUE,-0.35587,0,-0.34214,39.01049,3.1038,0.9893,-0.27752,-0.40747,-1,0,-1,Decreasing trend
20,Guana Tolomato Matanzas National Estuarine Research Reserve,Secchi Depth,All,Field,TRUE,3007,26,1999,2025,1999-01-27T13:25:00Z,2025-12-03T10:15:00Z,-0.8,TRUE,0.06632,0.17425,0.00234,-0.84475,11.7867,0.3799,0.00543,-0.00069,0,1,0,No detectable trend
20,Guana Tolomato Matanzas National Estuarine Research Reserve,Total Nitrogen,All,Lab,TRUE,6124,29,1997,2025,1997-02-10T09:40:00Z,2025-12-03T10:15:00Z,0.54695,TRUE,0.00251,0.95591,0.00005,0.60015,2.5213,0.9957,0.00268,-0.0028,0,1,0,No detectable trend
20,Guana Tolomato Matanzas National Estuarine Research Reserve,Total Nitrogen,Bottom,Lab,FALSE,164,7,2018,2025,2018-03-28T10:23:00Z,2025-11-05T11:59:00Z,0.96,,,,,,,,,,,0,2,Insufficient data
20,Guana Tolomato Matanzas National Estuarine Research Reserve,Total Nitrogen,Surface,Lab,TRUE,5363,29,1997,2025,1997-02-10T09:40:00Z,2025-12-03T10:15:00Z,0.5552,TRUE,0.03226,0.39873,0.00132,0.60812,3.3444,0.9853,0.00435,-0.00176,0,0,0,No detectable trend
20,Guana Tolomato Matanzas National Estuarine Research Reserve,Total Phosphorus,All,Lab,TRUE,9777,29,1997,2025,1997-02-10T09:40:00Z,2025-12-03T10:15:00Z,0.071,TRUE,-0.21823,0,-0.00076,0.08669,8.2873,0.6874,-0.0005,-0.00098,-1,1,-1,Decreasing trend
20,Guana Tolomato Matanzas National Estuarine Research Reserve,Total Phosphorus,Bottom,Lab,FALSE,177,8,2013,2025,2013-02-28T11:35:00Z,2025-11-05T11:59:00Z,0.071,,,,,,,,,,,0,2,Insufficient data
20,Guana Tolomato Matanzas National Estuarine Research Reserve,Total Phosphorus,Surface,Lab,TRUE,8059,29,1997,2025,1997-02-10T09:40:00Z,2025-12-03T10:15:00Z,0.074,TRUE,-0.13417,0.00044,-0.00048,0.08204,11.1708,0.4291,-0.00022,-0.00074,-1,0,-1,Decreasing trend
20,Guana Tolomato Matanzas National Estuarine Research Reserve,Total Suspended Solids,All,Lab,TRUE,5276,29,1997,2025,1997-02-10T09:40:00Z,2025-12-03T10:15:00Z,17,TRUE,-0.38129,0,-0.6179,28.90548,5.7563,0.8891,-0.49711,-0.72884,-1,1,-1,Decreasing trend
20,Guana Tolomato Matanzas National Estuarine Research Reserve,Total Suspended Solids,Bottom,Lab,FALSE,154,7,2018,2025,2018-07-11T11:10:00Z,2025-11-05T11:59:00Z,15,,,,,,,,,,,0,2,Insufficient data
20,Guana Tolomato Matanzas National Estuarine Research Reserve,Total Suspended Solids,Surface,Lab,TRUE,3851,29,1997,2025,1997-02-10T09:40:00Z,2025-12-03T10:15:00Z,18.8,TRUE,-0.36572,0,-0.66172,28.53815,4.0608,0.9681,-0.53906,-0.78747,-1,0,-1,Decreasing trend
20,Guana Tolomato Matanzas National Estuarine Research Reserve,Turbidity,All,All,TRUE,17548,31,1995,2025,1995-01-09T09:15:00Z,2025-12-03T10:15:00Z,4.8,TRUE,0.33311,0,0.13175,4.50465,7.8248,0.7289,0.16069,0.10538,1,0,1,Increasing trend
20,Guana Tolomato Matanzas National Estuarine Research Reserve,Turbidity,All,Field,TRUE,2663,18,2002,2025,2002-05-08T08:15:00Z,2025-08-12T09:57:00Z,7.1,TRUE,0.39905,0,0.29242,5.6593,5.1157,0.9254,0.38116,0.18969,1,0,1,Increasing trend
20,Guana Tolomato Matanzas National Estuarine Research Reserve,Turbidity,All,Lab,TRUE,14885,31,1995,2025,1995-01-09T09:15:00Z,2025-12-03T10:15:00Z,4.5,TRUE,0.26559,0,0.09917,4.57195,5.1999,0.9211,0.12581,0.07257,1,1,1,Increasing trend
20,Guana Tolomato Matanzas National Estuarine Research Reserve,Turbidity,Bottom,All,FALSE,146,7,2009,2023,2009-04-21T11:08:00Z,2023-12-13T11:50:00Z,8.7,,,,,,,,,,,0,2,Insufficient data
20,Guana Tolomato Matanzas National Estuarine Research Reserve,Turbidity,Bottom,Field,FALSE,2,1,2009,2009,2009-04-21T11:08:00Z,2009-04-21T11:45:00Z,5.4,,,,,,,,,,,0,2,Insufficient data
20,Guana Tolomato Matanzas National Estuarine Research Reserve,Turbidity,Bottom,Lab,FALSE,144,6,2018,2023,2018-07-11T11:10:00Z,2023-12-13T11:50:00Z,8.75,,,,,,,,,,,0,2,Insufficient data
20,Guana Tolomato Matanzas National Estuarine Research Reserve,Turbidity,Surface,All,TRUE,17103,31,1995,2025,1995-01-09T09:15:00Z,2025-12-03T10:15:00Z,4.8,TRUE,0.29105,0,0.11064,4.85022,7.7306,0.7372,0.1415,0.08196,1,0,1,Increasing trend
20,Guana Tolomato Matanzas National Estuarine Research Reserve,Turbidity,Surface,Field,TRUE,2593,18,2002,2025,2002-05-08T08:15:00Z,2025-08-12T09:57:00Z,7.1,TRUE,0.41856,0,0.34605,5.72603,4.1569,0.9651,0.40772,0.24881,1,0,1,Increasing trend
20,Guana Tolomato Matanzas National Estuarine Research Reserve,Turbidity,Surface,Lab,TRUE,14510,31,1995,2025,1995-01-09T09:15:00Z,2025-12-03T10:15:00Z,4.4,TRUE,0.23315,0,0.08316,4.7093,5.6727,0.8943,0.10797,0.05452,1,0,1,Increasing trend
20,Guana Tolomato Matanzas National Estuarine Research Reserve,Water Temperature,All,Field,TRUE,25682,31,1995,2025,1995-01-09T09:15:00Z,2025-12-03T10:15:00Z,23.3,TRUE,0.22923,0,0.05686,22.25083,19.4119,0.0541,0.07246,0.03776,1,1,1,Increasing trend
20,Guana Tolomato Matanzas National Estuarine Research Reserve,Water Temperature,Bottom,Field,TRUE,7224,31,1995,2025,1995-01-09T09:20:00Z,2025-12-03T10:15:00Z,23.2,TRUE,0.18436,0,0.04675,22.17668,11.0745,0.437,0.06697,0.02715,1,0,1,Increasing trend
20,Guana Tolomato Matanzas National Estuarine Research Reserve,Water Temperature,Surface,Field,TRUE,16847,31,1995,2025,1995-01-09T09:15:00Z,2025-12-03T10:15:00Z,23.4,TRUE,0.23076,0,0.05713,22.05761,33.0679,0.0005,0.07569,0.03906,1,0,1,Increasing trend
20,Guana Tolomato Matanzas National Estuarine Research Reserve,pH,All,Field,TRUE,19050,31,1995,2025,1995-01-09T09:15:00Z,2025-12-03T10:15:00Z,7.8,TRUE,-0.36631,0,-0.01359,7.84421,3.6291,0.9795,-0.01116,-0.01627,-1,1,-1,Decreasing trend
20,Guana Tolomato Matanzas National Estuarine Research Reserve,pH,Bottom,Field,TRUE,1921,29,1997,2025,1997-02-10T12:05:00Z,2025-12-03T10:15:00Z,7.66,TRUE,0.21935,0,0.00887,7.48736,22.968,0.0179,0.01162,0.00592,1,0,1,Increasing trend
20,Guana Tolomato Matanzas National Estuarine Research Reserve,pH,Surface,Field,TRUE,15582,31,1995,2025,1995-01-09T09:15:00Z,2025-12-03T10:15:00Z,7.8,TRUE,-0.39786,0,-0.01716,7.90471,3.996,0.97,-0.01454,-0.01979,-1,0,-1,Decreasing trend
21,Indian River-Malabar to Vero Beach Aquatic Preserve,"Chlorophyll a, Corrected for Pheophytin",All,Lab,TRUE,819,19,2003,2025,2003-03-12T13:50:00Z,2025-04-23T10:23:00Z,4.6992,TRUE,0.1962,0.00275,0.14425,3.75918,4.3734,0.9577,0.23589,0.05993,1,1,1,Increasing trend
21,Indian River-Malabar to Vero Beach Aquatic Preserve,"Chlorophyll a, Corrected for Pheophytin",Bottom,Lab,FALSE,85,6,2020,2025,2020-03-17T11:30:00Z,2025-03-11T11:22:00Z,5.0997,,,,,,,,,,,0,2,Insufficient data
21,Indian River-Malabar to Vero Beach Aquatic Preserve,"Chlorophyll a, Corrected for Pheophytin",Surface,Lab,TRUE,734,19,2003,2025,2003-03-12T13:50:00Z,2025-04-23T10:23:00Z,4.6,TRUE,0.20543,0.00141,0.16139,3.25417,4.2445,0.9622,0.23913,0.07476,1,0,1,Increasing trend
21,Indian River-Malabar to Vero Beach Aquatic Preserve,"Chlorophyll a, Uncorrected for Pheophytin",All,Lab,TRUE,687,19,2000,2025,2000-08-23T00:00:00Z,2025-04-23T10:23:00Z,5.7,TRUE,0.08913,0.05961,0.136,5.72237,13.5517,0.2588,0.26665,-0.00499,0,1,0,No detectable trend
21,Indian River-Malabar to Vero Beach Aquatic Preserve,"Chlorophyll a, Uncorrected for Pheophytin",Bottom,Lab,FALSE,85,6,2020,2025,2020-03-17T11:30:00Z,2025-03-11T11:22:00Z,6.4,,,,,,,,,,,0,2,Insufficient data
21,Indian River-Malabar to Vero Beach Aquatic Preserve,"Chlorophyll a, Uncorrected for Pheophytin",Surface,Lab,TRUE,602,19,2000,2025,2000-08-23T00:00:00Z,2025-04-23T10:23:00Z,5.59546,TRUE,0.07989,0.07562,0.13111,6.6036,14.0364,0.231,0.25487,-0.03923,0,0,0,No detectable trend
21,Indian River-Malabar to Vero Beach Aquatic Preserve,Colored Dissolved Organic Matter,All,Lab,TRUE,552,10,2016,2025,2016-06-13T09:50:00Z,2025-04-23T10:23:00Z,14.45339,TRUE,0.27366,0.00554,1.29894,10.99932,10.0546,0.5255,2.34135,0.37099,1,1,1,Increasing trend
21,Indian River-Malabar to Vero Beach Aquatic Preserve,Colored Dissolved Organic Matter,Bottom,Lab,FALSE,71,6,2020,2025,2020-05-06T10:30:00Z,2025-03-11T11:22:00Z,13.1987,,,,,,,,,,,0,2,Insufficient data
21,Indian River-Malabar to Vero Beach Aquatic Preserve,Colored Dissolved Organic Matter,Surface,Lab,TRUE,481,10,2016,2025,2016-06-13T09:50:00Z,2025-04-23T10:23:00Z,14.7011,TRUE,0.25125,0.01089,1.28938,10.062,7.6072,0.748,2.57084,0.40367,1,0,1,Increasing trend
21,Indian River-Malabar to Vero Beach Aquatic Preserve,Dissolved Oxygen,All,Field,TRUE,57897,35,1991,2025,1991-06-22T09:00:00Z,2025-09-30T11:05:00Z,6.2,TRUE,-0.14588,0.00003,-0.01482,6.36919,9.411,0.584,-0.00787,-0.02117,-1,1,-1,Decreasing trend
21,Indian River-Malabar to Vero Beach Aquatic Preserve,Dissolved Oxygen,Bottom,Field,TRUE,13149,35,1991,2025,1991-06-22T09:00:00Z,2025-09-30T11:05:00Z,5.8,TRUE,-0.33219,0,-0.05387,6.84097,28.4006,0.0028,-0.04226,-0.06549,-1,0,-1,Decreasing trend
21,Indian River-Malabar to Vero Beach Aquatic Preserve,Dissolved Oxygen,Surface,Field,TRUE,41482,35,1991,2025,1991-10-01T00:00:00Z,2025-09-30T11:05:00Z,6.4,TRUE,-0.12691,0.00032,-0.0119,6.45741,13.6979,0.2502,-0.00549,-0.01885,-1,0,-1,Decreasing trend
21,Indian River-Malabar to Vero Beach Aquatic Preserve,Dissolved Oxygen Saturation,All,Field,TRUE,13457,35,1991,2025,1991-06-22T09:00:00Z,2025-09-30T11:05:00Z,69.8,TRUE,0.41835,0,1.37353,24.94243,3.9012,0.9727,1.54619,1.21204,1,1,1,Increasing trend
21,Indian River-Malabar to Vero Beach Aquatic Preserve,Dissolved Oxygen Saturation,Bottom,Field,TRUE,3673,29,1991,2025,1991-06-22T09:00:00Z,2025-09-30T11:05:00Z,83.6,TRUE,-0.20034,0.00001,-0.37424,87.7073,39.7911,0,-0.21443,-0.53955,-1,0,-1,Decreasing trend
21,Indian River-Malabar to Vero Beach Aquatic Preserve,Dissolved Oxygen Saturation,Surface,Field,TRUE,9505,35,1991,2025,1991-06-24T00:00:00Z,2025-09-30T11:05:00Z,50.51,TRUE,0.6686,0,2.88411,-6.85687,0.677,1,3.03219,2.72765,1,0,1,Increasing trend
21,Indian River-Malabar to Vero Beach Aquatic Preserve,Salinity,All,All,TRUE,60981,38,1972,2025,1972-11-16T00:00:00Z,2025-09-30T11:05:00Z,26.1,TRUE,-0.20715,0,-0.14132,29.22504,6.6483,0.8268,-0.09634,-0.18381,-1,1,-1,Decreasing trend
21,Indian River-Malabar to Vero Beach Aquatic Preserve,Salinity,All,Field,TRUE,60981,38,1972,2025,1972-11-16T00:00:00Z,2025-09-30T11:05:00Z,26.1,TRUE,-0.20715,0,-0.14132,29.22504,6.6483,0.8268,-0.09634,-0.18381,-1,0,-1,Decreasing trend
21,Indian River-Malabar to Vero Beach Aquatic Preserve,Salinity,Bottom,All,TRUE,13674,35,1991,2025,1991-06-22T09:00:00Z,2025-09-30T11:05:00Z,28.71,TRUE,-0.08296,0.02068,-0.06567,27.2338,3.7559,0.9765,-0.01237,-0.11842,-1,0,-1,Decreasing trend
21,Indian River-Malabar to Vero Beach Aquatic Preserve,Salinity,Bottom,Field,TRUE,13673,35,1991,2025,1991-06-22T09:00:00Z,2025-09-30T11:05:00Z,28.71,TRUE,-0.08265,0.02118,-0.06555,27.2338,3.7522,0.9766,-0.01198,-0.1179,-1,0,-1,Decreasing trend
21,Indian River-Malabar to Vero Beach Aquatic Preserve,Salinity,Surface,All,TRUE,44038,38,1972,2025,1972-11-16T00:00:00Z,2025-09-30T11:05:00Z,24.9,TRUE,-0.18298,0,-0.13574,28.21619,10.2751,0.5058,-0.08554,-0.17907,-1,0,-1,Decreasing trend
21,Indian River-Malabar to Vero Beach Aquatic Preserve,Salinity,Surface,Field,TRUE,44038,38,1972,2025,1972-11-16T00:00:00Z,2025-09-30T11:05:00Z,24.9,TRUE,-0.18298,0,-0.13574,28.21619,10.2751,0.5058,-0.08554,-0.17907,-1,0,-1,Decreasing trend
21,Indian River-Malabar to Vero Beach Aquatic Preserve,Secchi Depth,All,Field,TRUE,27916,35,1991,2025,1991-11-05T00:00:00Z,2025-12-30T09:00:00Z,-0.8,TRUE,-0.0966,0.00618,-0.00212,-0.79576,6.6445,0.8271,-0.0005,-0.00362,-1,1,-1,Decreasing trend
21,Indian River-Malabar to Vero Beach Aquatic Preserve,Total Nitrogen,All,Lab,TRUE,3272,29,1997,2025,1997-10-13T09:40:00Z,2025-04-23T10:23:00Z,0.644,TRUE,-0.33715,0,-0.01313,0.76472,6.9304,0.8047,-0.0105,-0.01587,-1,1,-1,Decreasing trend
21,Indian River-Malabar to Vero Beach Aquatic Preserve,Total Nitrogen,Bottom,Lab,FALSE,87,7,2002,2025,2002-11-12T11:30:00Z,2025-03-11T11:22:00Z,0.476,,,,,,,,,,,0,2,Insufficient data
21,Indian River-Malabar to Vero Beach Aquatic Preserve,Total Nitrogen,Surface,Lab,TRUE,2830,29,1997,2025,1997-10-13T09:40:00Z,2025-04-23T10:23:00Z,0.6245,TRUE,-0.33319,0,-0.01335,0.76344,11.3972,0.4106,-0.01098,-0.01625,-1,0,-1,Decreasing trend
21,Indian River-Malabar to Vero Beach Aquatic Preserve,Total Phosphorus,All,Lab,TRUE,6660,29,1997,2025,1997-05-29T08:20:00Z,2025-04-23T10:23:00Z,0.054,TRUE,0.04702,0.21785,0.00012,0.05804,13.6018,0.2558,0.00034,-0.00008,0,1,0,No detectable trend
21,Indian River-Malabar to Vero Beach Aquatic Preserve,Total Phosphorus,Bottom,Lab,FALSE,148,6,2020,2025,2020-03-17T11:30:00Z,2025-03-11T11:22:00Z,0.07105,,,,,,,,,,,0,2,Insufficient data
21,Indian River-Malabar to Vero Beach Aquatic Preserve,Total Phosphorus,Surface,Lab,TRUE,5799,29,1997,2025,1997-05-29T08:20:00Z,2025-04-23T10:23:00Z,0.0549,TRUE,-0.00133,1,0,0.06193,17.0936,0.1051,0.0002,-0.00019,0,0,0,No detectable trend
21,Indian River-Malabar to Vero Beach Aquatic Preserve,Total Suspended Solids,All,Lab,TRUE,3381,28,1997,2025,1997-05-29T08:20:00Z,2025-04-23T10:23:00Z,9,TRUE,-0.35872,0,-0.35864,14.50068,4.7155,0.9442,-0.27592,-0.44399,-1,1,-1,Decreasing trend
21,Indian River-Malabar to Vero Beach Aquatic Preserve,Total Suspended Solids,Bottom,Lab,FALSE,85,6,2020,2025,2020-03-17T11:30:00Z,2025-03-11T11:22:00Z,7.7,,,,,,,,,,,0,2,Insufficient data
21,Indian River-Malabar to Vero Beach Aquatic Preserve,Total Suspended Solids,Surface,Lab,TRUE,2950,28,1997,2025,1997-05-29T08:20:00Z,2025-04-23T10:23:00Z,8.5,TRUE,-0.35407,0,-0.33542,14.10113,5.199,0.9211,-0.25327,-0.42571,-1,0,-1,Decreasing trend
21,Indian River-Malabar to Vero Beach Aquatic Preserve,Turbidity,All,All,TRUE,16068,31,1995,2025,1995-01-10T10:25:00Z,2025-04-23T10:23:00Z,2.9,TRUE,-0.10306,0.01251,-0.01782,3.62607,20.4477,0.0396,-0.00423,-0.03177,-1,0,-1,Decreasing trend
21,Indian River-Malabar to Vero Beach Aquatic Preserve,Turbidity,All,Field,TRUE,1539,18,2003,2020,2003-10-15T11:10:00Z,2020-03-18T12:05:00Z,4,TRUE,-0.0858,0.16972,-0.04439,4.88386,7.4779,0.7592,0.02301,-0.10016,0,0,0,No detectable trend
21,Indian River-Malabar to Vero Beach Aquatic Preserve,Turbidity,All,Lab,TRUE,14529,31,1995,2025,1995-01-10T10:25:00Z,2025-04-23T10:23:00Z,2.8,TRUE,-0.15116,0.00013,-0.02582,3.49492,15.4952,0.1609,-0.01349,-0.03975,-1,1,-1,Decreasing trend
21,Indian River-Malabar to Vero Beach Aquatic Preserve,Turbidity,Bottom,All,TRUE,1141,22,2004,2025,2004-01-26T00:00:00Z,2025-03-11T11:22:00Z,3.84,TRUE,-0.21323,0.00006,-0.09196,5.09315,6.264,0.8552,-0.05133,-0.14173,-1,0,-1,Decreasing trend
21,Indian River-Malabar to Vero Beach Aquatic Preserve,Turbidity,Bottom,Field,TRUE,1056,17,2004,2020,2004-01-26T00:00:00Z,2020-03-18T12:05:00Z,3.96,TRUE,-0.08306,0.27513,-0.04819,4.93674,12.6097,0.3196,0.02773,-0.13497,0,0,0,No detectable trend
21,Indian River-Malabar to Vero Beach Aquatic Preserve,Turbidity,Bottom,Lab,FALSE,85,6,2020,2025,2020-03-17T11:30:00Z,2025-03-11T11:22:00Z,2.9,,,,,,,,,,,0,2,Insufficient data
21,Indian River-Malabar to Vero Beach Aquatic Preserve,Turbidity,Surface,All,TRUE,14570,31,1995,2025,1995-01-10T10:25:00Z,2025-04-23T10:23:00Z,2.8,TRUE,-0.16701,0.00003,-0.02884,3.53183,15.6405,0.155,-0.01476,-0.04308,-1,0,-1,Decreasing trend
21,Indian River-Malabar to Vero Beach Aquatic Preserve,Turbidity,Surface,Field,TRUE,483,16,2003,2020,2003-10-15T11:10:00Z,2020-03-18T11:15:00Z,4,TRUE,-0.01456,0.84073,-0.01075,4.33562,9.2261,0.601,0.10152,-0.10856,0,0,0,No detectable trend
21,Indian River-Malabar to Vero Beach Aquatic Preserve,Turbidity,Surface,Lab,TRUE,14087,31,1995,2025,1995-01-10T10:25:00Z,2025-04-23T10:23:00Z,2.8,TRUE,-0.16113,0.00005,-0.02871,3.46882,16.8711,0.1117,-0.01449,-0.04252,-1,0,-1,Decreasing trend
21,Indian River-Malabar to Vero Beach Aquatic Preserve,Water Temperature,All,Field,TRUE,60098,37,1972,2025,1972-11-16T00:00:00Z,2025-09-30T11:05:00Z,25.5,TRUE,0.24563,0,0.04502,23.0521,6.0158,0.8723,0.05675,0.03275,1,1,1,Increasing trend
21,Indian River-Malabar to Vero Beach Aquatic Preserve,Water Temperature,Bottom,Field,TRUE,13849,35,1991,2025,1991-06-22T09:00:00Z,2025-09-30T11:05:00Z,25.37,TRUE,0.3032,0,0.06651,23.64862,6.6043,0.8302,0.08105,0.05287,1,0,1,Increasing trend
21,Indian River-Malabar to Vero Beach Aquatic Preserve,Water Temperature,Surface,Field,TRUE,42972,37,1972,2025,1972-11-16T00:00:00Z,2025-09-30T11:05:00Z,25.5,TRUE,0.16964,0,0.03126,23.71585,9.9357,0.5362,0.04388,0.01893,1,0,1,Increasing trend
21,Indian River-Malabar to Vero Beach Aquatic Preserve,pH,All,Field,TRUE,49086,36,1980,2025,1980-12-04T00:00:00Z,2025-09-30T11:05:00Z,8,TRUE,-0.43918,0,-0.00998,8.24068,6.1429,0.8637,-0.00859,-0.01131,-1,1,-1,Decreasing trend
21,Indian River-Malabar to Vero Beach Aquatic Preserve,pH,Bottom,Field,TRUE,5550,31,1994,2025,1994-08-03T00:00:00Z,2025-09-30T11:05:00Z,7.97,TRUE,-0.18587,0,-0.00663,8.03471,15.1659,0.175,-0.00391,-0.00949,-1,0,-1,Decreasing trend
21,Indian River-Malabar to Vero Beach Aquatic Preserve,pH,Surface,Field,TRUE,40267,36,1980,2025,1980-12-04T00:00:00Z,2025-09-30T11:05:00Z,8,TRUE,-0.42716,0,-0.01012,8.25256,4.7329,0.9434,-0.0087,-0.0114,-1,0,-1,Decreasing trend
22,Indian River-Vero Beach to Ft. Pierce Aquatic Preserve,"Chlorophyll a, Corrected for Pheophytin",All,Lab,TRUE,283,16,2002,2025,2002-05-28T09:38:00Z,2025-03-11T12:50:00Z,2.9904,TRUE,-0.22844,0.00838,-0.10241,7.30492,14.8467,0.1896,-0.01438,-0.21819,-1,1,-1,Decreasing trend
22,Indian River-Vero Beach to Ft. Pierce Aquatic Preserve,"Chlorophyll a, Corrected for Pheophytin",Bottom,Lab,FALSE,25,5,2020,2024,2020-05-06T09:25:00Z,2024-08-12T10:53:00Z,2.1894,,,,,,,,,,,0,2,Insufficient data
22,Indian River-Vero Beach to Ft. Pierce Aquatic Preserve,"Chlorophyll a, Corrected for Pheophytin",Surface,Lab,TRUE,257,16,2002,2025,2002-05-28T09:38:00Z,2025-03-11T12:50:00Z,3.0438,TRUE,-0.19648,0.0228,-0.07077,7.64572,16.1118,0.137,-0.00806,-0.21091,-1,0,-1,Decreasing trend
22,Indian River-Vero Beach to Ft. Pierce Aquatic Preserve,"Chlorophyll a, Uncorrected for Pheophytin",All,Lab,TRUE,214,14,2001,2025,2001-07-29T16:15:00Z,2025-03-11T12:50:00Z,3.69656,TRUE,-0.27614,0.00133,-0.20523,6.69834,11.3347,0.4157,-0.05553,-0.3278,-1,1,-1,Decreasing trend
22,Indian River-Vero Beach to Ft. Pierce Aquatic Preserve,"Chlorophyll a, Uncorrected for Pheophytin",Bottom,Lab,FALSE,25,5,2020,2024,2020-05-06T09:25:00Z,2024-08-12T10:53:00Z,2.45764,,,,,,,,,,,0,2,Insufficient data
22,Indian River-Vero Beach to Ft. Pierce Aquatic Preserve,"Chlorophyll a, Uncorrected for Pheophytin",Surface,Lab,TRUE,188,14,2001,2025,2001-08-14T08:54:00Z,2025-03-11T12:50:00Z,3.8,TRUE,-0.24652,0.00511,-0.20013,6.36391,12.8603,0.3026,-0.04957,-0.33125,-1,0,-1,Decreasing trend
22,Indian River-Vero Beach to Ft. Pierce Aquatic Preserve,Colored Dissolved Organic Matter,All,Lab,TRUE,194,10,2016,2025,2016-06-16T10:00:00Z,2025-10-14T09:34:00Z,10.76592,TRUE,0.09099,0.3556,0.29479,10.19825,8.7419,0.6457,0.74938,-0.48728,0,1,0,No detectable trend
22,Indian River-Vero Beach to Ft. Pierce Aquatic Preserve,Colored Dissolved Organic Matter,Bottom,Lab,FALSE,51,6,2020,2025,2020-05-06T09:25:00Z,2025-10-14T09:34:00Z,10.38859,,,,,,,,,,,0,2,Insufficient data
22,Indian River-Vero Beach to Ft. Pierce Aquatic Preserve,Colored Dissolved Organic Matter,Surface,Lab,TRUE,143,10,2016,2025,2016-06-16T10:00:00Z,2025-03-11T12:50:00Z,11.50211,TRUE,0.11304,0.23248,0.52756,10.0431,11.8852,0.3723,1.02396,-0.88014,0,0,0,No detectable trend
22,Indian River-Vero Beach to Ft. Pierce Aquatic Preserve,Dissolved Oxygen,All,Field,TRUE,8037,34,1992,2025,1992-01-29T00:00:00Z,2025-10-14T09:34:00Z,6.3,TRUE,-0.05096,0.16916,-0.00736,6.4422,8.1828,0.6968,0.00308,-0.01832,0,1,0,No detectable trend
22,Indian River-Vero Beach to Ft. Pierce Aquatic Preserve,Dissolved Oxygen,Bottom,Field,TRUE,2530,32,1994,2025,1994-08-16T00:00:00Z,2025-10-14T09:34:00Z,6.2,TRUE,-0.0228,0.52548,-0.00493,6.20003,11.6857,0.3877,0.01143,-0.01948,0,0,0,No detectable trend
22,Indian River-Vero Beach to Ft. Pierce Aquatic Preserve,Dissolved Oxygen,Surface,Field,TRUE,5275,34,1992,2025,1992-01-29T00:00:00Z,2025-03-11T12:50:00Z,6.3,TRUE,-0.04595,0.21695,-0.00824,6.40156,7.6733,0.7422,0.00489,-0.02084,0,0,0,No detectable trend
22,Indian River-Vero Beach to Ft. Pierce Aquatic Preserve,Dissolved Oxygen Saturation,All,Field,TRUE,880,26,1992,2025,1992-01-29T00:00:00Z,2025-08-14T00:00:00Z,85,TRUE,0.35239,0,1.33382,50.14541,4.5039,0.9528,1.80665,0.89042,1,1,1,Increasing trend
22,Indian River-Vero Beach to Ft. Pierce Aquatic Preserve,Dissolved Oxygen Saturation,Bottom,Field,TRUE,289,19,1996,2025,1996-07-27T10:40:00Z,2025-08-14T00:00:00Z,96.9,TRUE,0.19052,0.16383,0.39818,80.32478,11.6913,0.3873,0.926,-0.09296,0,0,0,No detectable trend
22,Indian River-Vero Beach to Ft. Pierce Aquatic Preserve,Dissolved Oxygen Saturation,Surface,Field,TRUE,591,25,1992,2025,1992-01-29T00:00:00Z,2025-03-11T12:50:00Z,77.7,TRUE,0.36528,0,1.25,54.90079,4.8737,0.9371,1.74211,0.86104,1,0,1,Increasing trend
22,Indian River-Vero Beach to Ft. Pierce Aquatic Preserve,Salinity,All,All,TRUE,8819,34,1992,2025,1992-01-29T00:00:00Z,2025-10-14T09:34:00Z,29.1,TRUE,0.06281,0.08253,0.04414,28.72144,9.9758,0.5326,0.09328,-0.00667,0,1,0,No detectable trend
22,Indian River-Vero Beach to Ft. Pierce Aquatic Preserve,Salinity,All,Field,TRUE,8795,34,1992,2025,1992-01-29T00:00:00Z,2025-10-14T09:34:00Z,29.1,TRUE,0.06282,0.08253,0.04461,28.72144,9.5907,0.5675,0.09351,-0.00712,0,0,0,No detectable trend
22,Indian River-Vero Beach to Ft. Pierce Aquatic Preserve,Salinity,All,Lab,FALSE,24,1,2007,2007,2007-04-11T12:10:00Z,2007-11-07T11:45:00Z,28.92,,,,,,,,,,,0,2,Insufficient data
22,Indian River-Vero Beach to Ft. Pierce Aquatic Preserve,Salinity,Bottom,All,TRUE,2741,31,1995,2025,1995-01-25T07:55:00Z,2025-10-14T09:34:00Z,29.4,TRUE,0.07564,0.07006,0.05825,29.08179,9.0824,0.6143,0.11711,-0.00325,0,0,0,No detectable trend
22,Indian River-Vero Beach to Ft. Pierce Aquatic Preserve,Salinity,Bottom,Field,TRUE,2741,31,1995,2025,1995-01-25T07:55:00Z,2025-10-14T09:34:00Z,29.4,TRUE,0.07564,0.07006,0.05825,29.08179,9.0824,0.6143,0.11711,-0.00325,0,0,0,No detectable trend
22,Indian River-Vero Beach to Ft. Pierce Aquatic Preserve,Salinity,Surface,All,TRUE,5831,34,1992,2025,1992-01-29T00:00:00Z,2025-03-11T12:50:00Z,28.9,TRUE,0.05476,0.12715,0.04345,28.19516,7.006,0.7986,0.08926,-0.01128,0,0,0,No detectable trend
22,Indian River-Vero Beach to Ft. Pierce Aquatic Preserve,Salinity,Surface,Field,TRUE,5819,34,1992,2025,1992-01-29T00:00:00Z,2025-03-11T12:50:00Z,28.9,TRUE,0.05549,0.12237,0.04468,28.19266,6.7481,0.8191,0.09087,-0.01122,0,0,0,No detectable trend
22,Indian River-Vero Beach to Ft. Pierce Aquatic Preserve,Salinity,Surface,Lab,FALSE,12,1,2007,2007,2007-04-11T12:10:00Z,2007-11-07T11:45:00Z,28.88,,,,,,,,,,,0,2,Insufficient data
22,Indian River-Vero Beach to Ft. Pierce Aquatic Preserve,Secchi Depth,All,Field,TRUE,2284,32,1992,2025,1992-02-12T00:00:00Z,2025-10-14T09:34:00Z,-0.9,TRUE,-0.02286,0.51707,-0.00071,-0.9181,8.7925,0.641,0.00185,-0.00409,0,1,0,No detectable trend
22,Indian River-Vero Beach to Ft. Pierce Aquatic Preserve,Total Nitrogen,All,Lab,TRUE,1060,29,1997,2025,1997-10-15T11:00:00Z,2025-10-14T09:34:00Z,0.5177,TRUE,-0.42694,0,-0.01601,0.69068,3.4418,0.9835,-0.01293,-0.01875,-1,1,-1,Decreasing trend
22,Indian River-Vero Beach to Ft. Pierce Aquatic Preserve,Total Nitrogen,Bottom,Lab,FALSE,51,6,2020,2025,2020-05-06T09:25:00Z,2025-10-14T09:34:00Z,0.341,,,,,,,,,,,0,2,Insufficient data
22,Indian River-Vero Beach to Ft. Pierce Aquatic Preserve,Total Nitrogen,Surface,Lab,TRUE,880,29,1997,2025,1997-10-15T11:00:00Z,2025-03-11T12:50:00Z,0.48955,TRUE,-0.41293,0,-0.01543,0.68664,4.3422,0.9588,-0.01259,-0.01859,-1,0,-1,Decreasing trend
22,Indian River-Vero Beach to Ft. Pierce Aquatic Preserve,Total Phosphorus,All,Lab,TRUE,2136,29,1997,2025,1997-05-29T13:30:00Z,2025-10-14T09:34:00Z,0.06,TRUE,-0.02586,0.54663,-0.00008,0.0634,6.7073,0.8223,0.0002,-0.0004,0,1,0,No detectable trend
22,Indian River-Vero Beach to Ft. Pierce Aquatic Preserve,Total Phosphorus,Bottom,Lab,FALSE,75,6,2020,2025,2020-05-06T09:25:00Z,2025-10-14T09:34:00Z,0.054,,,,,,,,,,,0,2,Insufficient data
22,Indian River-Vero Beach to Ft. Pierce Aquatic Preserve,Total Phosphorus,Surface,Lab,TRUE,1785,29,1997,2025,1997-05-29T13:30:00Z,2025-03-11T12:50:00Z,0.06,TRUE,0.02513,0.52226,0.00009,0.06146,8.0714,0.7069,0.0004,-0.00021,0,0,0,No detectable trend
22,Indian River-Vero Beach to Ft. Pierce Aquatic Preserve,Total Suspended Solids,All,Lab,TRUE,919,27,1997,2025,1997-05-29T13:30:00Z,2025-10-14T09:34:00Z,12,TRUE,-0.30583,0,-0.38571,16.26831,7.8556,0.7262,-0.29344,-0.48731,-1,1,-1,Decreasing trend
22,Indian River-Vero Beach to Ft. Pierce Aquatic Preserve,Total Suspended Solids,Bottom,Lab,FALSE,51,6,2020,2025,2020-05-06T09:25:00Z,2025-10-14T09:34:00Z,5.8,,,,,,,,,,,0,2,Insufficient data
22,Indian River-Vero Beach to Ft. Pierce Aquatic Preserve,Total Suspended Solids,Surface,Lab,TRUE,745,27,1997,2025,1997-05-29T13:30:00Z,2025-03-11T12:50:00Z,11.4,TRUE,-0.26937,0,-0.35556,15.80068,6.92,0.8055,-0.24744,-0.45711,-1,0,-1,Decreasing trend
22,Indian River-Vero Beach to Ft. Pierce Aquatic Preserve,Turbidity,All,All,TRUE,4316,31,1995,2025,1995-01-25T07:40:00Z,2025-10-14T09:34:00Z,2.7,TRUE,-0.00483,0.99108,-0.00012,2.89224,23.8608,0.0133,0.0165,-0.01737,0,0,0,No detectable trend
22,Indian River-Vero Beach to Ft. Pierce Aquatic Preserve,Turbidity,All,Field,TRUE,330,17,2004,2020,2004-03-02T00:00:00Z,2020-03-18T11:23:00Z,4.02,TRUE,-0.04444,0.49346,-0.0325,4.48098,14.3336,0.2151,0.05125,-0.12679,0,0,0,No detectable trend
22,Indian River-Vero Beach to Ft. Pierce Aquatic Preserve,Turbidity,All,Lab,TRUE,3986,30,1995,2025,1995-01-25T07:40:00Z,2025-10-14T09:34:00Z,2.6,TRUE,-0.03461,0.40625,-0.00882,2.87211,18.9799,0.0615,0.00903,-0.02655,0,1,0,No detectable trend
22,Indian River-Vero Beach to Ft. Pierce Aquatic Preserve,Turbidity,Bottom,All,TRUE,325,22,2004,2025,2004-03-02T00:00:00Z,2025-10-14T09:34:00Z,3.8,TRUE,-0.24261,0.00017,-0.10656,5.02289,10.5014,0.4859,-0.04802,-0.15568,-1,0,-1,Decreasing trend
22,Indian River-Vero Beach to Ft. Pierce Aquatic Preserve,Turbidity,Bottom,Field,TRUE,275,16,2004,2019,2004-03-02T00:00:00Z,2019-08-09T00:00:00Z,4.08,TRUE,-0.04508,0.60346,-0.02477,5.1702,12.8762,0.3015,0.07111,-0.12556,0,0,0,No detectable trend
22,Indian River-Vero Beach to Ft. Pierce Aquatic Preserve,Turbidity,Bottom,Lab,FALSE,50,6,2020,2025,2020-05-06T09:25:00Z,2025-10-14T09:34:00Z,2.26621,,,,,,,,,,,0,2,Insufficient data
22,Indian River-Vero Beach to Ft. Pierce Aquatic Preserve,Turbidity,Surface,All,TRUE,3862,31,1995,2025,1995-01-25T07:40:00Z,2025-03-11T12:50:00Z,2.6,TRUE,-0.02369,0.58397,-0.0053,2.74107,15.4822,0.1615,0.01156,-0.02186,0,0,0,No detectable trend
22,Indian River-Vero Beach to Ft. Pierce Aquatic Preserve,Turbidity,Surface,Field,TRUE,55,14,2005,2020,2005-04-26T10:30:00Z,2020-03-18T11:23:00Z,3.35,TRUE,-0.0731,0.55642,-0.084,4.63682,9.3914,0.3104,0.15241,-0.27443,0,0,0,No detectable trend
22,Indian River-Vero Beach to Ft. Pierce Aquatic Preserve,Turbidity,Surface,Lab,TRUE,3807,30,1995,2025,1995-01-25T07:40:00Z,2025-03-11T12:50:00Z,2.6,TRUE,-0.02443,0.56044,-0.00647,2.73415,15.601,0.1566,0.01131,-0.02461,0,0,0,No detectable trend
22,Indian River-Vero Beach to Ft. Pierce Aquatic Preserve,Water Temperature,All,Field,TRUE,8827,34,1992,2025,1992-01-29T00:00:00Z,2025-10-14T09:34:00Z,25.5,TRUE,0.11893,0.0011,0.02444,24.54334,10.2464,0.5084,0.04136,0.01047,1,1,1,Increasing trend
22,Indian River-Vero Beach to Ft. Pierce Aquatic Preserve,Water Temperature,Bottom,Field,TRUE,2792,31,1995,2025,1995-01-25T07:55:00Z,2025-10-14T09:34:00Z,25.3,TRUE,0.17164,0.00003,0.04575,24.62291,8.2925,0.6869,0.06578,0.02397,1,0,1,Increasing trend
22,Indian River-Vero Beach to Ft. Pierce Aquatic Preserve,Water Temperature,Surface,Field,TRUE,5790,34,1992,2025,1992-01-29T00:00:00Z,2025-03-11T12:50:00Z,25.5,TRUE,0.11133,0.00238,0.02702,24.56265,8.0678,0.7072,0.04465,0.00915,1,0,1,Increasing trend
22,Indian River-Vero Beach to Ft. Pierce Aquatic Preserve,pH,All,Field,TRUE,6073,34,1992,2025,1992-01-29T00:00:00Z,2025-10-14T09:34:00Z,8.02,TRUE,-0.15132,0.00003,-0.005,8.1015,10.3917,0.4955,-0.00278,-0.00692,-1,1,-1,Decreasing trend
22,Indian River-Vero Beach to Ft. Pierce Aquatic Preserve,pH,Bottom,Field,TRUE,786,30,1995,2025,1995-08-22T00:00:00Z,2025-10-14T09:34:00Z,8.06,TRUE,-0.15007,0.00055,-0.00447,8.12811,26.0698,0.0063,-0.002,-0.00709,-1,0,-1,Decreasing trend
22,Indian River-Vero Beach to Ft. Pierce Aquatic Preserve,pH,Surface,Field,TRUE,5057,34,1992,2025,1992-01-29T00:00:00Z,2025-03-11T12:50:00Z,8,TRUE,-0.13739,0.0002,-0.00464,8.09329,8.1255,0.702,-0.00221,-0.00688,-1,0,-1,Decreasing trend
23,Jensen Beach to Jupiter Inlet Aquatic Preserve,"Chlorophyll a, Corrected for Pheophytin",All,Lab,TRUE,349,21,2002,2025,2002-01-10T12:40:00Z,2025-10-09T09:14:00Z,1.4,TRUE,0.09098,0.16734,0.00833,1.21844,7.7396,0.5606,0.03966,0,0,1,0,No detectable trend
23,Jensen Beach to Jupiter Inlet Aquatic Preserve,"Chlorophyll a, Corrected for Pheophytin",Bottom,Lab,FALSE,1,1,2024,2024,2024-06-10T14:15:00Z,2024-06-10T14:15:00Z,42,,,,,,,,,,,0,2,Insufficient data
23,Jensen Beach to Jupiter Inlet Aquatic Preserve,"Chlorophyll a, Corrected for Pheophytin",Surface,Lab,TRUE,348,21,2002,2025,2002-01-10T12:40:00Z,2025-10-09T09:14:00Z,1.4,TRUE,0.07531,0.17271,0.00833,1.37021,7.3001,0.5046,0.03926,0,0,0,0,No detectable trend
23,Jensen Beach to Jupiter Inlet Aquatic Preserve,"Chlorophyll a, Uncorrected for Pheophytin",All,Lab,TRUE,481,29,1997,2025,1997-09-08T00:00:00Z,2025-10-09T09:14:00Z,2,TRUE,-0.08858,0.19336,-0.01111,2.07292,5.9361,0.8206,0.00553,-0.03333,0,1,0,No detectable trend
23,Jensen Beach to Jupiter Inlet Aquatic Preserve,"Chlorophyll a, Uncorrected for Pheophytin",Bottom,Lab,FALSE,1,1,2024,2024,2024-06-10T14:15:00Z,2024-06-10T14:15:00Z,53,,,,,,,,,,,0,2,Insufficient data
23,Jensen Beach to Jupiter Inlet Aquatic Preserve,"Chlorophyll a, Uncorrected for Pheophytin",Surface,Lab,TRUE,480,29,1997,2025,1997-09-08T00:00:00Z,2025-10-09T09:14:00Z,2,TRUE,-0.10169,0.18988,-0.01111,2.70475,3.591,0.9362,0.00531,-0.03333,0,0,0,No detectable trend
23,Jensen Beach to Jupiter Inlet Aquatic Preserve,Colored Dissolved Organic Matter,All,Lab,TRUE,413,10,2016,2025,2016-07-25T08:59:00Z,2025-10-15T12:20:00Z,8,TRUE,0.194,0.04534,0.38,7.49053,8.1904,0.6962,0.79432,0,1,1,1,Increasing trend
23,Jensen Beach to Jupiter Inlet Aquatic Preserve,Colored Dissolved Organic Matter,Bottom,Lab,FALSE,201,5,2021,2025,2021-10-13T09:35:00Z,2025-10-15T12:20:00Z,8,,,,,,,,,,,0,2,Insufficient data
23,Jensen Beach to Jupiter Inlet Aquatic Preserve,Colored Dissolved Organic Matter,Surface,Lab,TRUE,107,10,2016,2025,2016-07-25T08:59:00Z,2025-10-09T09:14:00Z,7.5,TRUE,0.05911,0.4795,0,7.5,4.1774,0.3825,0.5006,0,0,0,0,No detectable trend
23,Jensen Beach to Jupiter Inlet Aquatic Preserve,Dissolved Oxygen,All,Field,TRUE,11046,36,1972,2025,1972-11-17T00:00:00Z,2025-10-15T12:20:00Z,6.4,TRUE,0.21455,0,0.01895,5.77463,11.1831,0.4281,0.02404,0.01267,1,1,1,Increasing trend
23,Jensen Beach to Jupiter Inlet Aquatic Preserve,Dissolved Oxygen,Bottom,Field,TRUE,913,32,1994,2025,1994-08-15T00:00:00Z,2025-10-15T12:20:00Z,6.32,TRUE,0.14821,0.00063,0.02662,6.14439,20.8241,0.0352,0.04551,0.0121,1,0,1,Increasing trend
23,Jensen Beach to Jupiter Inlet Aquatic Preserve,Dissolved Oxygen,Surface,Field,TRUE,8017,36,1972,2025,1972-11-17T00:00:00Z,2025-10-14T11:24:00Z,6.44,TRUE,0.23898,0,0.02108,5.64054,9.6583,0.5614,0.02714,0.01488,1,0,1,Increasing trend
23,Jensen Beach to Jupiter Inlet Aquatic Preserve,Dissolved Oxygen Saturation,All,Field,TRUE,4302,33,1993,2025,1993-07-26T00:00:00Z,2025-10-09T09:14:00Z,80,TRUE,0.68087,0,2.75845,18.71729,8.1507,0.6997,2.91881,2.59648,1,1,1,Increasing trend
23,Jensen Beach to Jupiter Inlet Aquatic Preserve,Dissolved Oxygen Saturation,Bottom,Field,TRUE,573,21,1995,2025,1995-07-23T08:15:00Z,2025-07-28T00:00:00Z,89,TRUE,0.20471,0.00045,0.56476,86.13393,11.0969,0.4352,0.77293,0.29618,1,0,1,Increasing trend
23,Jensen Beach to Jupiter Inlet Aquatic Preserve,Dissolved Oxygen Saturation,Surface,Field,TRUE,3586,33,1993,2025,1993-07-26T00:00:00Z,2025-10-09T09:14:00Z,75,TRUE,0.74621,0,3.41411,2.99987,3.6841,0.9783,3.58789,3.24335,1,0,1,Increasing trend
23,Jensen Beach to Jupiter Inlet Aquatic Preserve,Salinity,All,All,TRUE,11329,36,1972,2025,1972-11-15T00:00:00Z,2025-10-15T12:20:00Z,32.8,TRUE,0.12994,0.00026,0.06173,30.58783,6.1432,0.8636,0.09576,0.02811,1,1,1,Increasing trend
23,Jensen Beach to Jupiter Inlet Aquatic Preserve,Salinity,All,Field,TRUE,11219,36,1972,2025,1972-11-15T00:00:00Z,2025-10-15T12:20:00Z,32.8,TRUE,0.13031,0.00025,0.06183,30.58617,6.2012,0.8596,0.09588,0.02807,1,0,1,Increasing trend
23,Jensen Beach to Jupiter Inlet Aquatic Preserve,Salinity,All,Lab,FALSE,110,1,2007,2007,2007-03-19T13:00:00Z,2007-11-20T11:40:00Z,31.59,,,,,,,,,,,0,2,Insufficient data
23,Jensen Beach to Jupiter Inlet Aquatic Preserve,Salinity,Bottom,All,TRUE,921,32,1994,2025,1994-08-15T00:00:00Z,2025-10-15T12:20:00Z,32.63,TRUE,0.18067,0.00158,0.103,30.11526,6.3315,0.8504,0.1614,0.03713,1,0,1,Increasing trend
23,Jensen Beach to Jupiter Inlet Aquatic Preserve,Salinity,Bottom,Field,TRUE,920,32,1994,2025,1994-08-15T00:00:00Z,2025-10-15T12:20:00Z,32.63,TRUE,0.17879,0.00178,0.1,30.12967,6.4569,0.8412,0.16117,0.03572,1,0,1,Increasing trend
23,Jensen Beach to Jupiter Inlet Aquatic Preserve,Salinity,Surface,All,TRUE,8241,36,1972,2025,1972-11-15T00:00:00Z,2025-10-14T11:24:00Z,32.8,TRUE,0.11826,0.00089,0.05714,30.62326,5.3747,0.9117,0.08944,0.0256,1,0,1,Increasing trend
23,Jensen Beach to Jupiter Inlet Aquatic Preserve,Salinity,Surface,Field,TRUE,8185,36,1972,2025,1972-11-15T00:00:00Z,2025-10-14T11:24:00Z,32.8,TRUE,0.11732,0.00099,0.05703,30.65408,5.5249,0.9031,0.08923,0.0256,1,0,1,Increasing trend
23,Jensen Beach to Jupiter Inlet Aquatic Preserve,Salinity,Surface,Lab,FALSE,56,1,2007,2007,2007-03-19T13:00:00Z,2007-11-20T11:40:00Z,30.69,,,,,,,,,,,0,2,Insufficient data
23,Jensen Beach to Jupiter Inlet Aquatic Preserve,Secchi Depth,All,Field,TRUE,6567,33,1993,2025,1993-10-26T00:00:00Z,2025-10-15T12:20:00Z,-1,TRUE,-0.02689,0.47158,-0.00113,-1.09461,20.7322,0.0363,0.00201,-0.00421,0,1,0,No detectable trend
23,Jensen Beach to Jupiter Inlet Aquatic Preserve,Total Nitrogen,All,Lab,TRUE,721,25,2000,2025,2000-08-10T12:10:00Z,2025-10-15T12:20:00Z,0.262,TRUE,0.05072,0.43602,0,0.2308,10.4945,0.4865,0.00189,-0.00044,0,1,0,No detectable trend
23,Jensen Beach to Jupiter Inlet Aquatic Preserve,Total Nitrogen,Bottom,Lab,FALSE,205,5,2021,2025,2021-10-13T09:35:00Z,2025-10-15T12:20:00Z,0.292,,,,,,,,,,,0,2,Insufficient data
23,Jensen Beach to Jupiter Inlet Aquatic Preserve,Total Nitrogen,Surface,Lab,TRUE,404,21,2000,2021,2000-08-10T12:10:00Z,2021-08-19T12:06:00Z,0.23,TRUE,-0.04841,0.78506,0,0.24107,3.1561,0.9775,0,-0.00129,0,0,0,No detectable trend
23,Jensen Beach to Jupiter Inlet Aquatic Preserve,Total Phosphorus,All,Lab,TRUE,1154,35,1991,2025,1991-04-25T00:00:00Z,2025-10-15T12:20:00Z,0.027,TRUE,-0.03083,0.59477,-0.00004,0.02541,19.9284,0.0463,0.00014,-0.00025,0,1,0,No detectable trend
23,Jensen Beach to Jupiter Inlet Aquatic Preserve,Total Phosphorus,Bottom,Lab,FALSE,206,5,2021,2025,2021-10-13T09:35:00Z,2025-10-15T12:20:00Z,0.034,,,,,,,,,,,0,2,Insufficient data
23,Jensen Beach to Jupiter Inlet Aquatic Preserve,Total Phosphorus,Surface,Lab,TRUE,737,35,1991,2025,1991-04-25T00:00:00Z,2025-10-09T09:14:00Z,0.021,TRUE,-0.2054,0.00005,-0.00033,0.02502,10.9335,0.4488,-0.00017,-0.0005,-1,0,-1,Decreasing trend
23,Jensen Beach to Jupiter Inlet Aquatic Preserve,Total Suspended Solids,All,Lab,TRUE,1282,32,1994,2025,1994-03-18T00:00:00Z,2025-10-15T12:20:00Z,6,TRUE,-0.06838,0.11128,-0.03,5.94167,9.062,0.6162,0.00325,-0.07301,0,1,0,No detectable trend
23,Jensen Beach to Jupiter Inlet Aquatic Preserve,Total Suspended Solids,Bottom,Lab,FALSE,205,5,2021,2025,2021-10-13T09:35:00Z,2025-10-15T12:20:00Z,6,,,,,,,,,,,0,2,Insufficient data
23,Jensen Beach to Jupiter Inlet Aquatic Preserve,Total Suspended Solids,Surface,Lab,TRUE,751,32,1994,2025,1994-03-18T00:00:00Z,2025-10-09T09:14:00Z,5.7,TRUE,-0.00745,0.8167,0.00625,5.81297,12.6478,0.317,0.063,-0.04723,0,0,0,No detectable trend
23,Jensen Beach to Jupiter Inlet Aquatic Preserve,Turbidity,All,All,TRUE,1118,35,1991,2025,1991-01-24T00:00:00Z,2025-10-15T12:20:00Z,2.4,TRUE,0.13016,0.00415,0.02936,1.69204,26.5963,0.0053,0.05002,0.01003,1,0,1,Increasing trend
23,Jensen Beach to Jupiter Inlet Aquatic Preserve,Turbidity,All,Field,TRUE,153,13,2004,2022,2004-07-06T00:00:00Z,2022-03-10T00:00:00Z,3.17,TRUE,-0.268,0.07663,-0.34958,5.19619,3.7703,0.438,0.02324,-0.66019,0,0,0,No detectable trend
23,Jensen Beach to Jupiter Inlet Aquatic Preserve,Turbidity,All,Lab,TRUE,965,35,1991,2025,1991-01-24T00:00:00Z,2025-10-15T12:20:00Z,2.3,TRUE,0.14405,0.0045,0.028,1.3314,19.8204,0.0479,0.04729,0.00936,1,1,1,Increasing trend
23,Jensen Beach to Jupiter Inlet Aquatic Preserve,Turbidity,Bottom,All,TRUE,280,15,2004,2025,2004-07-08T00:00:00Z,2025-10-15T12:20:00Z,3.185,TRUE,-0.1835,0.0086,-0.09828,4.28586,17.0796,0.009,-0.03529,-0.20317,-1,0,-1,Decreasing trend
23,Jensen Beach to Jupiter Inlet Aquatic Preserve,Turbidity,Bottom,Field,TRUE,76,10,2004,2018,2004-07-08T00:00:00Z,2018-07-18T00:00:00Z,4.045,TRUE,-0.26471,0.34542,-0.037,5.856,0.1152,0.944,0.12668,-0.93752,0,0,0,No detectable trend
23,Jensen Beach to Jupiter Inlet Aquatic Preserve,Turbidity,Bottom,Lab,FALSE,204,5,2021,2025,2021-10-13T09:35:00Z,2025-10-15T12:20:00Z,2.85,,,,,,,,,,,0,2,Insufficient data
23,Jensen Beach to Jupiter Inlet Aquatic Preserve,Turbidity,Surface,All,TRUE,738,35,1991,2025,1991-01-24T00:00:00Z,2025-10-09T09:14:00Z,2.1,TRUE,0.04957,0.51214,0.0055,2.19423,11.0907,0.3505,0.02917,-0.01429,0,0,0,No detectable trend
23,Jensen Beach to Jupiter Inlet Aquatic Preserve,Turbidity,Surface,Field,TRUE,77,12,2004,2022,2004-07-06T00:00:00Z,2022-03-10T00:00:00Z,2.68,TRUE,-0.00758,0.43764,-0.23819,3.3,5.5348,0.2367,0.14043,-0.44285,0,0,0,No detectable trend
23,Jensen Beach to Jupiter Inlet Aquatic Preserve,Turbidity,Surface,Lab,TRUE,661,35,1991,2025,1991-01-24T00:00:00Z,2025-10-09T09:14:00Z,2.05,TRUE,0.01938,0.74508,0.00318,2.539,12.2539,0.2684,0.0244,-0.01591,0,0,0,No detectable trend
23,Jensen Beach to Jupiter Inlet Aquatic Preserve,Water Temperature,All,Field,TRUE,11086,36,1972,2025,1972-11-15T00:00:00Z,2025-10-15T12:20:00Z,25.6,TRUE,0.226,0,0.03889,23.71802,9.1063,0.6121,0.05036,0.02803,1,1,1,Increasing trend
23,Jensen Beach to Jupiter Inlet Aquatic Preserve,Water Temperature,Bottom,Field,TRUE,920,32,1994,2025,1994-08-15T00:00:00Z,2025-10-15T12:20:00Z,26,TRUE,0.24351,0,0.05519,25.09141,14.9633,0.1842,0.07688,0.03333,1,0,1,Increasing trend
23,Jensen Beach to Jupiter Inlet Aquatic Preserve,Water Temperature,Surface,Field,TRUE,8010,36,1972,2025,1972-11-15T00:00:00Z,2025-10-14T11:24:00Z,25.6,TRUE,0.22853,0,0.04359,23.56332,12.4774,0.3289,0.05494,0.03122,1,0,1,Increasing trend
23,Jensen Beach to Jupiter Inlet Aquatic Preserve,pH,All,Field,TRUE,10015,36,1972,2025,1972-11-17T00:00:00Z,2025-10-15T12:20:00Z,8.01,TRUE,-0.149,0.00003,-0.00325,8.15534,4.7587,0.9423,-0.0017,-0.00489,-1,1,-1,Decreasing trend
23,Jensen Beach to Jupiter Inlet Aquatic Preserve,pH,Bottom,Field,TRUE,442,24,1994,2025,1994-08-15T00:00:00Z,2025-10-15T12:20:00Z,8,TRUE,-0.10673,0.43829,-0.00181,8.03715,9.0484,0.4328,0.00224,-0.00689,0,0,0,No detectable trend
23,Jensen Beach to Jupiter Inlet Aquatic Preserve,pH,Surface,Field,TRUE,7477,36,1972,2025,1972-11-17T00:00:00Z,2025-10-14T11:24:00Z,8.1,TRUE,-0.15034,0.00003,-0.00375,8.18931,4.64,0.9473,-0.00222,-0.00558,-1,0,-1,Decreasing trend
12,Kristin Jacobs Coral Aquatic Preserve,"Chlorophyll a, Corrected for Pheophytin",All,Lab,FALSE,12209,8,2013,2025,2013-11-18T08:32:00Z,2025-06-12T13:30:00Z,0.47,,,,,,,,,,,1,2,Insufficient data
12,Kristin Jacobs Coral Aquatic Preserve,"Chlorophyll a, Corrected for Pheophytin",Bottom,Lab,FALSE,5255,6,2020,2025,2020-03-11T12:55:00Z,2025-06-12T13:30:00Z,0.46,,,,,,,,,,,0,2,Insufficient data
12,Kristin Jacobs Coral Aquatic Preserve,"Chlorophyll a, Corrected for Pheophytin",Surface,Lab,FALSE,6901,8,2013,2025,2013-11-18T12:48:00Z,2025-06-12T13:25:00Z,0.48,,,,,,,,,,,0,2,Insufficient data
12,Kristin Jacobs Coral Aquatic Preserve,"Chlorophyll a, Uncorrected for Pheophytin",All,Lab,FALSE,328,5,2009,2023,2009-12-08T00:00:00Z,2023-08-09T11:30:00Z,0.3863,,,,,,,,,,,1,2,Insufficient data
12,Kristin Jacobs Coral Aquatic Preserve,"Chlorophyll a, Uncorrected for Pheophytin",Bottom,Lab,FALSE,134,3,2009,2011,2009-12-08T00:00:00Z,2011-09-28T00:00:00Z,0.3024,,,,,,,,,,,0,2,Insufficient data
12,Kristin Jacobs Coral Aquatic Preserve,"Chlorophyll a, Uncorrected for Pheophytin",Surface,Lab,FALSE,144,5,2009,2023,2009-12-08T00:00:00Z,2023-08-09T11:30:00Z,0.3768,,,,,,,,,,,0,2,Insufficient data
12,Kristin Jacobs Coral Aquatic Preserve,Colored Dissolved Organic Matter,All,Lab,FALSE,1,1,2023,2023,2023-08-09T11:30:00Z,2023-08-09T11:30:00Z,7.5,,,,,,,,,,,1,2,Insufficient data
12,Kristin Jacobs Coral Aquatic Preserve,Colored Dissolved Organic Matter,Surface,Lab,FALSE,1,1,2023,2023,2023-08-09T11:30:00Z,2023-08-09T11:30:00Z,7.5,,,,,,,,,,,0,2,Insufficient data
12,Kristin Jacobs Coral Aquatic Preserve,Dissolved Oxygen,All,Field,TRUE,715,18,1972,2024,1972-11-10T00:00:00Z,2024-11-19T00:00:00Z,6.5,TRUE,0.10593,0.36794,0.01349,5.81879,5.8331,0.8843,0.03845,-0.01403,0,1,0,No detectable trend
12,Kristin Jacobs Coral Aquatic Preserve,Dissolved Oxygen,Bottom,Field,FALSE,158,7,2003,2023,2003-06-14T09:00:00Z,2023-08-09T11:30:00Z,6.57595,,,,,,,,,,,0,2,Insufficient data
12,Kristin Jacobs Coral Aquatic Preserve,Dissolved Oxygen,Surface,Field,TRUE,331,14,1972,2024,1972-11-10T00:00:00Z,2024-11-19T00:00:00Z,6.4279,TRUE,-0.13231,0.28519,-0.02342,7.19366,13.0206,0.292,0.01705,-0.06041,0,0,0,No detectable trend
12,Kristin Jacobs Coral Aquatic Preserve,Dissolved Oxygen Saturation,All,Field,TRUE,1418,14,1996,2025,1996-09-02T10:00:00Z,2025-06-12T13:30:00Z,101.5,TRUE,0.37642,0.00013,1.46683,47.31868,2.8856,0.9922,4.31611,0.18025,1,1,1,Increasing trend
12,Kristin Jacobs Coral Aquatic Preserve,Dissolved Oxygen Saturation,Bottom,Field,FALSE,504,5,2003,2025,2003-06-14T09:00:00Z,2025-06-12T13:30:00Z,101.9,,,,,,,,,,,0,2,Insufficient data
12,Kristin Jacobs Coral Aquatic Preserve,Dissolved Oxygen Saturation,Surface,Field,TRUE,703,11,1996,2025,1996-09-02T10:00:00Z,2025-06-12T13:25:00Z,101.4,TRUE,-0.18974,0.25874,-0.02877,25.40849,13.4896,0.2625,0.04974,-0.4934,0,0,0,No detectable trend
12,Kristin Jacobs Coral Aquatic Preserve,Salinity,All,All,TRUE,1895,29,1972,2025,1972-11-10T00:00:00Z,2025-06-12T13:30:00Z,36,TRUE,0.26277,0.00029,0.08842,30.19797,3.9018,0.9727,0.14746,0.0335,1,1,1,Increasing trend
12,Kristin Jacobs Coral Aquatic Preserve,Salinity,All,Field,TRUE,1895,29,1972,2025,1972-11-10T00:00:00Z,2025-06-12T13:30:00Z,36,TRUE,0.26277,0.00029,0.08842,30.19797,3.9018,0.9727,0.14746,0.0335,1,0,1,Increasing trend
12,Kristin Jacobs Coral Aquatic Preserve,Salinity,Bottom,All,FALSE,637,9,2003,2025,2003-06-14T09:00:00Z,2025-06-12T13:30:00Z,36.13,,,,,,,,,,,0,2,Insufficient data
12,Kristin Jacobs Coral Aquatic Preserve,Salinity,Bottom,Field,FALSE,637,9,2003,2025,2003-06-14T09:00:00Z,2025-06-12T13:30:00Z,36.13,,,,,,,,,,,0,2,Insufficient data
12,Kristin Jacobs Coral Aquatic Preserve,Salinity,Surface,All,TRUE,1001,25,1972,2025,1972-11-10T00:00:00Z,2025-06-12T13:25:00Z,35.91,TRUE,0.25432,0.00327,0.11329,29.95457,5.4644,0.9066,0.21411,0.02664,1,0,1,Increasing trend
12,Kristin Jacobs Coral Aquatic Preserve,Salinity,Surface,Field,TRUE,1001,25,1972,2025,1972-11-10T00:00:00Z,2025-06-12T13:25:00Z,35.91,TRUE,0.25432,0.00327,0.11329,29.95457,5.4644,0.9066,0.21411,0.02664,1,0,1,Increasing trend
12,Kristin Jacobs Coral Aquatic Preserve,Secchi Depth,All,Field,TRUE,9181,16,1997,2025,1997-06-23T00:00:00Z,2025-06-12T13:25:00Z,-6.1,TRUE,-0.21554,0.00126,-0.22278,-1.55837,1.5323,0.9996,-0.1486,-0.25488,-1,1,-1,Decreasing trend
12,Kristin Jacobs Coral Aquatic Preserve,Total Nitrogen,All,Lab,FALSE,871,7,2009,2023,2009-12-08T00:00:00Z,2023-08-09T11:30:00Z,0.07,,,,,,,,,,,1,2,Insufficient data
12,Kristin Jacobs Coral Aquatic Preserve,Total Nitrogen,Bottom,Lab,FALSE,134,3,2009,2011,2009-12-08T00:00:00Z,2011-09-28T00:00:00Z,0.11245,,,,,,,,,,,0,2,Insufficient data
12,Kristin Jacobs Coral Aquatic Preserve,Total Nitrogen,Surface,Lab,FALSE,211,7,2009,2023,2009-12-08T00:00:00Z,2023-08-09T11:30:00Z,0.1003,,,,,,,,,,,0,2,Insufficient data
12,Kristin Jacobs Coral Aquatic Preserve,Total Phosphorus,All,Lab,TRUE,17904,15,2009,2025,2009-12-08T00:00:00Z,2025-06-12T13:30:00Z,0.014,TRUE,-0.33625,0.00008,-0.00091,0.02424,13.5842,0.2569,-0.00026,-0.00162,-1,1,-1,Decreasing trend
12,Kristin Jacobs Coral Aquatic Preserve,Total Phosphorus,Bottom,Lab,TRUE,7067,10,2009,2025,2009-12-08T00:00:00Z,2025-06-12T13:30:00Z,0.014,TRUE,-0.40171,0.00004,-0.00086,0.02801,12.081,0.3576,-0.00029,-0.00172,-1,0,-1,Decreasing trend
12,Kristin Jacobs Coral Aquatic Preserve,Total Phosphorus,Surface,Lab,TRUE,9564,15,2009,2025,2009-12-08T00:00:00Z,2025-06-12T13:25:00Z,0.014,TRUE,-0.33487,0.00011,-0.00094,0.02689,18.3577,0.0736,-0.00042,-0.00159,-1,0,-1,Decreasing trend
12,Kristin Jacobs Coral Aquatic Preserve,Total Suspended Solids,All,Lab,FALSE,17471,9,2017,2025,2017-09-20T13:20:00Z,2025-06-12T13:30:00Z,3.47,,,,,,,,,,,1,2,Insufficient data
12,Kristin Jacobs Coral Aquatic Preserve,Total Suspended Solids,Bottom,Lab,FALSE,6991,7,2019,2025,2019-01-03T10:25:00Z,2025-06-12T13:30:00Z,3.47,,,,,,,,,,,0,2,Insufficient data
12,Kristin Jacobs Coral Aquatic Preserve,Total Suspended Solids,Surface,Lab,FALSE,9569,9,2017,2025,2017-09-20T13:20:00Z,2025-06-12T13:25:00Z,3.47,,,,,,,,,,,0,2,Insufficient data
12,Kristin Jacobs Coral Aquatic Preserve,Turbidity,All,All,TRUE,18500,12,2009,2025,2009-12-08T00:00:00Z,2025-06-12T13:30:00Z,0.3,TRUE,0.18598,0.01266,0.02805,0.19882,7.8285,0.7286,0.05014,0.0058,1,0,1,Increasing trend
12,Kristin Jacobs Coral Aquatic Preserve,Turbidity,All,Field,FALSE,473,5,2009,2023,2009-12-08T00:00:00Z,2023-12-11T15:40:00Z,0.5634,,,,,,,,,,,0,2,Insufficient data
12,Kristin Jacobs Coral Aquatic Preserve,Turbidity,All,Lab,TRUE,18027,10,2011,2025,2011-07-20T10:10:00Z,2025-06-12T13:30:00Z,0.3,TRUE,-0.11378,0.21837,-0.0102,0.5434,17.2881,0.0996,0.00508,-0.02206,0,1,0,No detectable trend
12,Kristin Jacobs Coral Aquatic Preserve,Turbidity,Bottom,All,TRUE,7148,10,2009,2025,2009-12-08T00:00:00Z,2025-06-12T13:30:00Z,0.25,TRUE,0.10781,0.16376,0.01303,0.31499,15.7862,0.1493,0.029,-0.003,0,0,0,No detectable trend
12,Kristin Jacobs Coral Aquatic Preserve,Turbidity,Bottom,Field,FALSE,132,3,2009,2011,2009-12-08T00:00:00Z,2011-09-28T00:00:00Z,0,,,,,,,,,,,0,2,Insufficient data
12,Kristin Jacobs Coral Aquatic Preserve,Turbidity,Bottom,Lab,FALSE,7016,7,2019,2025,2019-01-03T10:25:00Z,2025-06-12T13:30:00Z,0.25,,,,,,,,,,,0,2,Insufficient data
12,Kristin Jacobs Coral Aquatic Preserve,Turbidity,Surface,All,TRUE,10005,12,2009,2025,2009-12-08T00:00:00Z,2025-06-12T13:25:00Z,0.3,TRUE,0.0438,0.42921,0.00488,0.44487,18.0243,0.081,0.02017,-0.00977,0,0,0,No detectable trend
12,Kristin Jacobs Coral Aquatic Preserve,Turbidity,Surface,Field,FALSE,132,3,2009,2011,2009-12-08T00:00:00Z,2011-09-28T00:00:00Z,0,,,,,,,,,,,0,2,Insufficient data
12,Kristin Jacobs Coral Aquatic Preserve,Turbidity,Surface,Lab,TRUE,9873,10,2011,2025,2011-07-20T10:10:00Z,2025-06-12T13:25:00Z,0.3,TRUE,-0.08772,0.34657,-0.00892,0.54985,15.2318,0.1721,0.0071,-0.02194,0,0,0,No detectable trend
12,Kristin Jacobs Coral Aquatic Preserve,Water Temperature,All,Field,TRUE,1928,29,1972,2025,1972-11-10T00:00:00Z,2025-06-12T13:30:00Z,27,TRUE,0.28685,0.00001,0.08125,24.55026,11.2755,0.4205,0.10913,0.04991,1,1,1,Increasing trend
12,Kristin Jacobs Coral Aquatic Preserve,Water Temperature,Bottom,Field,FALSE,347,8,2003,2025,2003-06-14T09:00:00Z,2025-06-12T13:30:00Z,27.1,,,,,,,,,,,0,2,Insufficient data
12,Kristin Jacobs Coral Aquatic Preserve,Water Temperature,Surface,Field,TRUE,767,26,1972,2025,1972-11-10T00:00:00Z,2025-06-12T13:25:00Z,27,TRUE,0.19712,0.01072,0.06444,25.34127,11.2163,0.4253,0.11116,0.01334,1,0,1,Increasing trend
12,Kristin Jacobs Coral Aquatic Preserve,pH,All,Field,TRUE,376,12,1972,2025,1972-11-11T00:00:00Z,2025-06-12T13:30:00Z,7.99,TRUE,0.06508,1,0,7.63924,11.5543,0.316,0.04658,-0.01849,0,1,0,No detectable trend
12,Kristin Jacobs Coral Aquatic Preserve,pH,Bottom,Field,FALSE,95,2,2023,2025,2023-08-09T11:30:00Z,2025-06-12T13:30:00Z,7.98,,,,,,,,,,,0,2,Insufficient data
12,Kristin Jacobs Coral Aquatic Preserve,pH,Surface,Field,TRUE,256,11,1972,2025,1972-11-11T00:00:00Z,2025-06-12T13:25:00Z,7.99,TRUE,0.09106,1,0,7.55833,12.1505,0.2751,0.05192,-0.02071,0,0,0,No detectable trend
25,Lemon Bay Aquatic Preserve,"Chlorophyll a, Corrected for Pheophytin",All,Lab,TRUE,1278,28,1998,2025,1998-02-26T10:28:00Z,2025-12-01T08:27:00Z,4.865,TRUE,-0.13729,0.00076,-0.06842,6.39676,12.3784,0.3359,-0.02598,-0.1125,-1,1,-1,Decreasing trend
25,Lemon Bay Aquatic Preserve,"Chlorophyll a, Corrected for Pheophytin",Bottom,Lab,FALSE,175,9,2017,2025,2017-10-17T09:22:00Z,2025-11-03T08:10:00Z,3.8,,,,,,,,,,,0,2,Insufficient data
25,Lemon Bay Aquatic Preserve,"Chlorophyll a, Corrected for Pheophytin",Surface,Lab,TRUE,1090,28,1998,2025,1998-02-26T10:28:00Z,2025-12-01T08:27:00Z,5,TRUE,-0.13494,0.00099,-0.07222,6.56149,16.8188,0.1134,-0.02732,-0.11665,-1,0,-1,Decreasing trend
25,Lemon Bay Aquatic Preserve,"Chlorophyll a, Uncorrected for Pheophytin",All,Lab,TRUE,795,20,1998,2025,1998-08-03T00:00:00Z,2025-12-01T08:27:00Z,4.1,TRUE,-0.09302,0.10665,-0.04028,4.81915,4.9486,0.9336,0.00809,-0.08987,0,1,0,No detectable trend
25,Lemon Bay Aquatic Preserve,"Chlorophyll a, Uncorrected for Pheophytin",Bottom,Lab,FALSE,176,9,2017,2025,2017-10-17T09:22:00Z,2025-11-03T08:10:00Z,3.75,,,,,,,,,,,0,2,Insufficient data
25,Lemon Bay Aquatic Preserve,"Chlorophyll a, Uncorrected for Pheophytin",Surface,Lab,TRUE,619,20,1998,2025,1998-08-03T00:00:00Z,2025-12-01T08:27:00Z,4.22,TRUE,-0.16964,0.00245,-0.06107,4.83813,7.9293,0.7196,-0.02292,-0.12244,-1,0,-1,Decreasing trend
25,Lemon Bay Aquatic Preserve,Colored Dissolved Organic Matter,All,Lab,TRUE,587,10,2006,2025,2006-07-20T00:00:00Z,2025-12-03T11:30:00Z,10,TRUE,0.30764,0.00072,0.65,2.01937,5.1504,0.9237,1.18944,0.231,1,1,1,Increasing trend
25,Lemon Bay Aquatic Preserve,Colored Dissolved Organic Matter,Bottom,Lab,FALSE,339,9,2017,2025,2017-11-06T06:42:00Z,2025-12-03T11:30:00Z,11,,,,,,,,,,,0,2,Insufficient data
25,Lemon Bay Aquatic Preserve,Colored Dissolved Organic Matter,Surface,Lab,TRUE,248,10,2006,2025,2006-07-20T00:00:00Z,2025-12-03T10:08:00Z,7.5,TRUE,0.23134,0.01817,0.5409,-0.90656,6.9075,0.8065,0.89338,0.01751,1,0,1,Increasing trend
25,Lemon Bay Aquatic Preserve,Dissolved Oxygen,All,Field,TRUE,13794,38,1971,2025,1971-06-01T00:00:00Z,2025-12-03T11:32:00Z,6.1,TRUE,-0.06611,0.04964,-0.0088,6.42771,16.4701,0.1246,-0.00001,-0.01604,-1,1,-1,Decreasing trend
25,Lemon Bay Aquatic Preserve,Dissolved Oxygen,Bottom,Field,TRUE,3092,31,1995,2025,1995-01-03T10:40:00Z,2025-12-03T11:32:00Z,5.9,TRUE,-0.02116,0.69682,-0.00247,5.87885,9.2972,0.5945,0.01017,-0.01588,0,0,0,No detectable trend
25,Lemon Bay Aquatic Preserve,Dissolved Oxygen,Surface,Field,TRUE,9329,38,1971,2025,1971-06-01T00:00:00Z,2025-12-03T11:30:00Z,6.2,TRUE,-0.08629,0.01302,-0.01047,6.58109,9.3162,0.5927,-0.0023,-0.01929,-1,0,-1,Decreasing trend
25,Lemon Bay Aquatic Preserve,Dissolved Oxygen Saturation,All,Field,TRUE,4703,28,1998,2025,1998-02-26T07:49:00Z,2025-12-03T11:32:00Z,87,TRUE,-0.08763,0.02858,-0.16667,86.81334,10.3272,0.5012,-0.02086,-0.32647,-1,1,-1,Decreasing trend
25,Lemon Bay Aquatic Preserve,Dissolved Oxygen Saturation,Bottom,Field,TRUE,751,10,2016,2025,2016-09-07T09:58:00Z,2025-12-03T11:32:00Z,87,TRUE,0.00433,0.96786,0.09279,84.19996,11.2089,0.4259,1.80919,-1.16666,0,0,0,No detectable trend
25,Lemon Bay Aquatic Preserve,Dissolved Oxygen Saturation,Surface,Field,TRUE,3153,28,1998,2025,1998-02-26T07:49:00Z,2025-12-03T11:30:00Z,88,TRUE,-0.1198,0.0029,-0.23738,89.17464,11.4235,0.4085,-0.07655,-0.3741,-1,0,-1,Decreasing trend
25,Lemon Bay Aquatic Preserve,Salinity,All,All,TRUE,11486,58,1954,2025,1954-02-05T00:00:00Z,2025-12-03T11:32:00Z,34,TRUE,-0.08907,0.00241,-0.01674,34.64345,12.6282,0.3183,-0.00634,-0.02682,-1,1,-1,Decreasing trend
25,Lemon Bay Aquatic Preserve,Salinity,All,Field,TRUE,11486,58,1954,2025,1954-02-05T00:00:00Z,2025-12-03T11:32:00Z,34,TRUE,-0.08907,0.00241,-0.01674,34.64345,12.6282,0.3183,-0.00634,-0.02682,-1,0,-1,Decreasing trend
25,Lemon Bay Aquatic Preserve,Salinity,Bottom,All,TRUE,3213,31,1995,2025,1995-01-03T10:40:00Z,2025-12-03T11:32:00Z,33.5,TRUE,0.06047,0.14745,0.01857,33.15426,20.6007,0.0378,0.04649,-0.00784,0,0,0,No detectable trend
25,Lemon Bay Aquatic Preserve,Salinity,Bottom,Field,TRUE,3213,31,1995,2025,1995-01-03T10:40:00Z,2025-12-03T11:32:00Z,33.5,TRUE,0.06047,0.14745,0.01857,33.15426,20.6007,0.0378,0.04649,-0.00784,0,0,0,No detectable trend
25,Lemon Bay Aquatic Preserve,Salinity,Surface,All,TRUE,7613,58,1954,2025,1954-02-05T00:00:00Z,2025-12-03T11:30:00Z,34,TRUE,-0.05113,0.06929,-0.0107,34.49604,12.0615,0.359,0.00099,-0.02132,0,0,0,No detectable trend
25,Lemon Bay Aquatic Preserve,Salinity,Surface,Field,TRUE,7613,58,1954,2025,1954-02-05T00:00:00Z,2025-12-03T11:30:00Z,34,TRUE,-0.05113,0.06929,-0.0107,34.49604,12.0615,0.359,0.00099,-0.02132,0,0,0,No detectable trend
25,Lemon Bay Aquatic Preserve,Secchi Depth,All,Field,TRUE,3213,31,1995,2025,1995-04-04T00:00:00Z,2025-12-03T11:30:00Z,-1.3,TRUE,-0.2805,0,-0.015,-1.0707,6.7766,0.8169,-0.01029,-0.01917,-1,1,-1,Decreasing trend
25,Lemon Bay Aquatic Preserve,Total Nitrogen,All,Lab,TRUE,3125,30,1995,2025,1995-04-18T13:00:00Z,2025-12-03T11:30:00Z,0.555,TRUE,0.04732,0.21394,0.00104,0.54585,9.7769,0.5506,0.00284,-0.00078,0,1,0,No detectable trend
25,Lemon Bay Aquatic Preserve,Total Nitrogen,Bottom,Lab,FALSE,469,9,2017,2025,2017-10-17T09:22:00Z,2025-12-03T11:30:00Z,0.555,,,,,,,,,,,0,2,Insufficient data
25,Lemon Bay Aquatic Preserve,Total Nitrogen,Surface,Lab,TRUE,2634,29,1997,2025,1997-04-22T10:40:00Z,2025-12-03T10:08:00Z,0.555,TRUE,0.02667,0.49027,0.00069,0.5528,7.5904,0.7495,0.00241,-0.00153,0,0,0,No detectable trend
25,Lemon Bay Aquatic Preserve,Total Phosphorus,All,Lab,TRUE,3172,30,1995,2025,1995-04-18T13:00:00Z,2025-12-03T11:30:00Z,0.085,TRUE,-0.50877,0,-0.00447,0.17909,4.1963,0.9638,-0.00388,-0.00504,-1,1,-1,Decreasing trend
25,Lemon Bay Aquatic Preserve,Total Phosphorus,Bottom,Lab,FALSE,467,9,2017,2025,2017-10-17T09:22:00Z,2025-12-03T11:30:00Z,0.08,,,,,,,,,,,0,2,Insufficient data
25,Lemon Bay Aquatic Preserve,Total Phosphorus,Surface,Lab,TRUE,2682,29,1997,2025,1997-04-22T10:40:00Z,2025-12-03T10:08:00Z,0.087,TRUE,-0.59807,0,-0.00524,0.17539,5.2818,0.9168,-0.00472,-0.00577,-1,0,-1,Decreasing trend
25,Lemon Bay Aquatic Preserve,Total Suspended Solids,All,Lab,TRUE,1253,29,1995,2025,1995-04-18T13:00:00Z,2025-04-22T09:50:00Z,10.6,TRUE,0.32354,0,0.40974,4.39923,6.5926,0.8311,0.54181,0.3005,1,1,1,Increasing trend
25,Lemon Bay Aquatic Preserve,Total Suspended Solids,Bottom,Lab,FALSE,128,8,2017,2024,2017-10-17T09:22:00Z,2024-12-03T09:57:00Z,17.4,,,,,,,,,,,0,2,Insufficient data
25,Lemon Bay Aquatic Preserve,Total Suspended Solids,Surface,Lab,TRUE,1104,28,1997,2025,1997-04-22T10:40:00Z,2025-04-22T09:50:00Z,10,TRUE,0.3222,0,0.39223,5.29226,6.9376,0.8041,0.55289,0.28352,1,0,1,Increasing trend
25,Lemon Bay Aquatic Preserve,Turbidity,All,All,TRUE,6290,31,1995,2025,1995-01-03T10:27:00Z,2025-12-03T11:30:00Z,2.605,TRUE,0.05376,0.14236,0.01037,2.94152,9.5939,0.5672,0.02257,-0.00398,0,0,0,No detectable trend
25,Lemon Bay Aquatic Preserve,Turbidity,All,Field,FALSE,85,9,2003,2025,2003-04-14T00:00:00Z,2025-12-03T10:13:00Z,2.4,,,,,,,,,,,0,2,Insufficient data
25,Lemon Bay Aquatic Preserve,Turbidity,All,Lab,TRUE,6205,31,1995,2025,1995-01-03T10:27:00Z,2025-12-03T11:30:00Z,2.7,TRUE,0.05914,0.10647,0.01158,2.94802,9.0257,0.6195,0.02404,-0.00206,0,1,0,No detectable trend
25,Lemon Bay Aquatic Preserve,Turbidity,Bottom,All,FALSE,516,9,2017,2025,2017-10-17T09:22:00Z,2025-12-03T11:30:00Z,2.65,,,,,,,,,,,0,2,Insufficient data
25,Lemon Bay Aquatic Preserve,Turbidity,Bottom,Field,FALSE,41,6,2020,2025,2020-08-12T10:06:00Z,2025-11-05T09:53:00Z,2.4,,,,,,,,,,,0,2,Insufficient data
25,Lemon Bay Aquatic Preserve,Turbidity,Bottom,Lab,FALSE,475,9,2017,2025,2017-10-17T09:22:00Z,2025-12-03T11:30:00Z,2.7,,,,,,,,,,,0,2,Insufficient data
25,Lemon Bay Aquatic Preserve,Turbidity,Surface,All,TRUE,5751,31,1995,2025,1995-01-03T10:27:00Z,2025-12-03T10:13:00Z,2.6,TRUE,0.02442,0.50608,0.00454,3.05554,12.16,0.3517,0.01793,-0.0087,0,0,0,No detectable trend
25,Lemon Bay Aquatic Preserve,Turbidity,Surface,Field,FALSE,44,9,2003,2025,2003-04-14T00:00:00Z,2025-12-03T10:13:00Z,2.4,,,,,,,,,,,0,2,Insufficient data
25,Lemon Bay Aquatic Preserve,Turbidity,Surface,Lab,TRUE,5707,31,1995,2025,1995-01-03T10:27:00Z,2025-12-03T10:08:00Z,2.6,TRUE,0.03646,0.31975,0.00565,3.05492,10.2406,0.5089,0.01873,-0.00632,0,0,0,No detectable trend
25,Lemon Bay Aquatic Preserve,Water Temperature,All,Field,TRUE,14987,59,1954,2025,1954-02-05T00:00:00Z,2025-12-03T11:32:00Z,26.4,TRUE,0.12428,0.00004,0.01549,24.42602,13.0605,0.2894,0.02289,0.00824,1,1,1,Increasing trend
25,Lemon Bay Aquatic Preserve,Water Temperature,Bottom,Field,TRUE,3287,31,1995,2025,1995-01-03T10:40:00Z,2025-12-03T11:32:00Z,26.2,TRUE,0.15753,0.00024,0.0373,25.55534,6.9624,0.8021,0.06026,0.01705,1,0,1,Increasing trend
25,Lemon Bay Aquatic Preserve,Water Temperature,Surface,Field,TRUE,10234,59,1954,2025,1954-02-05T00:00:00Z,2025-12-03T11:30:00Z,26.4,TRUE,0.12415,0.00004,0.01538,24.46195,12.5081,0.3267,0.02258,0.0081,1,0,1,Increasing trend
25,Lemon Bay Aquatic Preserve,pH,All,Field,TRUE,12226,38,1955,2025,1955-03-25T00:00:00Z,2025-12-03T11:32:00Z,8,TRUE,-0.10878,0.00203,-0.00203,8.08379,6.013,0.8725,-0.00077,-0.00314,-1,1,-1,Decreasing trend
25,Lemon Bay Aquatic Preserve,pH,Bottom,Field,TRUE,1642,18,2001,2025,2001-07-17T00:00:00Z,2025-12-03T11:32:00Z,7.99,TRUE,-0.22254,0.00004,-0.00978,8.13241,14.2947,0.2171,-0.005,-0.01351,-1,0,-1,Decreasing trend
25,Lemon Bay Aquatic Preserve,pH,Surface,Field,TRUE,9235,38,1955,2025,1955-03-25T00:00:00Z,2025-12-03T11:30:00Z,8,TRUE,-0.07753,0.02568,-0.00133,8.08686,7.5086,0.7565,-0.00015,-0.00264,-1,0,-1,Decreasing trend
26,Lignumvitae Key Aquatic Preserve,"Chlorophyll a, Corrected for Pheophytin",All,Lab,TRUE,211,10,2016,2025,2016-04-18T13:10:00Z,2025-11-19T16:39:00Z,0.82,TRUE,0.03656,0.75888,0.00431,1.12642,5.5592,0.9011,0.04998,-0.03478,0,1,0,No detectable trend
26,Lignumvitae Key Aquatic Preserve,"Chlorophyll a, Corrected for Pheophytin",Bottom,Lab,FALSE,17,2,2020,2021,2020-08-23T14:06:00Z,2021-05-06T12:09:00Z,0.569,,,,,,,,,,,0,2,Insufficient data
26,Lignumvitae Key Aquatic Preserve,"Chlorophyll a, Corrected for Pheophytin",Surface,Lab,TRUE,192,10,2016,2025,2016-04-18T13:10:00Z,2025-11-19T16:39:00Z,0.82,TRUE,0.04372,0.70638,0.00833,0.96993,5.4851,0.9054,0.05039,-0.03554,0,0,0,No detectable trend
26,Lignumvitae Key Aquatic Preserve,"Chlorophyll a, Uncorrected for Pheophytin",All,Lab,TRUE,153,11,2001,2025,2001-08-08T00:00:00Z,2025-11-19T16:39:00Z,0.67,TRUE,0.01587,1,0,0.67984,10.7438,0.465,0.02226,-0.05023,0,1,0,No detectable trend
26,Lignumvitae Key Aquatic Preserve,"Chlorophyll a, Uncorrected for Pheophytin",Surface,Lab,TRUE,150,11,2001,2025,2001-08-08T00:00:00Z,2025-11-19T16:39:00Z,0.665,TRUE,0.03226,0.9508,0,0.6799,11.9494,0.3675,0.02231,-0.04897,0,0,0,No detectable trend
26,Lignumvitae Key Aquatic Preserve,Dissolved Oxygen,All,Field,TRUE,206,12,1997,2024,1997-06-09T00:00:00Z,2024-08-21T13:17:00Z,6.82,TRUE,0.29231,0.07976,0.04341,5.47417,5.3174,0.9148,0.10293,-0.00204,0,1,0,No detectable trend
26,Lignumvitae Key Aquatic Preserve,Dissolved Oxygen,Bottom,Field,FALSE,74,5,2001,2021,2001-08-08T00:00:00Z,2021-05-06T12:57:00Z,7.52,,,,,,,,,,,0,2,Insufficient data
26,Lignumvitae Key Aquatic Preserve,Dissolved Oxygen,Surface,Field,TRUE,117,12,1997,2024,1997-06-09T00:00:00Z,2024-08-21T13:17:00Z,6.39,TRUE,0.37733,0.032,0.04175,5.27047,4.7956,0.9407,0.10866,0.00063,1,0,1,Increasing trend
26,Lignumvitae Key Aquatic Preserve,Dissolved Oxygen Saturation,All,Field,FALSE,230,8,2016,2025,2016-04-18T13:10:00Z,2025-10-16T12:47:00Z,101.2,,,,,,,,,,,1,2,Insufficient data
26,Lignumvitae Key Aquatic Preserve,Dissolved Oxygen Saturation,Bottom,Field,FALSE,73,4,2016,2021,2016-04-18T13:10:00Z,2021-05-06T12:57:00Z,102.4,,,,,,,,,,,0,2,Insufficient data
26,Lignumvitae Key Aquatic Preserve,Dissolved Oxygen Saturation,Surface,Field,FALSE,155,8,2016,2025,2016-05-09T13:55:00Z,2025-10-16T12:47:00Z,101.3,,,,,,,,,,,0,2,Insufficient data
26,Lignumvitae Key Aquatic Preserve,Salinity,All,All,TRUE,266,14,1997,2025,1997-06-09T00:00:00Z,2025-06-26T16:01:00Z,36.325,TRUE,0.13603,0.36732,0.03231,35.34408,4.9886,0.9317,0.089,-0.03567,0,1,0,No detectable trend
26,Lignumvitae Key Aquatic Preserve,Salinity,All,Field,TRUE,266,14,1997,2025,1997-06-09T00:00:00Z,2025-06-26T16:01:00Z,36.325,TRUE,0.13603,0.36732,0.03231,35.34408,4.9886,0.9317,0.089,-0.03567,0,0,0,No detectable trend
26,Lignumvitae Key Aquatic Preserve,Salinity,Bottom,All,FALSE,72,4,2001,2021,2001-08-08T00:00:00Z,2021-05-06T12:57:00Z,36.3,,,,,,,,,,,0,2,Insufficient data
26,Lignumvitae Key Aquatic Preserve,Salinity,Bottom,Field,FALSE,72,4,2001,2021,2001-08-08T00:00:00Z,2021-05-06T12:57:00Z,36.3,,,,,,,,,,,0,2,Insufficient data
26,Lignumvitae Key Aquatic Preserve,Salinity,Surface,All,TRUE,179,14,1997,2025,1997-06-09T00:00:00Z,2025-06-26T16:01:00Z,36.42,TRUE,0.13304,0.33428,0.0298,35.31567,6.1457,0.8635,0.08604,-0.03534,0,0,0,No detectable trend
26,Lignumvitae Key Aquatic Preserve,Salinity,Surface,Field,TRUE,179,14,1997,2025,1997-06-09T00:00:00Z,2025-06-26T16:01:00Z,36.42,TRUE,0.13304,0.33428,0.0298,35.31567,6.1457,0.8635,0.08604,-0.03534,0,0,0,No detectable trend
26,Lignumvitae Key Aquatic Preserve,Secchi Depth,All,Field,FALSE,35,6,1997,2017,1997-06-09T00:00:00Z,2017-04-11T14:00:00Z,-2,,,,,,,,,,,1,2,Insufficient data
26,Lignumvitae Key Aquatic Preserve,Total Nitrogen,All,Lab,TRUE,216,11,2001,2025,2001-08-08T00:00:00Z,2025-11-19T16:39:00Z,0.2625,TRUE,-0.0274,0.86668,-0.00498,0.32367,10.8628,0.4548,0.00831,-0.01994,0,1,0,No detectable trend
26,Lignumvitae Key Aquatic Preserve,Total Nitrogen,Bottom,Lab,FALSE,17,2,2020,2021,2020-08-23T14:06:00Z,2021-05-06T12:09:00Z,0.179,,,,,,,,,,,0,2,Insufficient data
26,Lignumvitae Key Aquatic Preserve,Total Nitrogen,Surface,Lab,TRUE,194,11,2001,2025,2001-08-08T00:00:00Z,2025-11-19T16:39:00Z,0.26,TRUE,-0.0325,0.90802,-0.005,0.3069,11.6838,0.3879,0.00949,-0.01816,0,0,0,No detectable trend
26,Lignumvitae Key Aquatic Preserve,Total Phosphorus,All,Lab,TRUE,212,11,2001,2025,2001-08-08T00:00:00Z,2025-11-19T16:39:00Z,0.009,TRUE,-0.33152,0.00028,-0.00065,0.01906,16.2787,0.1311,-0.00034,-0.00103,-1,1,-1,Decreasing trend
26,Lignumvitae Key Aquatic Preserve,Total Phosphorus,Bottom,Lab,FALSE,17,2,2020,2021,2020-08-23T14:06:00Z,2021-05-06T12:09:00Z,0.015,,,,,,,,,,,0,2,Insufficient data
26,Lignumvitae Key Aquatic Preserve,Total Phosphorus,Surface,Lab,TRUE,190,11,2001,2025,2001-08-08T00:00:00Z,2025-11-19T16:39:00Z,0.009,TRUE,-0.34621,0.0003,-0.00063,0.01839,16.5571,0.1217,-0.00033,-0.001,-1,0,-1,Decreasing trend
26,Lignumvitae Key Aquatic Preserve,Total Suspended Solids,All,Lab,FALSE,9,2,2016,2017,2016-04-18T13:10:00Z,2017-05-09T13:05:00Z,13,,,,,,,,,,,1,2,Insufficient data
26,Lignumvitae Key Aquatic Preserve,Total Suspended Solids,Surface,Lab,FALSE,9,2,2016,2017,2016-04-18T13:10:00Z,2017-05-09T13:05:00Z,13,,,,,,,,,,,0,2,Insufficient data
26,Lignumvitae Key Aquatic Preserve,Turbidity,All,All,FALSE,147,9,2016,2025,2016-04-18T00:00:00Z,2025-11-19T16:39:00Z,2.1,,,,,,,,,,,0,2,Insufficient data
26,Lignumvitae Key Aquatic Preserve,Turbidity,All,Field,FALSE,9,2,2016,2017,2016-04-18T00:00:00Z,2017-02-20T00:00:00Z,0,,,,,,,,,,,0,2,Insufficient data
26,Lignumvitae Key Aquatic Preserve,Turbidity,All,Lab,FALSE,138,9,2016,2025,2016-04-18T13:10:00Z,2025-11-19T16:39:00Z,2.2,,,,,,,,,,,1,2,Insufficient data
26,Lignumvitae Key Aquatic Preserve,Turbidity,Surface,All,FALSE,145,9,2016,2025,2016-04-18T00:00:00Z,2025-11-19T16:39:00Z,2.1,,,,,,,,,,,0,2,Insufficient data
26,Lignumvitae Key Aquatic Preserve,Turbidity,Surface,Field,FALSE,9,2,2016,2017,2016-04-18T00:00:00Z,2017-02-20T00:00:00Z,0,,,,,,,,,,,0,2,Insufficient data
26,Lignumvitae Key Aquatic Preserve,Turbidity,Surface,Lab,FALSE,136,9,2016,2025,2016-04-18T13:10:00Z,2025-11-19T16:39:00Z,2.2,,,,,,,,,,,0,2,Insufficient data
26,Lignumvitae Key Aquatic Preserve,Water Temperature,All,Field,TRUE,289,14,1997,2025,1997-06-09T00:00:00Z,2025-11-19T16:39:00Z,28,TRUE,0.17375,0.0844,0.05952,26.88659,9.6578,0.5614,0.13333,-0.00822,0,1,0,No detectable trend
26,Lignumvitae Key Aquatic Preserve,Water Temperature,Bottom,Field,FALSE,74,5,2001,2021,2001-08-08T00:00:00Z,2021-05-06T12:57:00Z,29.65,,,,,,,,,,,0,2,Insufficient data
26,Lignumvitae Key Aquatic Preserve,Water Temperature,Surface,Field,TRUE,197,14,1997,2025,1997-06-09T00:00:00Z,2025-11-19T16:39:00Z,27.8,TRUE,0.19356,0.05769,0.0625,27.27201,13.7405,0.2477,0.14828,-0.00464,0,0,0,No detectable trend
26,Lignumvitae Key Aquatic Preserve,pH,All,Field,TRUE,286,13,1997,2025,1997-06-09T00:00:00Z,2025-11-19T16:39:00Z,8.07,TRUE,-0.23366,0.04202,-0.00548,8.17094,9.2621,0.5977,-0.00009,-0.01476,-1,1,-1,Decreasing trend
26,Lignumvitae Key Aquatic Preserve,pH,Bottom,Field,FALSE,74,5,2001,2021,2001-08-08T00:00:00Z,2021-05-06T12:57:00Z,8.13,,,,,,,,,,,0,2,Insufficient data
26,Lignumvitae Key Aquatic Preserve,pH,Surface,Field,TRUE,194,13,1997,2025,1997-06-09T00:00:00Z,2025-11-19T16:39:00Z,8.06,TRUE,-0.27336,0.0176,-0.00659,8.19493,6.6468,0.8269,-0.00066,-0.01454,-1,0,-1,Decreasing trend
27,Loxahatchee River-Lake Worth Creek Aquatic Preserve,"Chlorophyll a, Corrected for Pheophytin",All,Lab,TRUE,4636,22,2001,2025,2001-12-17T08:50:00Z,2025-12-08T13:01:00Z,4.5,TRUE,-0.01496,0.73313,-0.00854,5.29322,9.4516,0.5803,0.04199,-0.0488,0,1,0,No detectable trend
27,Loxahatchee River-Lake Worth Creek Aquatic Preserve,"Chlorophyll a, Corrected for Pheophytin",Bottom,Lab,FALSE,8,1,2023,2023,2023-01-31T11:00:00Z,2023-11-02T10:00:00Z,9.4,,,,,,,,,,,0,2,Insufficient data
27,Loxahatchee River-Lake Worth Creek Aquatic Preserve,"Chlorophyll a, Corrected for Pheophytin",Surface,Lab,TRUE,4622,22,2001,2025,2001-12-17T08:50:00Z,2025-12-08T13:01:00Z,4.5,TRUE,-0.01777,0.69078,-0.00896,5.32998,9.7341,0.5544,0.0411,-0.05083,0,0,0,No detectable trend
27,Loxahatchee River-Lake Worth Creek Aquatic Preserve,"Chlorophyll a, Uncorrected for Pheophytin",All,Lab,TRUE,6005,29,1997,2025,1997-09-08T00:00:00Z,2025-12-08T13:01:00Z,5.6,TRUE,0.03466,0.39786,0.02027,6.73567,7.4001,0.7658,0.05793,-0.02311,0,1,0,No detectable trend
27,Loxahatchee River-Lake Worth Creek Aquatic Preserve,"Chlorophyll a, Uncorrected for Pheophytin",Bottom,Lab,FALSE,7,1,2023,2023,2023-01-31T11:00:00Z,2023-11-02T10:00:00Z,13,,,,,,,,,,,0,2,Insufficient data
27,Loxahatchee River-Lake Worth Creek Aquatic Preserve,"Chlorophyll a, Uncorrected for Pheophytin",Surface,Lab,TRUE,5987,29,1997,2025,1997-09-08T00:00:00Z,2025-12-08T13:01:00Z,5.6,TRUE,0.03314,0.42109,0.02005,6.73567,7.1358,0.788,0.05769,-0.02444,0,0,0,No detectable trend
27,Loxahatchee River-Lake Worth Creek Aquatic Preserve,Colored Dissolved Organic Matter,All,Lab,TRUE,1291,25,2001,2025,2001-07-11T00:00:00Z,2025-12-08T13:01:00Z,45,TRUE,0.25694,0.00001,0.83333,17.96211,13.7559,0.2468,1.15151,0.44264,1,1,1,Increasing trend
27,Loxahatchee River-Lake Worth Creek Aquatic Preserve,Colored Dissolved Organic Matter,Bottom,Lab,FALSE,6,1,2023,2023,2023-04-05T10:30:00Z,2023-11-02T10:00:00Z,49.5,,,,,,,,,,,0,2,Insufficient data
27,Loxahatchee River-Lake Worth Creek Aquatic Preserve,Colored Dissolved Organic Matter,Surface,Lab,TRUE,1284,25,2001,2025,2001-07-11T00:00:00Z,2025-12-08T13:01:00Z,45,TRUE,0.25844,0.00001,0.84,17.96211,13.3914,0.2685,1.155,0.44264,1,0,1,Increasing trend
27,Loxahatchee River-Lake Worth Creek Aquatic Preserve,Dissolved Oxygen,All,Field,TRUE,13210,35,1991,2025,1991-01-24T00:00:00Z,2025-12-09T10:15:00Z,5.59,TRUE,-0.26282,0,-0.02301,5.81215,6.7154,0.8216,-0.01697,-0.02895,-1,1,-1,Decreasing trend
27,Loxahatchee River-Lake Worth Creek Aquatic Preserve,Dissolved Oxygen,Bottom,Field,TRUE,143,26,1996,2025,1996-09-26T08:45:00Z,2025-07-02T00:00:00Z,5.98,TRUE,-0.15266,0.56664,0.00846,6.01579,12.1883,0.3497,0.04732,-0.04431,0,0,0,No detectable trend
27,Loxahatchee River-Lake Worth Creek Aquatic Preserve,Dissolved Oxygen,Surface,Field,TRUE,10936,35,1991,2025,1991-01-24T00:00:00Z,2025-12-09T10:15:00Z,5.65,TRUE,-0.2966,0,-0.02522,5.89578,5.0372,0.9294,-0.01948,-0.03161,-1,0,-1,Decreasing trend
27,Loxahatchee River-Lake Worth Creek Aquatic Preserve,Dissolved Oxygen Saturation,All,Field,TRUE,11226,31,1995,2025,1995-07-10T00:00:00Z,2025-12-09T10:15:00Z,76,TRUE,-0.15406,0.00012,-0.2105,77.67006,11.0918,0.4356,-0.10485,-0.30859,-1,1,-1,Decreasing trend
27,Loxahatchee River-Lake Worth Creek Aquatic Preserve,Dissolved Oxygen Saturation,Bottom,Field,TRUE,113,18,1996,2025,1996-09-26T08:45:00Z,2025-07-02T00:00:00Z,75,TRUE,-0.075,0.28151,0.42857,74.36467,18.8339,0.0641,1.61427,-0.73685,0,0,0,No detectable trend
27,Loxahatchee River-Lake Worth Creek Aquatic Preserve,Dissolved Oxygen Saturation,Surface,Field,TRUE,9276,31,1995,2025,1995-07-10T00:00:00Z,2025-12-09T10:15:00Z,77.4,TRUE,-0.19371,0,-0.23846,78.39035,8.1088,0.7035,-0.14445,-0.35022,-1,0,-1,Decreasing trend
27,Loxahatchee River-Lake Worth Creek Aquatic Preserve,Salinity,All,All,TRUE,12306,36,1972,2025,1972-11-18T00:00:00Z,2025-12-09T10:15:00Z,24.4,TRUE,-0.00982,0.79364,-0.00921,21.46318,11.6513,0.3904,0.04195,-0.06816,0,1,0,No detectable trend
27,Loxahatchee River-Lake Worth Creek Aquatic Preserve,Salinity,All,Field,TRUE,12130,36,1972,2025,1972-11-18T00:00:00Z,2025-12-09T10:15:00Z,24.3,TRUE,-0.00529,0.86855,-0.00498,21.41272,10.8803,0.4533,0.04464,-0.06541,0,0,0,No detectable trend
27,Loxahatchee River-Lake Worth Creek Aquatic Preserve,Salinity,All,Lab,FALSE,176,1,2007,2007,2007-03-19T11:40:00Z,2007-10-30T12:00:00Z,27.925,,,,,,,,,,,0,2,Insufficient data
27,Loxahatchee River-Lake Worth Creek Aquatic Preserve,Salinity,Bottom,All,TRUE,138,25,1996,2025,1996-09-26T08:45:00Z,2025-07-02T00:00:00Z,28.2,TRUE,0.18462,0.68988,0.035,17.83307,5.4311,0.9085,0.34894,-0.12297,0,0,0,No detectable trend
27,Loxahatchee River-Lake Worth Creek Aquatic Preserve,Salinity,Bottom,Field,TRUE,138,25,1996,2025,1996-09-26T08:45:00Z,2025-07-02T00:00:00Z,28.2,TRUE,0.18462,0.68988,0.035,17.83307,5.4311,0.9085,0.34894,-0.12297,0,0,0,No detectable trend
27,Loxahatchee River-Lake Worth Creek Aquatic Preserve,Salinity,Surface,All,TRUE,10106,36,1972,2025,1972-11-18T00:00:00Z,2025-12-09T10:15:00Z,24.1,TRUE,-0.02781,0.33991,-0.02812,22.11161,13.5794,0.2571,0.03656,-0.08152,0,0,0,No detectable trend
27,Loxahatchee River-Lake Worth Creek Aquatic Preserve,Salinity,Surface,Field,TRUE,10028,36,1972,2025,1972-11-18T00:00:00Z,2025-12-09T10:15:00Z,24.2,TRUE,-0.02382,0.37425,-0.0255,21.85652,13.085,0.2878,0.04088,-0.07955,0,0,0,No detectable trend
27,Loxahatchee River-Lake Worth Creek Aquatic Preserve,Salinity,Surface,Lab,FALSE,78,1,2007,2007,2007-03-19T11:40:00Z,2007-10-30T12:00:00Z,20.92,,,,,,,,,,,0,2,Insufficient data
27,Loxahatchee River-Lake Worth Creek Aquatic Preserve,Secchi Depth,All,Field,TRUE,5060,32,1994,2025,1994-03-21T00:00:00Z,2025-12-08T13:01:00Z,-1.2,TRUE,0.04201,0.82986,0.00045,-1.26426,18.3655,0.0735,0.00348,-0.00282,0,1,0,No detectable trend
27,Loxahatchee River-Lake Worth Creek Aquatic Preserve,Total Nitrogen,All,Lab,TRUE,4773,35,1991,2025,1991-07-11T00:00:00Z,2025-04-30T11:40:00Z,0.706,TRUE,-0.26762,0,-0.01638,0.89775,33.1001,0.0005,-0.01253,-0.02081,-1,1,-1,Decreasing trend
27,Loxahatchee River-Lake Worth Creek Aquatic Preserve,Total Nitrogen,Bottom,Lab,FALSE,9,2,2008,2023,2008-03-11T00:00:00Z,2023-11-02T10:00:00Z,0.898,,,,,,,,,,,0,2,Insufficient data
27,Loxahatchee River-Lake Worth Creek Aquatic Preserve,Total Nitrogen,Surface,Lab,TRUE,4747,35,1991,2025,1991-07-11T00:00:00Z,2025-04-30T11:40:00Z,0.706,TRUE,-0.29523,0,-0.01785,1.00774,31.4487,0.0009,-0.01361,-0.02195,-1,0,-1,Decreasing trend
27,Loxahatchee River-Lake Worth Creek Aquatic Preserve,Total Phosphorus,All,Lab,TRUE,6757,35,1991,2025,1991-02-28T00:00:00Z,2025-12-08T13:01:00Z,0.042,TRUE,0.06964,0.21544,0.00009,0.03492,10.9389,0.4484,0.00025,-0.00005,0,1,0,No detectable trend
27,Loxahatchee River-Lake Worth Creek Aquatic Preserve,Total Phosphorus,Bottom,Lab,FALSE,8,1,2023,2023,2023-01-31T11:00:00Z,2023-11-02T10:00:00Z,0.081,,,,,,,,,,,0,2,Insufficient data
27,Loxahatchee River-Lake Worth Creek Aquatic Preserve,Total Phosphorus,Surface,Lab,TRUE,6727,35,1991,2025,1991-02-28T00:00:00Z,2025-12-08T13:01:00Z,0.042,TRUE,0.07736,0.18108,0.0001,0.03182,13.1101,0.2862,0.00026,-0.00004,0,0,0,No detectable trend
27,Loxahatchee River-Lake Worth Creek Aquatic Preserve,Total Suspended Solids,All,Lab,TRUE,6264,32,1994,2025,1994-03-18T00:00:00Z,2025-12-08T13:01:00Z,4,TRUE,0.14544,0.00555,0.03434,3.0446,18.6508,0.0677,0.05869,0.01137,1,1,1,Increasing trend
27,Loxahatchee River-Lake Worth Creek Aquatic Preserve,Total Suspended Solids,Bottom,Lab,FALSE,7,1,2023,2023,2023-01-31T11:00:00Z,2023-11-02T10:00:00Z,4,,,,,,,,,,,0,2,Insufficient data
27,Loxahatchee River-Lake Worth Creek Aquatic Preserve,Total Suspended Solids,Surface,Lab,TRUE,6246,32,1994,2025,1994-03-18T00:00:00Z,2025-12-08T13:01:00Z,4,TRUE,0.14477,0.00586,0.03456,3.03512,18.6652,0.0674,0.05902,0.01246,1,0,1,Increasing trend
27,Loxahatchee River-Lake Worth Creek Aquatic Preserve,Turbidity,All,All,TRUE,6659,35,1991,2025,1991-01-24T00:00:00Z,2025-12-08T13:01:00Z,2.7,TRUE,0.33695,0,0.04615,1.94073,9.4356,0.5818,0.05585,0.03554,1,0,1,Increasing trend
27,Loxahatchee River-Lake Worth Creek Aquatic Preserve,Turbidity,All,Field,TRUE,27,11,2004,2018,2004-07-06T00:00:00Z,2018-07-10T00:00:00Z,2.07,TRUE,-0.19111,1,0.01667,3.14917,4.2353,0.2372,0.2337,-0.19375,0,0,0,No detectable trend
27,Loxahatchee River-Lake Worth Creek Aquatic Preserve,Turbidity,All,Lab,TRUE,6632,35,1991,2025,1991-01-24T00:00:00Z,2025-12-08T13:01:00Z,2.7,TRUE,0.3358,0,0.04586,1.93661,9.1911,0.6043,0.056,0.03548,1,1,1,Increasing trend
27,Loxahatchee River-Lake Worth Creek Aquatic Preserve,Turbidity,Bottom,All,TRUE,30,11,2004,2023,2004-07-06T00:00:00Z,2023-11-02T10:00:00Z,2.33,TRUE,0.22222,0.38167,0.0654,2.07145,1.2788,0.7342,0.26187,-0.20589,0,0,0,No detectable trend
27,Loxahatchee River-Lake Worth Creek Aquatic Preserve,Turbidity,Bottom,Field,TRUE,22,10,2004,2018,2004-07-06T00:00:00Z,2018-07-10T00:00:00Z,2.085,TRUE,-0.15385,1,0.01667,3.45562,2.2221,0.5276,0.24642,-0.39398,0,0,0,No detectable trend
27,Loxahatchee River-Lake Worth Creek Aquatic Preserve,Turbidity,Bottom,Lab,FALSE,8,1,2023,2023,2023-01-31T11:00:00Z,2023-11-02T10:00:00Z,3.7,,,,,,,,,,,0,2,Insufficient data
27,Loxahatchee River-Lake Worth Creek Aquatic Preserve,Turbidity,Surface,All,TRUE,6601,35,1991,2025,1991-01-24T00:00:00Z,2025-12-08T13:01:00Z,2.7,TRUE,0.34458,0,0.04667,1.8239,9.3221,0.5922,0.05678,0.03622,1,0,1,Increasing trend
27,Loxahatchee River-Lake Worth Creek Aquatic Preserve,Turbidity,Surface,Field,FALSE,5,3,2007,2011,2007-05-07T13:30:00Z,2011-02-18T00:00:00Z,1.65,,,,,,,,,,,0,2,Insufficient data
27,Loxahatchee River-Lake Worth Creek Aquatic Preserve,Turbidity,Surface,Lab,TRUE,6596,35,1991,2025,1991-01-24T00:00:00Z,2025-12-08T13:01:00Z,2.7,TRUE,0.34437,0,0.04653,1.8239,9.2618,0.5977,0.05678,0.03622,1,0,1,Increasing trend
27,Loxahatchee River-Lake Worth Creek Aquatic Preserve,Water Temperature,All,Field,TRUE,10905,36,1972,2025,1972-11-18T00:00:00Z,2025-07-02T00:00:00Z,25.6,TRUE,0.15429,0.00011,0.03314,25.08312,16.7924,0.1142,0.04922,0.0168,1,1,1,Increasing trend
27,Loxahatchee River-Lake Worth Creek Aquatic Preserve,Water Temperature,Bottom,Field,TRUE,144,26,1996,2025,1996-09-26T08:45:00Z,2025-07-02T00:00:00Z,25.0975,TRUE,0.34476,0.00047,0.11,24.5921,,,0.19574,0.05024,1,0,1,Increasing trend
27,Loxahatchee River-Lake Worth Creek Aquatic Preserve,Water Temperature,Surface,Field,TRUE,8622,36,1972,2025,1972-11-18T00:00:00Z,2025-04-30T11:40:00Z,25.7,TRUE,0.14335,0.00037,0.0321,25.13213,16.0494,0.1393,0.05039,0.01501,1,0,1,Increasing trend
27,Loxahatchee River-Lake Worth Creek Aquatic Preserve,pH,All,Field,TRUE,12916,35,1991,2025,1991-01-24T00:00:00Z,2025-12-09T10:15:00Z,7.7,TRUE,-0.06325,0.26762,-0.00098,7.72989,6.5228,0.8363,0.00076,-0.0026,0,1,0,No detectable trend
27,Loxahatchee River-Lake Worth Creek Aquatic Preserve,pH,Bottom,Field,TRUE,71,21,2004,2025,2004-07-06T00:00:00Z,2025-07-02T00:00:00Z,7.9,TRUE,-0.23538,0.0135,-0.01111,8.00132,8.6637,0.1934,-0.00233,-0.02232,-1,0,-1,Decreasing trend
27,Loxahatchee River-Lake Worth Creek Aquatic Preserve,pH,Surface,Field,TRUE,10725,35,1991,2025,1991-01-24T00:00:00Z,2025-12-09T10:15:00Z,7.7,TRUE,-0.05151,0.34992,-0.00079,7.70402,4.6112,0.9485,0.00071,-0.00261,0,0,0,No detectable trend
28,Matlacha Pass Aquatic Preserve,"Chlorophyll a, Corrected for Pheophytin",All,Lab,TRUE,2014,24,2002,2025,2002-03-20T00:00:00Z,2025-12-10T12:23:00Z,3.4,TRUE,-0.00686,0.9094,-0.00168,4.15204,28.5651,0.0027,0.0375,-0.04886,0,1,0,No detectable trend
28,Matlacha Pass Aquatic Preserve,"Chlorophyll a, Corrected for Pheophytin",Bottom,Lab,TRUE,319,13,2007,2025,2007-11-27T10:10:00Z,2025-12-10T12:23:00Z,3,TRUE,0.20453,0.00233,0.11905,2.7586,23.0827,0.0172,0.18649,0.03708,1,0,1,Increasing trend
28,Matlacha Pass Aquatic Preserve,"Chlorophyll a, Corrected for Pheophytin",Surface,Lab,TRUE,1691,24,2002,2025,2002-03-20T00:00:00Z,2025-10-01T09:01:00Z,3.4,TRUE,-0.18648,0.00003,-0.09152,4.32398,21.2604,0.0308,-0.04398,-0.13556,-1,0,-1,Decreasing trend
28,Matlacha Pass Aquatic Preserve,"Chlorophyll a, Uncorrected for Pheophytin",All,Lab,TRUE,576,20,1998,2025,1998-08-03T00:00:00Z,2025-12-10T12:23:00Z,4.935,TRUE,0.20061,0.00013,0.07821,3.82089,13.4102,0.2674,0.13579,0.03578,1,1,1,Increasing trend
28,Matlacha Pass Aquatic Preserve,"Chlorophyll a, Uncorrected for Pheophytin",Bottom,Lab,FALSE,149,6,2019,2025,2019-10-07T07:30:00Z,2025-12-10T12:23:00Z,7.7,,,,,,,,,,,0,2,Insufficient data
28,Matlacha Pass Aquatic Preserve,"Chlorophyll a, Uncorrected for Pheophytin",Surface,Lab,TRUE,425,20,1998,2025,1998-08-03T00:00:00Z,2025-08-04T07:51:00Z,4.5,TRUE,0.01726,0.74835,0.00372,5.17232,14.3439,0.2145,0.04333,-0.03632,0,0,0,No detectable trend
28,Matlacha Pass Aquatic Preserve,Colored Dissolved Organic Matter,All,Lab,FALSE,547,9,2017,2025,2017-01-24T10:00:00Z,2025-12-01T07:46:00Z,24.4,,,,,,,,,,,1,2,Insufficient data
28,Matlacha Pass Aquatic Preserve,Colored Dissolved Organic Matter,Bottom,Lab,FALSE,103,6,2017,2025,2017-01-24T10:05:00Z,2025-12-01T07:46:00Z,30,,,,,,,,,,,0,2,Insufficient data
28,Matlacha Pass Aquatic Preserve,Colored Dissolved Organic Matter,Surface,Lab,FALSE,442,9,2017,2025,2017-01-24T10:00:00Z,2025-11-06T08:51:00Z,21.2,,,,,,,,,,,0,2,Insufficient data
28,Matlacha Pass Aquatic Preserve,Dissolved Oxygen,All,Field,TRUE,11886,36,1989,2025,1989-05-22T00:00:00Z,2025-12-10T12:23:00Z,6.59,TRUE,-0.04251,0.24112,-0.0052,6.67656,21.3104,0.0303,0.00353,-0.0141,0,1,0,No detectable trend
28,Matlacha Pass Aquatic Preserve,Dissolved Oxygen,Bottom,Field,TRUE,1485,31,1995,2025,1995-01-12T10:03:00Z,2025-12-10T12:23:00Z,6.4,TRUE,0.01393,0.77509,0.00182,6.22397,29.3678,0.002,0.01667,-0.01329,0,0,0,No detectable trend
28,Matlacha Pass Aquatic Preserve,Dissolved Oxygen,Surface,Field,TRUE,9261,35,1990,2025,1990-04-02T00:00:00Z,2025-11-06T08:51:00Z,6.6,TRUE,-0.04363,0.22299,-0.00565,6.70715,17.7403,0.0878,0.0037,-0.01493,0,0,0,No detectable trend
28,Matlacha Pass Aquatic Preserve,Dissolved Oxygen Saturation,All,Field,TRUE,1464,15,2007,2025,2007-11-27T10:10:00Z,2025-12-10T12:23:00Z,89.80714,TRUE,0.04683,0.45322,0.08125,86.25973,10.0936,0.522,0.41611,-0.22157,0,1,0,No detectable trend
28,Matlacha Pass Aquatic Preserve,Dissolved Oxygen Saturation,Bottom,Field,TRUE,840,15,2007,2025,2007-11-27T10:10:00Z,2025-12-10T12:23:00Z,88.2,TRUE,0.01759,0.84267,0.02596,86.53281,13.2593,0.2767,0.35218,-0.26241,0,0,0,No detectable trend
28,Matlacha Pass Aquatic Preserve,Dissolved Oxygen Saturation,Surface,Field,TRUE,573,12,2008,2025,2008-12-16T00:00:00Z,2025-11-06T08:51:00Z,91.8,TRUE,0.08827,0.19894,0.38667,88.66185,9.6748,0.5599,1.00803,-0.33253,0,0,0,No detectable trend
28,Matlacha Pass Aquatic Preserve,Salinity,All,All,TRUE,11207,43,1954,2025,1954-04-02T00:00:00Z,2025-12-10T12:23:00Z,25.9,TRUE,-0.04336,0.20716,-0.03095,28.50998,3.3794,0.9847,0.01869,-0.07611,0,1,0,No detectable trend
28,Matlacha Pass Aquatic Preserve,Salinity,All,Field,TRUE,11207,43,1954,2025,1954-04-02T00:00:00Z,2025-12-10T12:23:00Z,25.9,TRUE,-0.04336,0.20716,-0.03095,28.50998,3.3794,0.9847,0.01869,-0.07611,0,0,0,No detectable trend
28,Matlacha Pass Aquatic Preserve,Salinity,Bottom,All,TRUE,1531,31,1995,2025,1995-01-12T10:03:00Z,2025-12-10T12:23:00Z,24.5,TRUE,-0.05778,0.20902,-0.04825,26.11751,4.1564,0.9651,0.02506,-0.10592,0,0,0,No detectable trend
28,Matlacha Pass Aquatic Preserve,Salinity,Bottom,Field,TRUE,1531,31,1995,2025,1995-01-12T10:03:00Z,2025-12-10T12:23:00Z,24.5,TRUE,-0.05778,0.20902,-0.04825,26.11751,4.1564,0.9651,0.02506,-0.10592,0,0,0,No detectable trend
28,Matlacha Pass Aquatic Preserve,Salinity,Surface,All,TRUE,8528,42,1954,2025,1954-04-02T00:00:00Z,2025-10-28T09:46:00Z,26,TRUE,-0.03841,0.27059,-0.03135,28.35071,3.4418,0.9835,0.02222,-0.07312,0,0,0,No detectable trend
28,Matlacha Pass Aquatic Preserve,Salinity,Surface,Field,TRUE,8528,42,1954,2025,1954-04-02T00:00:00Z,2025-10-28T09:46:00Z,26,TRUE,-0.03841,0.27059,-0.03135,28.35071,3.4418,0.9835,0.02222,-0.07312,0,0,0,No detectable trend
28,Matlacha Pass Aquatic Preserve,Secchi Depth,All,Field,TRUE,6894,32,1994,2025,1994-09-26T00:00:00Z,2025-12-10T12:23:00Z,-1,TRUE,-0.03717,0.31832,-0.00159,-1.10419,6.583,0.8318,0.00158,-0.00489,0,1,0,No detectable trend
28,Matlacha Pass Aquatic Preserve,Total Nitrogen,All,Lab,TRUE,2139,30,1996,2025,1996-07-10T10:00:00Z,2025-12-10T12:23:00Z,0.71,TRUE,0.15746,0.00005,0.00513,0.63563,9.5349,0.5726,0.00757,0.00283,1,1,1,Increasing trend
28,Matlacha Pass Aquatic Preserve,Total Nitrogen,Bottom,Lab,TRUE,216,10,2007,2025,2007-11-27T10:10:00Z,2025-12-10T12:23:00Z,0.6755,TRUE,-0.03655,0.79849,-0.00072,0.64279,21.8159,0.0258,0.00433,-0.00615,0,0,0,No detectable trend
28,Matlacha Pass Aquatic Preserve,Total Nitrogen,Surface,Lab,TRUE,1919,30,1996,2025,1996-07-10T10:00:00Z,2025-11-06T08:51:00Z,0.718,TRUE,0.20571,0,0.00726,0.61198,10.1275,0.519,0.00977,0.00452,1,0,1,Increasing trend
28,Matlacha Pass Aquatic Preserve,Total Phosphorus,All,Lab,TRUE,2618,30,1996,2025,1996-07-10T10:00:00Z,2025-12-10T12:23:00Z,0.059,TRUE,-0.03847,0.37026,-0.0002,0.06248,30.3547,0.0014,0.0002,-0.00059,0,1,0,No detectable trend
28,Matlacha Pass Aquatic Preserve,Total Phosphorus,Bottom,Lab,TRUE,528,13,2007,2025,2007-11-27T10:10:00Z,2025-12-10T12:23:00Z,0.07,TRUE,0.21751,0.00106,0.00125,0.04892,7.0373,0.7961,0.00226,0.00037,1,0,1,Increasing trend
28,Matlacha Pass Aquatic Preserve,Total Phosphorus,Surface,Lab,TRUE,2086,30,1996,2025,1996-07-10T10:00:00Z,2025-11-06T08:51:00Z,0.057,TRUE,-0.10187,0.01136,-0.00048,0.06198,37.1712,0.0001,-0.00012,-0.00083,-1,0,-1,Decreasing trend
28,Matlacha Pass Aquatic Preserve,Total Suspended Solids,All,Lab,TRUE,1920,24,2002,2025,2002-03-20T00:00:00Z,2025-11-06T08:51:00Z,10,TRUE,0.14162,0.00116,0.27083,7.97765,7.0898,0.7918,0.45977,0.09853,1,1,1,Increasing trend
28,Matlacha Pass Aquatic Preserve,Total Suspended Solids,Bottom,Lab,FALSE,301,9,2017,2025,2017-01-24T10:05:00Z,2025-10-28T12:05:00Z,27,,,,,,,,,,,0,2,Insufficient data
28,Matlacha Pass Aquatic Preserve,Total Suspended Solids,Surface,Lab,TRUE,1605,24,2002,2025,2002-03-20T00:00:00Z,2025-11-06T08:51:00Z,8.75,TRUE,0.00784,0.86618,0.01496,10.17734,11.3463,0.4147,0.13802,-0.10765,0,0,0,No detectable trend
28,Matlacha Pass Aquatic Preserve,Turbidity,All,All,TRUE,4278,31,1995,2025,1995-01-12T09:02:00Z,2025-12-01T07:46:00Z,1.6,TRUE,0.03949,0.32656,0.00534,1.68434,23.8654,0.0133,0.01731,-0.00601,0,0,0,No detectable trend
28,Matlacha Pass Aquatic Preserve,Turbidity,All,Field,TRUE,721,28,1996,2025,1996-07-10T10:00:00Z,2025-08-21T11:23:00Z,1.37,TRUE,0.16121,0.00136,0.0232,1.06543,6.6683,0.8253,0.04147,0.0091,1,0,1,Increasing trend
28,Matlacha Pass Aquatic Preserve,Turbidity,All,Lab,TRUE,3557,31,1995,2025,1995-01-12T09:02:00Z,2025-12-01T07:46:00Z,1.7,TRUE,-0.02157,0.48732,-0.00409,1.81082,16.011,0.1407,0.0084,-0.01555,0,1,0,No detectable trend
28,Matlacha Pass Aquatic Preserve,Turbidity,Bottom,All,FALSE,242,9,2017,2025,2017-01-24T10:05:00Z,2025-12-01T07:46:00Z,2.38,,,,,,,,,,,0,2,Insufficient data
28,Matlacha Pass Aquatic Preserve,Turbidity,Bottom,Field,FALSE,2,2,2023,2025,2023-01-24T10:20:00Z,2025-08-21T11:23:00Z,1.79,,,,,,,,,,,0,2,Insufficient data
28,Matlacha Pass Aquatic Preserve,Turbidity,Bottom,Lab,FALSE,240,9,2017,2025,2017-01-24T10:05:00Z,2025-12-01T07:46:00Z,2.385,,,,,,,,,,,0,2,Insufficient data
28,Matlacha Pass Aquatic Preserve,Turbidity,Surface,All,TRUE,4010,31,1995,2025,1995-01-12T09:02:00Z,2025-11-06T08:51:00Z,1.6,TRUE,0.00873,0.88238,0.00082,1.74687,28.6683,0.0026,0.0123,-0.01081,0,0,0,No detectable trend
28,Matlacha Pass Aquatic Preserve,Turbidity,Surface,Field,TRUE,707,28,1996,2025,1996-07-10T10:00:00Z,2025-05-23T14:58:00Z,1.36,TRUE,0.15216,0.0025,0.02243,1.10345,7.1301,0.7885,0.04063,0.0073,1,0,1,Increasing trend
28,Matlacha Pass Aquatic Preserve,Turbidity,Surface,Lab,TRUE,3303,31,1995,2025,1995-01-12T09:02:00Z,2025-11-06T08:51:00Z,1.65,TRUE,-0.05628,0.10014,-0.00969,1.91734,20.3918,0.0402,0.0025,-0.021,0,0,0,No detectable trend
28,Matlacha Pass Aquatic Preserve,Water Temperature,All,Field,TRUE,12120,42,1954,2025,1954-04-02T00:00:00Z,2025-12-10T12:23:00Z,26.2,TRUE,0.08964,0.00934,0.01795,24.77531,10.3621,0.4981,0.03146,0.00383,1,1,1,Increasing trend
28,Matlacha Pass Aquatic Preserve,Water Temperature,Bottom,Field,TRUE,1564,31,1995,2025,1995-01-12T10:03:00Z,2025-12-10T12:23:00Z,26.4,TRUE,0.06477,0.11136,0.0177,26.43209,18.2359,0.0763,0.0418,-0.00596,0,0,0,No detectable trend
28,Matlacha Pass Aquatic Preserve,Water Temperature,Surface,Field,TRUE,9409,41,1954,2025,1954-04-02T00:00:00Z,2025-11-06T08:51:00Z,26.15,TRUE,0.11321,0.00104,0.02364,23.87527,10.7272,0.4664,0.03887,0.00924,1,0,1,Increasing trend
28,Matlacha Pass Aquatic Preserve,pH,All,Field,TRUE,11229,36,1989,2025,1989-05-22T00:00:00Z,2025-12-10T12:23:00Z,7.93,TRUE,0.01773,0.55929,0.00054,7.95972,48.9561,0,0.0022,-0.00111,0,1,0,No detectable trend
28,Matlacha Pass Aquatic Preserve,pH,Bottom,Field,TRUE,990,18,2001,2025,2001-07-02T00:00:00Z,2025-12-10T12:23:00Z,7.88,TRUE,0.19194,0.00081,0.00933,7.68627,22.317,0.022,0.01536,0.00376,1,0,1,Increasing trend
28,Matlacha Pass Aquatic Preserve,pH,Surface,Field,TRUE,9103,35,1990,2025,1990-10-24T00:00:00Z,2025-11-06T08:51:00Z,7.95,TRUE,0.02598,0.4422,0.00077,7.96141,40.7027,0,0.00239,-0.001,0,0,0,No detectable trend
29,Mosquito Lagoon Aquatic Preserve,"Chlorophyll a, Corrected for Pheophytin",All,Lab,FALSE,119,8,2013,2025,2013-04-03T14:28:00Z,2025-08-06T12:34:00Z,4.9128,,,,,,,,,,,1,2,Insufficient data
29,Mosquito Lagoon Aquatic Preserve,"Chlorophyll a, Corrected for Pheophytin",Bottom,Lab,FALSE,81,6,2020,2025,2020-05-06T11:32:00Z,2025-08-06T12:34:00Z,4.6458,,,,,,,,,,,0,2,Insufficient data
29,Mosquito Lagoon Aquatic Preserve,"Chlorophyll a, Corrected for Pheophytin",Surface,Lab,FALSE,38,8,2013,2025,2013-04-03T14:28:00Z,2025-04-30T12:20:00Z,4.9662,,,,,,,,,,,0,2,Insufficient data
29,Mosquito Lagoon Aquatic Preserve,"Chlorophyll a, Uncorrected for Pheophytin",All,Lab,FALSE,124,9,2006,2025,2006-07-13T00:00:00Z,2025-08-06T12:34:00Z,5.8616,,,,,,,,,,,1,2,Insufficient data
29,Mosquito Lagoon Aquatic Preserve,"Chlorophyll a, Uncorrected for Pheophytin",Bottom,Lab,FALSE,83,6,2020,2025,2020-05-06T11:32:00Z,2025-08-06T12:34:00Z,5.84917,,,,,,,,,,,0,2,Insufficient data
29,Mosquito Lagoon Aquatic Preserve,"Chlorophyll a, Uncorrected for Pheophytin",Surface,Lab,FALSE,41,9,2006,2025,2006-07-13T00:00:00Z,2025-04-30T12:20:00Z,5.87404,,,,,,,,,,,0,2,Insufficient data
29,Mosquito Lagoon Aquatic Preserve,Colored Dissolved Organic Matter,All,Lab,FALSE,121,6,2020,2025,2020-05-06T11:32:00Z,2025-08-06T12:34:00Z,11.73611,,,,,,,,,,,1,2,Insufficient data
29,Mosquito Lagoon Aquatic Preserve,Colored Dissolved Organic Matter,Bottom,Lab,FALSE,85,6,2020,2025,2020-05-06T11:32:00Z,2025-08-06T12:34:00Z,11.7198,,,,,,,,,,,0,2,Insufficient data
29,Mosquito Lagoon Aquatic Preserve,Colored Dissolved Organic Matter,Surface,Lab,FALSE,36,6,2020,2025,2020-06-29T11:57:00Z,2025-04-30T12:20:00Z,12.37418,,,,,,,,,,,0,2,Insufficient data
29,Mosquito Lagoon Aquatic Preserve,Dissolved Oxygen,All,Field,TRUE,4804,31,1995,2025,1995-01-05T08:25:00Z,2025-08-06T12:34:00Z,5.4,TRUE,0.00716,0.86903,0.00132,5.40124,4.8166,0.9397,0.01555,-0.01296,0,1,0,No detectable trend
29,Mosquito Lagoon Aquatic Preserve,Dissolved Oxygen,Bottom,Field,TRUE,1340,31,1995,2025,1995-01-05T08:25:00Z,2025-08-06T12:34:00Z,5.48,TRUE,0.11293,0.00412,0.02354,4.94256,11.1216,0.4331,0.04013,0.00891,1,0,1,Increasing trend
29,Mosquito Lagoon Aquatic Preserve,Dissolved Oxygen,Surface,Field,TRUE,3460,31,1995,2025,1995-01-05T08:25:00Z,2025-04-30T12:20:00Z,5.365,TRUE,-0.105,0.01482,-0.0201,5.67975,9.8375,0.5451,-0.00467,-0.03516,-1,0,-1,Decreasing trend
29,Mosquito Lagoon Aquatic Preserve,Dissolved Oxygen Saturation,All,Field,TRUE,499,18,2006,2025,2006-04-03T17:30:00Z,2025-08-06T12:34:00Z,86.6,TRUE,-0.17844,0.00294,-0.76429,97.10367,4.5532,0.9509,-0.25692,-1.10011,-1,1,-1,Decreasing trend
29,Mosquito Lagoon Aquatic Preserve,Dissolved Oxygen Saturation,Bottom,Field,TRUE,139,13,2012,2025,2012-11-07T13:00:00Z,2025-08-06T12:34:00Z,96,TRUE,-0.07753,0.38122,-0.25,99.20417,9.4243,0.5828,0.27958,-0.82965,0,0,0,No detectable trend
29,Mosquito Lagoon Aquatic Preserve,Dissolved Oxygen Saturation,Surface,Field,TRUE,360,13,2006,2025,2006-04-03T17:30:00Z,2025-04-30T12:20:00Z,80.58,TRUE,-0.20206,0.01579,-0.77157,92.32294,5.3816,0.9113,-0.15028,-1.19772,-1,0,-1,Decreasing trend
29,Mosquito Lagoon Aquatic Preserve,Salinity,All,All,TRUE,5262,31,1995,2025,1995-01-05T08:25:00Z,2025-08-06T12:34:00Z,32.5,TRUE,0.11105,0.00336,0.06411,31.78411,12.3739,0.3362,0.10726,0.02188,1,1,1,Increasing trend
29,Mosquito Lagoon Aquatic Preserve,Salinity,All,Field,TRUE,5262,31,1995,2025,1995-01-05T08:25:00Z,2025-08-06T12:34:00Z,32.5,TRUE,0.11105,0.00336,0.06411,31.78411,12.3739,0.3362,0.10726,0.02188,1,0,1,Increasing trend
29,Mosquito Lagoon Aquatic Preserve,Salinity,Bottom,All,TRUE,1430,31,1995,2025,1995-01-05T08:25:00Z,2025-08-06T12:34:00Z,32.8,TRUE,0.07946,0.0556,0.048,32.16719,10.7669,0.463,0.09686,-0.00072,0,0,0,No detectable trend
29,Mosquito Lagoon Aquatic Preserve,Salinity,Bottom,Field,TRUE,1430,31,1995,2025,1995-01-05T08:25:00Z,2025-08-06T12:34:00Z,32.8,TRUE,0.07946,0.0556,0.048,32.16719,10.7669,0.463,0.09686,-0.00072,0,0,0,No detectable trend
29,Mosquito Lagoon Aquatic Preserve,Salinity,Surface,All,TRUE,3828,31,1995,2025,1995-01-05T08:25:00Z,2025-04-30T12:20:00Z,32.3,TRUE,0.13868,0.00089,0.07615,31.52965,14.9594,0.1844,0.12165,0.03118,1,0,1,Increasing trend
29,Mosquito Lagoon Aquatic Preserve,Salinity,Surface,Field,TRUE,3828,31,1995,2025,1995-01-05T08:25:00Z,2025-04-30T12:20:00Z,32.3,TRUE,0.13868,0.00089,0.07615,31.52965,14.9594,0.1844,0.12165,0.03118,1,0,1,Increasing trend
29,Mosquito Lagoon Aquatic Preserve,Secchi Depth,All,Field,TRUE,688,19,2006,2025,2006-05-30T17:45:00Z,2025-08-06T12:34:00Z,-0.8,TRUE,-0.46162,0,-0.02852,-0.42681,3.4192,0.9839,-0.02106,-0.03671,-1,1,-1,Decreasing trend
29,Mosquito Lagoon Aquatic Preserve,Total Nitrogen,All,Lab,TRUE,384,28,1997,2025,1997-10-14T08:30:00Z,2025-03-05T12:42:00Z,0.68912,TRUE,-0.42125,0,-0.01967,0.74129,6.0695,0.8687,-0.01567,-0.02436,-1,1,-1,Decreasing trend
29,Mosquito Lagoon Aquatic Preserve,Total Nitrogen,Bottom,Lab,FALSE,49,6,2020,2025,2020-05-06T11:32:00Z,2025-03-05T12:42:00Z,0.4123,,,,,,,,,,,0,2,Insufficient data
29,Mosquito Lagoon Aquatic Preserve,Total Nitrogen,Surface,Lab,TRUE,321,27,1997,2024,1997-10-14T08:30:00Z,2024-11-05T12:09:00Z,0.72009,TRUE,-0.4004,0,-0.02699,0.78544,10.2241,0.5103,-0.02052,-0.03228,-1,0,-1,Decreasing trend
29,Mosquito Lagoon Aquatic Preserve,Total Phosphorus,All,Lab,TRUE,854,28,1997,2025,1997-06-18T10:00:00Z,2025-08-06T12:34:00Z,0.0422,TRUE,0.26456,0,0.00082,0.03606,6.5461,0.8346,0.00108,0.00058,1,1,1,Increasing trend
29,Mosquito Lagoon Aquatic Preserve,Total Phosphorus,Bottom,Lab,FALSE,128,6,2020,2025,2020-05-06T11:32:00Z,2025-08-06T12:34:00Z,0.0563,,,,,,,,,,,0,2,Insufficient data
29,Mosquito Lagoon Aquatic Preserve,Total Phosphorus,Surface,Lab,TRUE,698,28,1997,2025,1997-06-18T10:00:00Z,2025-04-30T12:20:00Z,0.04045,TRUE,0.2267,0,0.00091,0.03593,5.0007,0.9311,0.00121,0.00059,1,0,1,Increasing trend
29,Mosquito Lagoon Aquatic Preserve,Total Suspended Solids,All,Lab,TRUE,446,27,1997,2025,1997-05-28T09:40:00Z,2025-08-06T12:34:00Z,19.27495,TRUE,-0.17356,0.00007,-0.35757,29.96786,18.914,0.0627,-0.175,-0.53986,-1,1,-1,Decreasing trend
29,Mosquito Lagoon Aquatic Preserve,Total Suspended Solids,Bottom,Lab,FALSE,80,6,2020,2025,2020-05-06T11:32:00Z,2025-08-06T12:34:00Z,16.74995,,,,,,,,,,,0,2,Insufficient data
29,Mosquito Lagoon Aquatic Preserve,Total Suspended Solids,Surface,Lab,TRUE,352,27,1997,2025,1997-05-28T09:40:00Z,2025-04-30T12:20:00Z,21,TRUE,-0.1849,0.00009,-0.44375,31.81332,13.7205,0.2488,-0.20036,-0.65793,-1,0,-1,Decreasing trend
29,Mosquito Lagoon Aquatic Preserve,Turbidity,All,All,TRUE,3535,30,1995,2025,1995-01-05T08:25:00Z,2025-08-06T12:34:00Z,4.6,TRUE,0.09408,0.01383,0.03167,4.91998,11.3811,0.4119,0.06365,0.00868,1,0,1,Increasing trend
29,Mosquito Lagoon Aquatic Preserve,Turbidity,All,Field,FALSE,22,6,2009,2019,2009-09-17T00:00:00Z,2019-02-12T00:00:00Z,7.88,,,,,,,,,,,0,2,Insufficient data
29,Mosquito Lagoon Aquatic Preserve,Turbidity,All,Lab,TRUE,3513,29,1995,2025,1995-01-05T08:25:00Z,2025-08-06T12:34:00Z,4.6,TRUE,0.09104,0.01735,0.03033,4.86621,11.6082,0.3938,0.06106,0.00579,1,1,1,Increasing trend
29,Mosquito Lagoon Aquatic Preserve,Turbidity,Bottom,All,TRUE,103,11,2009,2025,2009-11-16T00:00:00Z,2025-08-06T12:34:00Z,5.30536,TRUE,-0.2091,0.038,-0.31095,10.63079,13.7538,0.2469,-0.01024,-0.65873,-1,0,-1,Decreasing trend
29,Mosquito Lagoon Aquatic Preserve,Turbidity,Bottom,Field,FALSE,18,5,2009,2019,2009-11-16T00:00:00Z,2019-02-12T00:00:00Z,8.425,,,,,,,,,,,0,2,Insufficient data
29,Mosquito Lagoon Aquatic Preserve,Turbidity,Bottom,Lab,FALSE,85,6,2020,2025,2020-05-06T11:32:00Z,2025-08-06T12:34:00Z,5.20784,,,,,,,,,,,0,2,Insufficient data
29,Mosquito Lagoon Aquatic Preserve,Turbidity,Surface,All,TRUE,3418,29,1995,2025,1995-01-05T08:25:00Z,2025-04-30T12:20:00Z,4.6,TRUE,0.08119,0.07498,0.02444,4.81188,13.6054,0.2556,0.06362,-0.00211,0,0,0,No detectable trend
29,Mosquito Lagoon Aquatic Preserve,Turbidity,Surface,Field,FALSE,4,2,2009,2013,2009-09-17T00:00:00Z,2013-02-14T00:00:00Z,6.36,,,,,,,,,,,0,2,Insufficient data
29,Mosquito Lagoon Aquatic Preserve,Turbidity,Surface,Lab,TRUE,3414,29,1995,2025,1995-01-05T08:25:00Z,2025-04-30T12:20:00Z,4.6,TRUE,0.08111,0.07498,0.02452,4.81188,13.6278,0.2543,0.06316,-0.00211,0,0,0,No detectable trend
29,Mosquito Lagoon Aquatic Preserve,Water Temperature,All,Field,TRUE,5351,31,1995,2025,1995-01-05T08:25:00Z,2025-08-06T12:34:00Z,25,TRUE,0.15935,0.00002,0.04595,24.1223,11.9262,0.3692,0.06431,0.02263,1,1,1,Increasing trend
29,Mosquito Lagoon Aquatic Preserve,Water Temperature,Bottom,Field,TRUE,1466,31,1995,2025,1995-01-05T08:25:00Z,2025-08-06T12:34:00Z,24.4,TRUE,0.22586,0,0.07103,23.60339,7.2223,0.7808,0.09241,0.04944,1,0,1,Increasing trend
29,Mosquito Lagoon Aquatic Preserve,Water Temperature,Surface,Field,TRUE,3881,31,1995,2025,1995-01-05T08:25:00Z,2025-04-30T12:20:00Z,25.2,TRUE,0.13182,0.00153,0.0334,23.70039,17.7176,0.0884,0.05513,0.01199,1,0,1,Increasing trend
29,Mosquito Lagoon Aquatic Preserve,pH,All,Field,TRUE,3719,31,1995,2025,1995-01-05T08:25:00Z,2025-08-06T12:34:00Z,7.9,TRUE,0.11355,0.00301,0.00389,7.8567,17.6253,0.0907,0.00663,0.00126,1,1,1,Increasing trend
29,Mosquito Lagoon Aquatic Preserve,pH,Bottom,Field,TRUE,416,29,1997,2025,1997-06-18T10:00:00Z,2025-08-06T12:34:00Z,7.84,TRUE,0.19762,0,0.00738,7.818,23.9101,0.0131,0.01051,0.00468,1,0,1,Increasing trend
29,Mosquito Lagoon Aquatic Preserve,pH,Surface,Field,TRUE,3299,31,1995,2025,1995-01-05T08:25:00Z,2025-04-30T12:20:00Z,7.9,TRUE,0.07996,0.05566,0.00304,7.94251,14.0908,0.228,0.00572,0,0,0,0,No detectable trend
30,Nassau River-St. Johns River Marshes Aquatic Preserve,"Chlorophyll a, Corrected for Pheophytin",All,Lab,TRUE,722,19,2001,2025,2001-06-18T12:15:00Z,2025-07-14T09:32:00Z,5.7,TRUE,0.10558,0.1155,0.07828,4.53264,15.1182,0.1771,0.17806,-0.01799,0,1,0,No detectable trend
30,Nassau River-St. Johns River Marshes Aquatic Preserve,"Chlorophyll a, Corrected for Pheophytin",Bottom,Lab,FALSE,3,3,2001,2021,2001-07-18T13:40:00Z,2021-09-30T11:00:00Z,13,,,,,,,,,,,0,2,Insufficient data
30,Nassau River-St. Johns River Marshes Aquatic Preserve,"Chlorophyll a, Corrected for Pheophytin",Surface,Lab,TRUE,711,19,2001,2025,2001-06-18T12:15:00Z,2025-07-14T09:32:00Z,5.7,TRUE,0.09084,0.17747,0.07381,4.74591,14.5443,0.2043,0.17575,-0.03352,0,0,0,No detectable trend
30,Nassau River-St. Johns River Marshes Aquatic Preserve,"Chlorophyll a, Uncorrected for Pheophytin",All,Lab,TRUE,382,14,2004,2025,2004-07-08T00:00:00Z,2025-07-14T09:32:00Z,6.8,TRUE,-0.10334,0.63727,-0.05231,9.16876,16.822,0.1133,0.19969,-0.2541,0,1,0,No detectable trend
30,Nassau River-St. Johns River Marshes Aquatic Preserve,"Chlorophyll a, Uncorrected for Pheophytin",Bottom,Lab,FALSE,2,2,2020,2021,2020-02-17T14:05:00Z,2021-09-30T11:00:00Z,16.4,,,,,,,,,,,0,2,Insufficient data
30,Nassau River-St. Johns River Marshes Aquatic Preserve,"Chlorophyll a, Uncorrected for Pheophytin",Surface,Lab,TRUE,380,14,2004,2025,2004-07-08T00:00:00Z,2025-07-14T09:32:00Z,6.8,TRUE,-0.11253,0.58224,-0.05682,9.16876,17.3734,0.0973,0.19969,-0.2541,0,0,0,No detectable trend
30,Nassau River-St. Johns River Marshes Aquatic Preserve,Colored Dissolved Organic Matter,All,Lab,FALSE,551,6,2020,2025,2020-05-20T09:49:00Z,2025-09-17T12:15:00Z,26.27063,,,,,,,,,,,1,2,Insufficient data
30,Nassau River-St. Johns River Marshes Aquatic Preserve,Colored Dissolved Organic Matter,Surface,Lab,FALSE,551,6,2020,2025,2020-05-20T09:49:00Z,2025-09-17T12:15:00Z,26.27063,,,,,,,,,,,0,2,Insufficient data
30,Nassau River-St. Johns River Marshes Aquatic Preserve,Dissolved Oxygen,All,Field,TRUE,22688,30,1995,2025,1995-08-03T00:00:00Z,2025-12-04T13:15:00Z,6.8,TRUE,-0.27269,0,-0.03694,7.32517,4.1579,0.9651,-0.02685,-0.04728,-1,1,-1,Decreasing trend
30,Nassau River-St. Johns River Marshes Aquatic Preserve,Dissolved Oxygen,Bottom,Field,TRUE,595,26,1995,2025,1995-08-03T00:00:00Z,2025-11-13T09:50:00Z,6.58,TRUE,-0.13462,0.01217,-0.02236,6.87933,3.6546,0.979,-0.00433,-0.0425,-1,0,-1,Decreasing trend
30,Nassau River-St. Johns River Marshes Aquatic Preserve,Dissolved Oxygen,Surface,Field,TRUE,12916,29,1995,2025,1995-08-03T00:00:00Z,2025-12-04T13:15:00Z,6.8,TRUE,-0.25002,0,-0.03674,7.36837,3.3718,0.9848,-0.0265,-0.0468,-1,0,-1,Decreasing trend
30,Nassau River-St. Johns River Marshes Aquatic Preserve,Dissolved Oxygen Saturation,All,Field,TRUE,1461,20,2000,2025,2000-10-18T15:00:00Z,2025-12-04T13:15:00Z,88,TRUE,-0.08578,0.11991,-0.08849,88.7588,7.98,0.7151,0.05315,-0.25354,0,1,0,No detectable trend
30,Nassau River-St. Johns River Marshes Aquatic Preserve,Dissolved Oxygen Saturation,Bottom,Field,TRUE,419,18,2002,2025,2002-03-20T13:05:00Z,2025-11-13T09:50:00Z,86.3,TRUE,-0.08314,0.20086,-0.13929,90.7882,3.7516,0.9766,0.07627,-0.37246,0,0,0,No detectable trend
30,Nassau River-St. Johns River Marshes Aquatic Preserve,Dissolved Oxygen Saturation,Surface,Field,TRUE,739,15,2004,2025,2004-03-31T13:30:00Z,2025-12-04T13:15:00Z,86.3,TRUE,-0.21117,0.00147,-0.425,96.01292,12.2114,0.348,-0.19909,-0.73372,-1,0,-1,Decreasing trend
30,Nassau River-St. Johns River Marshes Aquatic Preserve,Salinity,All,All,TRUE,22784,30,1980,2025,1980-12-10T00:00:00Z,2025-12-04T13:15:00Z,30.5,TRUE,-0.0641,0.09848,-0.05737,30.36939,4.6098,0.9486,0.0092,-0.12404,0,1,0,No detectable trend
30,Nassau River-St. Johns River Marshes Aquatic Preserve,Salinity,All,Field,TRUE,22784,30,1980,2025,1980-12-10T00:00:00Z,2025-12-04T13:15:00Z,30.5,TRUE,-0.0641,0.09848,-0.05737,30.36939,4.6098,0.9486,0.0092,-0.12404,0,0,0,No detectable trend
30,Nassau River-St. Johns River Marshes Aquatic Preserve,Salinity,Bottom,All,TRUE,595,26,1995,2025,1995-08-04T00:00:00Z,2025-11-13T09:50:00Z,31.73,TRUE,-0.02473,0.62041,-0.03423,31.8754,1.9528,0.9987,0.09092,-0.13168,0,0,0,No detectable trend
30,Nassau River-St. Johns River Marshes Aquatic Preserve,Salinity,Bottom,Field,TRUE,595,26,1995,2025,1995-08-04T00:00:00Z,2025-11-13T09:50:00Z,31.73,TRUE,-0.02473,0.62041,-0.03423,31.8754,1.9528,0.9987,0.09092,-0.13168,0,0,0,No detectable trend
30,Nassau River-St. Johns River Marshes Aquatic Preserve,Salinity,Surface,All,TRUE,12942,30,1980,2025,1980-12-10T00:00:00Z,2025-12-04T13:15:00Z,30.25,TRUE,-0.04253,0.26774,-0.03574,30.11918,3.4771,0.9828,0.02949,-0.11764,0,0,0,No detectable trend
30,Nassau River-St. Johns River Marshes Aquatic Preserve,Salinity,Surface,Field,TRUE,12942,30,1980,2025,1980-12-10T00:00:00Z,2025-12-04T13:15:00Z,30.25,TRUE,-0.04253,0.26774,-0.03574,30.11918,3.4771,0.9828,0.02949,-0.11764,0,0,0,No detectable trend
30,Nassau River-St. Johns River Marshes Aquatic Preserve,Secchi Depth,All,Field,TRUE,20403,26,2000,2025,2000-10-18T15:00:00Z,2025-11-13T09:50:00Z,-0.7,TRUE,0.09425,0.02806,0.00271,-0.78956,14.3492,0.2143,0.00485,0.00026,1,1,1,Increasing trend
30,Nassau River-St. Johns River Marshes Aquatic Preserve,Total Nitrogen,All,Lab,TRUE,1079,27,1997,2025,1997-10-06T11:45:00Z,2025-09-17T12:15:00Z,0.419,TRUE,0.03332,0.50476,0.00156,0.36456,11.0863,0.4361,0.00584,-0.00302,0,1,0,No detectable trend
30,Nassau River-St. Johns River Marshes Aquatic Preserve,Total Nitrogen,Bottom,Lab,FALSE,3,3,2001,2021,2001-07-18T13:40:00Z,2021-09-30T11:00:00Z,1.404,,,,,,,,,,,0,2,Insufficient data
30,Nassau River-St. Johns River Marshes Aquatic Preserve,Total Nitrogen,Surface,Lab,TRUE,826,24,1997,2025,1997-10-06T11:45:00Z,2025-09-17T12:15:00Z,0.44795,TRUE,-0.28542,0.00001,-0.01383,0.77401,11.7913,0.3795,-0.00833,-0.01913,-1,0,-1,Decreasing trend
30,Nassau River-St. Johns River Marshes Aquatic Preserve,Total Phosphorus,All,Lab,TRUE,1615,27,1997,2025,1997-10-06T11:45:00Z,2025-09-17T12:15:00Z,0.067,TRUE,0.01638,0.65385,0.00011,0.06274,4.1197,0.9663,0.00064,-0.00047,0,1,0,No detectable trend
30,Nassau River-St. Johns River Marshes Aquatic Preserve,Total Phosphorus,Bottom,Lab,FALSE,3,3,2001,2021,2001-07-18T13:40:00Z,2021-09-30T11:00:00Z,0.14,,,,,,,,,,,0,2,Insufficient data
30,Nassau River-St. Johns River Marshes Aquatic Preserve,Total Phosphorus,Surface,Lab,TRUE,1149,24,1997,2025,1997-10-06T11:45:00Z,2025-09-17T12:15:00Z,0.0714,TRUE,-0.1678,0.00726,-0.00102,0.0932,8.4541,0.6721,-0.00024,-0.0018,-1,0,-1,Decreasing trend
30,Nassau River-St. Johns River Marshes Aquatic Preserve,Total Suspended Solids,All,Lab,TRUE,929,26,1997,2025,1997-10-06T11:45:00Z,2025-09-17T12:15:00Z,18,TRUE,0.05882,0.21648,0.13636,17.38333,16.5787,0.121,0.3087,-0.0792,0,1,0,No detectable trend
30,Nassau River-St. Johns River Marshes Aquatic Preserve,Total Suspended Solids,Bottom,Lab,FALSE,1,1,2001,2001,2001-07-18T13:40:00Z,2001-07-18T13:40:00Z,52,,,,,,,,,,,0,2,Insufficient data
30,Nassau River-St. Johns River Marshes Aquatic Preserve,Total Suspended Solids,Surface,Lab,TRUE,698,19,1997,2025,1997-10-06T11:45:00Z,2025-09-17T12:15:00Z,18.15005,TRUE,0.12619,0.04017,0.25,15.56858,11.1104,0.4341,0.51657,0.0078,1,0,1,Increasing trend
30,Nassau River-St. Johns River Marshes Aquatic Preserve,Turbidity,All,All,TRUE,1127,27,1997,2025,1997-10-06T11:45:00Z,2025-09-17T12:15:00Z,7.2,TRUE,0.17867,0.00008,0.1382,4.18884,18.1888,0.0773,0.20106,0.06377,1,0,1,Increasing trend
30,Nassau River-St. Johns River Marshes Aquatic Preserve,Turbidity,All,Field,FALSE,29,7,2019,2025,2019-08-13T11:22:00Z,2025-08-27T09:10:00Z,8.5,,,,,,,,,,,0,2,Insufficient data
30,Nassau River-St. Johns River Marshes Aquatic Preserve,Turbidity,All,Lab,TRUE,1098,27,1997,2025,1997-10-06T11:45:00Z,2025-09-17T12:15:00Z,7.10751,TRUE,0.18191,0.00006,0.13605,4.20404,18.0221,0.0811,0.20376,0.06306,1,1,1,Increasing trend
30,Nassau River-St. Johns River Marshes Aquatic Preserve,Turbidity,Bottom,All,FALSE,1,1,2001,2001,2001-07-18T13:40:00Z,2001-07-18T13:40:00Z,20,,,,,,,,,,,0,2,Insufficient data
30,Nassau River-St. Johns River Marshes Aquatic Preserve,Turbidity,Bottom,Lab,FALSE,1,1,2001,2001,2001-07-18T13:40:00Z,2001-07-18T13:40:00Z,20,,,,,,,,,,,0,2,Insufficient data
30,Nassau River-St. Johns River Marshes Aquatic Preserve,Turbidity,Surface,All,TRUE,859,23,1997,2025,1997-10-06T11:45:00Z,2025-09-17T12:15:00Z,7.6,TRUE,0.10475,0.08499,0.0774,6.42465,11.4273,0.4082,0.17759,-0.01421,0,0,0,No detectable trend
30,Nassau River-St. Johns River Marshes Aquatic Preserve,Turbidity,Surface,Field,FALSE,29,7,2019,2025,2019-08-13T11:22:00Z,2025-08-27T09:10:00Z,8.5,,,,,,,,,,,0,2,Insufficient data
30,Nassau River-St. Johns River Marshes Aquatic Preserve,Turbidity,Surface,Lab,TRUE,830,23,1997,2025,1997-10-06T11:45:00Z,2025-09-17T12:15:00Z,7.5106,TRUE,0.10683,0.07843,0.08384,6.45565,11.682,0.388,0.1756,-0.00736,0,0,0,No detectable trend
30,Nassau River-St. Johns River Marshes Aquatic Preserve,Water Temperature,All,Field,TRUE,22846,30,1995,2025,1995-08-03T00:00:00Z,2025-12-04T13:15:00Z,23,TRUE,0.11651,0.00408,0.03225,22.17189,10.6204,0.4756,0.04916,0.01001,1,1,1,Increasing trend
30,Nassau River-St. Johns River Marshes Aquatic Preserve,Water Temperature,Bottom,Field,TRUE,599,26,1995,2025,1995-08-04T00:00:00Z,2025-11-13T09:50:00Z,21.9,TRUE,-0.01546,0.72256,-0.00844,22.93367,13.7382,0.2478,0.03778,-0.05509,0,0,0,No detectable trend
30,Nassau River-St. Johns River Marshes Aquatic Preserve,Water Temperature,Surface,Field,TRUE,12986,29,1995,2025,1995-08-03T00:00:00Z,2025-12-04T13:15:00Z,23.1,TRUE,0.1213,0.00269,0.03219,22.30964,11.2156,0.4254,0.04888,0.0105,1,0,1,Increasing trend
30,Nassau River-St. Johns River Marshes Aquatic Preserve,pH,All,Field,TRUE,22611,30,1995,2025,1995-08-03T00:00:00Z,2025-12-04T13:15:00Z,7.6,TRUE,-0.14003,0.00047,-0.00492,7.74135,7.5035,0.757,-0.00201,-0.00737,-1,1,-1,Decreasing trend
30,Nassau River-St. Johns River Marshes Aquatic Preserve,pH,Bottom,Field,TRUE,544,26,1995,2025,1995-08-04T00:00:00Z,2025-11-13T09:50:00Z,7.74,TRUE,-0.08933,0.08716,-0.00547,7.86516,9.1691,0.6063,0.00052,-0.01067,0,0,0,No detectable trend
30,Nassau River-St. Johns River Marshes Aquatic Preserve,pH,Surface,Field,TRUE,12903,29,1995,2025,1995-08-03T00:00:00Z,2025-12-04T13:15:00Z,7.6,TRUE,-0.09162,0.02093,-0.0033,7.69921,11.4523,0.4062,-0.00052,-0.00586,-1,0,-1,Decreasing trend
48,Nature Coast Aquatic Preserve,"Chlorophyll a, Corrected for Pheophytin",All,Lab,TRUE,3093,11,2015,2025,2015-04-21T13:35:00Z,2025-11-19T12:53:00Z,1,TRUE,-0.21302,0.01148,-0.02565,1.77462,4.2608,0.9617,-0.0068,-0.06794,-1,1,-1,Decreasing trend
48,Nature Coast Aquatic Preserve,"Chlorophyll a, Corrected for Pheophytin",Bottom,Lab,FALSE,60,1,2024,2024,2024-01-10T10:10:00Z,2024-07-30T11:30:00Z,1,,,,,,,,,,,0,2,Insufficient data
48,Nature Coast Aquatic Preserve,"Chlorophyll a, Corrected for Pheophytin",Surface,Lab,TRUE,3032,11,2015,2025,2015-04-21T13:35:00Z,2025-11-19T12:53:00Z,1,TRUE,-0.21173,0.0124,-0.02572,1.75698,4.2951,0.9605,-0.00367,-0.06701,-1,0,-1,Decreasing trend
48,Nature Coast Aquatic Preserve,"Chlorophyll a, Uncorrected for Pheophytin",All,Lab,TRUE,3368,15,2005,2025,2005-07-08T00:00:00Z,2025-11-19T12:53:00Z,1,TRUE,0.09458,0.26143,0.00704,1.27554,5.8312,0.8844,0.02505,-0.00587,0,1,0,No detectable trend
48,Nature Coast Aquatic Preserve,"Chlorophyll a, Uncorrected for Pheophytin",Bottom,Lab,FALSE,6,1,2024,2024,2024-03-19T12:25:00Z,2024-07-29T11:00:00Z,1.3,,,,,,,,,,,0,2,Insufficient data
48,Nature Coast Aquatic Preserve,"Chlorophyll a, Uncorrected for Pheophytin",Surface,Lab,TRUE,3362,15,2005,2025,2005-07-08T00:00:00Z,2025-11-19T12:53:00Z,1,TRUE,0.09054,0.28668,0.00704,1.27554,6.0884,0.8674,0.0256,-0.00593,0,0,0,No detectable trend
48,Nature Coast Aquatic Preserve,Colored Dissolved Organic Matter,All,Lab,TRUE,6677,17,1999,2025,1999-05-04T10:59:00Z,2025-12-18T11:37:00Z,10.421,TRUE,0.0938,0.10528,0.03321,10.57763,4.9777,0.9322,0.08046,-0.00825,0,1,0,No detectable trend
48,Nature Coast Aquatic Preserve,Colored Dissolved Organic Matter,Bottom,Lab,FALSE,881,5,2021,2025,2021-03-17T10:49:00Z,2025-12-18T11:37:00Z,13.534,,,,,,,,,,,0,2,Insufficient data
48,Nature Coast Aquatic Preserve,Colored Dissolved Organic Matter,Surface,Lab,TRUE,5795,17,1999,2025,1999-05-04T10:59:00Z,2025-12-18T10:39:00Z,10,TRUE,-0.01481,0.75923,-0.01117,11.06153,6.728,0.8207,0.03951,-0.05007,0,0,0,No detectable trend
48,Nature Coast Aquatic Preserve,Dissolved Oxygen,All,Field,TRUE,10205,36,1982,2025,1982-07-03T00:00:00Z,2025-12-18T11:37:00Z,7.2,TRUE,0.01556,0.67987,0.00174,7.30108,6.9858,0.8002,0.01089,-0.00594,0,1,0,No detectable trend
48,Nature Coast Aquatic Preserve,Dissolved Oxygen,Bottom,Field,TRUE,1717,34,1991,2025,1991-09-09T00:00:00Z,2025-12-18T11:37:00Z,7.81,TRUE,-0.02683,0.43414,-0.00736,7.6898,17.396,0.0967,0.0093,-0.025,0,0,0,No detectable trend
48,Nature Coast Aquatic Preserve,Dissolved Oxygen,Surface,Field,TRUE,8352,36,1982,2025,1982-07-03T00:00:00Z,2025-12-18T10:39:00Z,7.1,TRUE,0.00743,0.85104,0.00097,7.35502,6.9007,0.8071,0.01017,-0.00784,0,0,0,No detectable trend
48,Nature Coast Aquatic Preserve,Dissolved Oxygen Saturation,All,Field,FALSE,3260,9,2014,2025,2014-09-07T00:00:00Z,2025-12-18T11:37:00Z,100.4,,,,,,,,,,,1,2,Insufficient data
48,Nature Coast Aquatic Preserve,Dissolved Oxygen Saturation,Bottom,Field,FALSE,885,7,2014,2025,2014-09-12T00:00:00Z,2025-12-18T11:37:00Z,100,,,,,,,,,,,0,2,Insufficient data
48,Nature Coast Aquatic Preserve,Dissolved Oxygen Saturation,Surface,Field,FALSE,2364,9,2014,2025,2014-09-07T00:00:00Z,2025-12-18T10:39:00Z,100.5,,,,,,,,,,,0,2,Insufficient data
48,Nature Coast Aquatic Preserve,Salinity,All,All,TRUE,11145,41,1975,2025,1975-03-06T00:00:00Z,2025-12-18T11:37:00Z,24.6,TRUE,0.08582,0.02049,0.05275,22.14096,6.2318,0.8575,0.10196,0.00899,1,1,1,Increasing trend
48,Nature Coast Aquatic Preserve,Salinity,All,Field,TRUE,10417,41,1975,2025,1975-03-06T00:00:00Z,2025-12-18T11:37:00Z,24.41,TRUE,0.07792,0.04043,0.04634,22.14096,6.0618,0.8692,0.10147,0.00254,1,0,1,Increasing trend
48,Nature Coast Aquatic Preserve,Salinity,All,Lab,TRUE,728,20,2006,2025,2006-04-01T00:00:00Z,2025-08-12T00:00:00Z,27.71,TRUE,-0.10345,0.16181,-0.23633,27.28458,4.4464,0.2171,0.11168,-0.45357,0,0,0,No detectable trend
48,Nature Coast Aquatic Preserve,Salinity,Bottom,All,TRUE,1724,34,1991,2025,1991-09-09T00:00:00Z,2025-12-18T11:37:00Z,22.73,TRUE,-0.04499,0.28679,-0.02779,24.47865,2.0356,0.9984,0.02154,-0.08432,0,0,0,No detectable trend
48,Nature Coast Aquatic Preserve,Salinity,Bottom,Field,TRUE,1724,34,1991,2025,1991-09-09T00:00:00Z,2025-12-18T11:37:00Z,22.73,TRUE,-0.04499,0.28679,-0.02779,24.47865,2.0356,0.9984,0.02154,-0.08432,0,0,0,No detectable trend
48,Nature Coast Aquatic Preserve,Salinity,Surface,All,TRUE,9277,41,1975,2025,1975-03-06T00:00:00Z,2025-12-18T10:39:00Z,25.01,TRUE,0.16459,0.00001,0.09548,21.23169,7.2766,0.7763,0.14116,0.05062,1,0,1,Increasing trend
48,Nature Coast Aquatic Preserve,Salinity,Surface,Field,TRUE,8549,41,1975,2025,1975-03-06T00:00:00Z,2025-12-18T10:39:00Z,24.87,TRUE,0.16307,0.00002,0.09513,21.1554,8.2157,0.6939,0.13788,0.04878,1,0,1,Increasing trend
48,Nature Coast Aquatic Preserve,Salinity,Surface,Lab,TRUE,728,20,2006,2025,2006-04-01T00:00:00Z,2025-08-12T00:00:00Z,27.71,TRUE,-0.10345,0.16181,-0.23633,27.28458,4.4464,0.2171,0.11168,-0.45357,0,0,0,No detectable trend
48,Nature Coast Aquatic Preserve,Secchi Depth,All,Field,TRUE,5784,23,1991,2025,1991-09-09T00:00:00Z,2025-12-18T11:37:00Z,-1.5,TRUE,-0.30668,0,-0.02164,-1.0004,4.9621,0.933,-0.01445,-0.02905,-1,1,-1,Decreasing trend
48,Nature Coast Aquatic Preserve,Total Nitrogen,All,Lab,TRUE,6975,24,1996,2025,1996-12-23T12:04:00Z,2025-12-18T11:37:00Z,0.394,TRUE,-0.07551,0.07534,-0.00078,0.40605,13.6005,0.2559,0.00006,-0.00188,0,1,0,No detectable trend
48,Nature Coast Aquatic Preserve,Total Nitrogen,Bottom,Lab,FALSE,59,1,2024,2024,2024-01-10T10:10:00Z,2024-07-30T11:30:00Z,0.33,,,,,,,,,,,0,2,Insufficient data
48,Nature Coast Aquatic Preserve,Total Nitrogen,Surface,Lab,TRUE,6915,24,1996,2025,1996-12-23T12:04:00Z,2025-12-18T11:37:00Z,0.396,TRUE,-0.07824,0.06526,-0.00084,0.40608,13.6027,0.2558,0.00004,-0.0019,0,0,0,No detectable trend
48,Nature Coast Aquatic Preserve,Total Phosphorus,All,Lab,TRUE,6973,24,1996,2025,1996-12-23T12:04:00Z,2025-11-19T12:53:00Z,0.0081,TRUE,-0.08609,0.04922,-0.00004,0.01067,11.9143,0.3701,0,-0.00008,-1,1,-1,Decreasing trend
48,Nature Coast Aquatic Preserve,Total Phosphorus,Bottom,Lab,FALSE,61,1,2024,2024,2024-01-10T10:10:00Z,2024-07-30T11:30:00Z,0.005,,,,,,,,,,,0,2,Insufficient data
48,Nature Coast Aquatic Preserve,Total Phosphorus,Surface,Lab,TRUE,6911,24,1996,2025,1996-12-23T12:04:00Z,2025-11-19T12:53:00Z,0.009,TRUE,-0.08325,0.06158,-0.00004,0.01067,11.0586,0.4384,0,-0.00008,0,0,0,No detectable trend
48,Nature Coast Aquatic Preserve,Total Suspended Solids,All,Lab,TRUE,1302,10,2015,2024,2015-01-27T10:45:00Z,2024-10-15T13:15:00Z,3.425,TRUE,0.20815,0.11464,0.13539,3.771,5.1183,0.9253,0.33229,-0.05381,0,1,0,No detectable trend
48,Nature Coast Aquatic Preserve,Total Suspended Solids,Bottom,Lab,FALSE,57,1,2024,2024,2024-01-10T10:10:00Z,2024-07-30T11:30:00Z,4,,,,,,,,,,,0,2,Insufficient data
48,Nature Coast Aquatic Preserve,Total Suspended Solids,Surface,Lab,TRUE,1245,10,2015,2024,2015-01-27T10:45:00Z,2024-10-15T13:15:00Z,3.4,TRUE,0.14992,0.18219,0.17888,3.58327,8.4495,0.6726,0.35707,-0.06399,0,0,0,No detectable trend
48,Nature Coast Aquatic Preserve,Turbidity,All,All,TRUE,1830,28,1995,2024,1995-02-09T12:50:00Z,2024-10-15T13:15:00Z,0.88,TRUE,0.04089,0.28907,0.00377,0.81251,8.8759,0.6333,0.01282,-0.00391,0,0,0,No detectable trend
48,Nature Coast Aquatic Preserve,Turbidity,All,Field,FALSE,7,2,2003,2020,2003-07-03T00:00:00Z,2020-03-11T10:16:00Z,4.3,,,,,,,,,,,0,2,Insufficient data
48,Nature Coast Aquatic Preserve,Turbidity,All,Lab,TRUE,1823,28,1995,2024,1995-02-09T12:50:00Z,2024-10-15T13:15:00Z,0.87,TRUE,0.04785,0.22909,0.00415,0.81251,8.9523,0.6263,0.01333,-0.00313,0,1,0,No detectable trend
48,Nature Coast Aquatic Preserve,Turbidity,Bottom,All,FALSE,61,1,2024,2024,2024-01-10T10:10:00Z,2024-07-30T11:30:00Z,0.75,,,,,,,,,,,0,2,Insufficient data
48,Nature Coast Aquatic Preserve,Turbidity,Bottom,Lab,FALSE,61,1,2024,2024,2024-01-10T10:10:00Z,2024-07-30T11:30:00Z,0.75,,,,,,,,,,,0,2,Insufficient data
48,Nature Coast Aquatic Preserve,Turbidity,Surface,All,TRUE,1764,28,1995,2024,1995-02-09T12:50:00Z,2024-10-15T13:15:00Z,0.88,TRUE,0.04212,0.27295,0.00415,0.81545,9.8006,0.5484,0.01414,-0.0038,0,0,0,No detectable trend
48,Nature Coast Aquatic Preserve,Turbidity,Surface,Field,FALSE,2,2,2003,2020,2003-07-03T00:00:00Z,2020-03-11T10:16:00Z,3.9,,,,,,,,,,,0,2,Insufficient data
48,Nature Coast Aquatic Preserve,Turbidity,Surface,Lab,TRUE,1762,28,1995,2024,1995-02-09T12:50:00Z,2024-10-15T13:15:00Z,0.88,TRUE,0.04826,0.22167,0.00461,0.81545,9.6595,0.5612,0.01462,-0.00314,0,0,0,No detectable trend
48,Nature Coast Aquatic Preserve,Water Temperature,All,Field,TRUE,9097,41,1974,2025,1974-04-01T00:00:00Z,2025-12-18T11:37:00Z,24.15,TRUE,0.0695,0.0701,0.01634,23.32112,4.7283,0.9436,0.03297,-0.00127,0,1,0,No detectable trend
48,Nature Coast Aquatic Preserve,Water Temperature,Bottom,Field,TRUE,1746,34,1991,2025,1991-09-09T00:00:00Z,2025-12-18T11:37:00Z,22.3,TRUE,0.09251,0.03576,0.02407,22.35665,8.5151,0.6666,0.04863,0.00167,1,0,1,Increasing trend
48,Nature Coast Aquatic Preserve,Water Temperature,Surface,Field,TRUE,7194,41,1974,2025,1974-04-01T00:00:00Z,2025-12-18T10:39:00Z,24.5,TRUE,0.0846,0.02876,0.01866,23.08521,6.021,0.872,0.0373,0.0022,1,0,1,Increasing trend
48,Nature Coast Aquatic Preserve,pH,All,Field,TRUE,7927,35,1991,2025,1991-09-09T00:00:00Z,2025-12-18T11:37:00Z,8.16,TRUE,-0.08822,0.02083,-0.0024,8.18571,14.329,0.2153,-0.0003,-0.00452,-1,1,-1,Decreasing trend
48,Nature Coast Aquatic Preserve,pH,Bottom,Field,TRUE,1248,14,1991,2025,1991-09-09T00:00:00Z,2025-12-18T11:37:00Z,8.14,TRUE,0.06251,0.70088,0.00274,7.95085,15.9059,0.1447,0.00982,-0.00499,0,0,0,No detectable trend
48,Nature Coast Aquatic Preserve,pH,Surface,Field,TRUE,6546,35,1991,2025,1991-09-09T00:00:00Z,2025-12-18T10:39:00Z,8.16,TRUE,-0.08174,0.03495,-0.00193,8.18558,14.7544,0.194,0,-0.00401,-1,0,-1,Decreasing trend
31,North Fork St. Lucie Aquatic Preserve,"Chlorophyll a, Corrected for Pheophytin",All,Lab,TRUE,372,14,2002,2024,2002-01-10T11:50:00Z,2024-10-17T13:05:00Z,12,TRUE,-0.03967,0.64644,-0.06,13.24892,17.9792,0.0821,0.3277,-0.39665,0,1,0,No detectable trend
31,North Fork St. Lucie Aquatic Preserve,"Chlorophyll a, Corrected for Pheophytin",Bottom,Lab,FALSE,10,5,2018,2024,2018-05-01T14:20:00Z,2024-10-17T13:05:00Z,19,,,,,,,,,,,0,2,Insufficient data
31,North Fork St. Lucie Aquatic Preserve,"Chlorophyll a, Corrected for Pheophytin",Surface,Lab,TRUE,260,14,2002,2024,2002-01-10T11:50:00Z,2024-08-08T13:00:00Z,13.515,TRUE,-0.0581,0.75597,-0.06083,15.75165,16.5456,0.1221,0.38932,-0.49902,0,0,0,No detectable trend
31,North Fork St. Lucie Aquatic Preserve,"Chlorophyll a, Uncorrected for Pheophytin",All,Lab,TRUE,378,17,1999,2024,1999-01-26T11:05:00Z,2024-10-17T13:05:00Z,15.18,TRUE,-0.07,0.44352,-0.05877,19.59048,12.3917,0.3349,0.25401,-0.41687,0,1,0,No detectable trend
31,North Fork St. Lucie Aquatic Preserve,"Chlorophyll a, Uncorrected for Pheophytin",Bottom,Lab,FALSE,10,5,2018,2024,2018-05-01T14:20:00Z,2024-10-17T13:05:00Z,22,,,,,,,,,,,0,2,Insufficient data
31,North Fork St. Lucie Aquatic Preserve,"Chlorophyll a, Uncorrected for Pheophytin",Surface,Lab,TRUE,263,17,1999,2024,1999-01-26T11:05:00Z,2024-08-08T13:00:00Z,17,TRUE,-0.03329,0.91265,-0.01786,20.89865,13.0257,0.2916,0.31163,-0.45186,0,0,0,No detectable trend
31,North Fork St. Lucie Aquatic Preserve,Colored Dissolved Organic Matter,All,Lab,FALSE,205,9,2015,2025,2015-01-15T11:02:00Z,2025-10-08T12:09:00Z,50,,,,,,,,,,,1,2,Insufficient data
31,North Fork St. Lucie Aquatic Preserve,Colored Dissolved Organic Matter,Bottom,Lab,FALSE,43,5,2021,2025,2021-12-08T12:17:00Z,2025-10-08T12:09:00Z,46,,,,,,,,,,,0,2,Insufficient data
31,North Fork St. Lucie Aquatic Preserve,Colored Dissolved Organic Matter,Surface,Lab,FALSE,23,5,2015,2024,2015-01-15T11:02:00Z,2024-08-08T13:00:00Z,55,,,,,,,,,,,0,2,Insufficient data
31,North Fork St. Lucie Aquatic Preserve,Dissolved Oxygen,All,Field,TRUE,7528,34,1989,2025,1989-04-05T00:00:00Z,2025-10-08T12:14:00Z,6.17,TRUE,-0.21932,0,-0.02879,6.72097,17.1025,0.1049,-0.01984,-0.03783,-1,1,-1,Decreasing trend
31,North Fork St. Lucie Aquatic Preserve,Dissolved Oxygen,Bottom,Field,TRUE,119,12,1996,2025,1996-12-16T12:01:00Z,2025-10-08T12:09:00Z,5.67,TRUE,0.12222,0.44418,0.035,6.60686,13.2788,0.2755,0.1352,-0.05712,0,0,0,No detectable trend
31,North Fork St. Lucie Aquatic Preserve,Dissolved Oxygen,Surface,Field,TRUE,4639,34,1989,2025,1989-04-05T00:00:00Z,2025-10-08T12:14:00Z,6.4,TRUE,-0.34052,0,-0.04883,7.53606,15.2039,0.1734,-0.03905,-0.05904,-1,0,-1,Decreasing trend
31,North Fork St. Lucie Aquatic Preserve,Dissolved Oxygen Saturation,All,Field,FALSE,149,9,2009,2024,2009-07-06T00:00:00Z,2024-10-17T13:05:00Z,70.7,,,,,,,,,,,1,2,Insufficient data
31,North Fork St. Lucie Aquatic Preserve,Dissolved Oxygen Saturation,Bottom,Field,FALSE,71,8,2017,2024,2017-07-20T11:00:00Z,2024-10-17T13:05:00Z,68.1,,,,,,,,,,,0,2,Insufficient data
31,North Fork St. Lucie Aquatic Preserve,Dissolved Oxygen Saturation,Surface,Field,FALSE,75,9,2009,2024,2009-07-06T00:00:00Z,2024-09-11T09:10:00Z,73.6,,,,,,,,,,,0,2,Insufficient data
31,North Fork St. Lucie Aquatic Preserve,Salinity,All,All,TRUE,7231,32,1994,2025,1994-06-15T11:43:00Z,2025-10-08T12:14:00Z,3.9,TRUE,-0.18584,0,-0.15822,11.92252,7.5772,0.7506,-0.09274,-0.23423,-1,1,-1,Decreasing trend
31,North Fork St. Lucie Aquatic Preserve,Salinity,All,Field,TRUE,7157,32,1994,2025,1994-06-15T11:43:00Z,2025-10-08T12:14:00Z,3.92,TRUE,-0.18482,0,-0.15848,11.83371,7.5757,0.7507,-0.0931,-0.23423,-1,0,-1,Decreasing trend
31,North Fork St. Lucie Aquatic Preserve,Salinity,All,Lab,FALSE,74,1,2007,2007,2007-04-16T09:30:00Z,2007-11-19T10:00:00Z,1.485,,,,,,,,,,,0,2,Insufficient data
31,North Fork St. Lucie Aquatic Preserve,Salinity,Bottom,All,TRUE,119,12,1996,2025,1996-12-16T12:01:00Z,2025-10-08T12:09:00Z,0.97,TRUE,-0.62222,0,-0.76,25.43087,5.4451,0.9077,-0.21411,-1.23414,-2,0,-1,Decreasing trend
31,North Fork St. Lucie Aquatic Preserve,Salinity,Bottom,Field,TRUE,119,12,1996,2025,1996-12-16T12:01:00Z,2025-10-08T12:09:00Z,0.97,TRUE,-0.62222,0,-0.76,25.43087,5.4451,0.9077,-0.21411,-1.23414,-2,0,-1,Decreasing trend
31,North Fork St. Lucie Aquatic Preserve,Salinity,Surface,All,TRUE,4439,32,1994,2025,1994-06-15T11:43:00Z,2025-10-08T12:14:00Z,2.91,TRUE,-0.16256,0.00001,-0.1215,9.84192,9.6936,0.5581,-0.05644,-0.20431,-1,0,-1,Decreasing trend
31,North Fork St. Lucie Aquatic Preserve,Salinity,Surface,Field,TRUE,4403,32,1994,2025,1994-06-15T11:43:00Z,2025-10-08T12:14:00Z,2.95,TRUE,-0.16358,0.00001,-0.12208,9.56587,9.3831,0.5866,-0.05644,-0.20332,-1,0,-1,Decreasing trend
31,North Fork St. Lucie Aquatic Preserve,Salinity,Surface,Lab,FALSE,36,1,2007,2007,2007-04-16T09:30:00Z,2007-11-19T10:00:00Z,1.095,,,,,,,,,,,0,2,Insufficient data
31,North Fork St. Lucie Aquatic Preserve,Secchi Depth,All,Field,TRUE,2898,29,1996,2025,1996-07-29T00:00:00Z,2025-10-08T12:09:00Z,-0.7,TRUE,0.14112,0.00034,0.0053,-0.84264,13.1644,0.2827,0.008,0.00238,1,1,1,Increasing trend
31,North Fork St. Lucie Aquatic Preserve,Total Nitrogen,All,Lab,TRUE,627,23,1999,2025,1999-01-26T11:05:00Z,2025-10-08T12:09:00Z,0.97,TRUE,-0.05742,0.22312,-0.00336,1.02814,15.9649,0.1424,0.00351,-0.00888,0,1,0,No detectable trend
31,North Fork St. Lucie Aquatic Preserve,Total Nitrogen,Bottom,Lab,FALSE,50,7,2018,2025,2018-05-01T14:20:00Z,2025-10-08T12:09:00Z,0.864,,,,,,,,,,,0,2,Insufficient data
31,North Fork St. Lucie Aquatic Preserve,Total Nitrogen,Surface,Lab,TRUE,280,20,1999,2024,1999-02-11T14:10:00Z,2024-08-08T13:00:00Z,1.013,TRUE,-0.14893,0.10364,-0.00879,1.10968,12.473,0.3292,0.0016,-0.01997,0,0,0,No detectable trend
31,North Fork St. Lucie Aquatic Preserve,Total Phosphorus,All,Lab,TRUE,1066,27,1999,2025,1999-01-26T11:05:00Z,2025-10-08T12:09:00Z,0.176,TRUE,-0.26983,0,-0.00214,0.19513,12.3697,0.3365,-0.0015,-0.00299,-1,1,-1,Decreasing trend
31,North Fork St. Lucie Aquatic Preserve,Total Phosphorus,Bottom,Lab,FALSE,50,7,2018,2025,2018-05-01T14:20:00Z,2025-10-08T12:09:00Z,0.1505,,,,,,,,,,,0,2,Insufficient data
31,North Fork St. Lucie Aquatic Preserve,Total Phosphorus,Surface,Lab,TRUE,468,23,1999,2024,1999-02-11T14:10:00Z,2024-08-08T13:00:00Z,0.18,TRUE,-0.2433,0.00012,-0.00205,0.20443,3.9387,0.9717,-0.00113,-0.00362,-1,0,-1,Decreasing trend
31,North Fork St. Lucie Aquatic Preserve,Total Suspended Solids,All,Lab,TRUE,1076,27,1999,2025,1999-04-29T15:40:00Z,2025-10-08T12:09:00Z,6,TRUE,0.122,0.00321,0.06446,4.92567,13.4962,0.2621,0.10714,0.02221,1,1,1,Increasing trend
31,North Fork St. Lucie Aquatic Preserve,Total Suspended Solids,Bottom,Lab,FALSE,50,7,2018,2025,2018-05-01T14:20:00Z,2025-10-08T12:09:00Z,9,,,,,,,,,,,0,2,Insufficient data
31,North Fork St. Lucie Aquatic Preserve,Total Suspended Solids,Surface,Lab,TRUE,428,20,2000,2024,2000-01-13T12:26:00Z,2024-08-08T13:00:00Z,7,TRUE,-0.08047,0.33152,-0.05208,6.77129,19.9873,0.0455,0.02778,-0.18141,0,0,0,No detectable trend
31,North Fork St. Lucie Aquatic Preserve,Turbidity,All,All,TRUE,587,18,1999,2025,1999-02-11T13:30:00Z,2025-10-08T12:09:00Z,5.1,TRUE,0.01016,0.92329,-0.00108,5.26728,15.0257,0.1813,0.04257,-0.05,0,0,0,No detectable trend
31,North Fork St. Lucie Aquatic Preserve,Turbidity,All,Field,FALSE,1,1,2018,2018,2018-05-01T13:55:00Z,2018-05-01T13:55:00Z,3.7,,,,,,,,,,,0,2,Insufficient data
31,North Fork St. Lucie Aquatic Preserve,Turbidity,All,Lab,TRUE,586,18,1999,2025,1999-02-11T13:30:00Z,2025-10-08T12:09:00Z,5.1,TRUE,0.00777,0.89277,-0.00145,5.26728,15.2653,0.1707,0.04257,-0.04835,0,1,0,No detectable trend
31,North Fork St. Lucie Aquatic Preserve,Turbidity,Bottom,All,FALSE,49,7,2018,2025,2018-05-01T14:20:00Z,2025-10-08T12:09:00Z,6.7,,,,,,,,,,,0,2,Insufficient data
31,North Fork St. Lucie Aquatic Preserve,Turbidity,Bottom,Lab,FALSE,49,7,2018,2025,2018-05-01T14:20:00Z,2025-10-08T12:09:00Z,6.7,,,,,,,,,,,0,2,Insufficient data
31,North Fork St. Lucie Aquatic Preserve,Turbidity,Surface,All,TRUE,284,16,1999,2024,1999-02-11T13:30:00Z,2024-08-08T13:00:00Z,5,TRUE,-0.0777,0.50769,-0.03229,5.33686,16.6758,0.1178,0.05043,-0.09321,0,0,0,No detectable trend
31,North Fork St. Lucie Aquatic Preserve,Turbidity,Surface,Field,FALSE,1,1,2018,2018,2018-05-01T13:55:00Z,2018-05-01T13:55:00Z,3.7,,,,,,,,,,,0,2,Insufficient data
31,North Fork St. Lucie Aquatic Preserve,Turbidity,Surface,Lab,TRUE,283,16,1999,2024,1999-02-11T13:30:00Z,2024-08-08T13:00:00Z,5,TRUE,-0.07189,0.55597,-0.02821,5.33686,15.8632,0.1463,0.05043,-0.09321,0,0,0,No detectable trend
31,North Fork St. Lucie Aquatic Preserve,Water Temperature,All,Field,TRUE,7693,34,1989,2025,1989-04-05T00:00:00Z,2025-10-08T12:14:00Z,26,TRUE,0.0937,0.00969,0.01908,25.2903,9.9683,0.5332,0.03264,0.00521,1,1,1,Increasing trend
31,North Fork St. Lucie Aquatic Preserve,Water Temperature,Bottom,Field,TRUE,120,12,1996,2025,1996-12-16T12:01:00Z,2025-10-08T12:09:00Z,26.35,TRUE,0.01891,0.86234,-0.01833,26.72861,8.7844,0.6418,0.09127,-0.23308,0,0,0,No detectable trend
31,North Fork St. Lucie Aquatic Preserve,Water Temperature,Surface,Field,TRUE,4715,34,1989,2025,1989-04-05T00:00:00Z,2025-10-08T12:14:00Z,26.1,TRUE,0.07013,0.05196,0.01627,25.37423,9.6574,0.5614,0.02923,-0.00017,0,0,0,No detectable trend
31,North Fork St. Lucie Aquatic Preserve,pH,All,Field,TRUE,7598,34,1989,2025,1989-04-05T00:00:00Z,2025-10-08T12:14:00Z,7.62,TRUE,-0.11918,0.00102,-0.00355,7.78418,7.9906,0.7141,-0.00151,-0.00588,-1,1,-1,Decreasing trend
31,North Fork St. Lucie Aquatic Preserve,pH,Bottom,Field,TRUE,119,12,1996,2025,1996-12-16T12:01:00Z,2025-10-08T12:09:00Z,7.55,TRUE,0.01592,1,0,7.48291,13.9677,0.2348,0.0198,-0.02021,0,0,0,No detectable trend
31,North Fork St. Lucie Aquatic Preserve,pH,Surface,Field,TRUE,4642,34,1989,2025,1989-04-05T00:00:00Z,2025-10-08T12:14:00Z,7.7,TRUE,-0.16932,0,-0.00566,7.80878,7.8159,0.7297,-0.00342,-0.00808,-1,0,-1,Decreasing trend
33,Pellicer Creek Aquatic Preserve,"Chlorophyll a, Corrected for Pheophytin",All,Lab,TRUE,4622,24,2002,2025,2002-05-08T08:15:00Z,2025-11-19T10:30:00Z,5.2,TRUE,0.0301,0.47187,0.02213,5.56394,11.9702,0.3659,0.08452,-0.03634,0,1,0,No detectable trend
33,Pellicer Creek Aquatic Preserve,"Chlorophyll a, Corrected for Pheophytin",Bottom,Lab,FALSE,12,3,2020,2025,2020-03-05T11:20:00Z,2025-11-05T11:59:00Z,5.05,,,,,,,,,,,0,2,Insufficient data
33,Pellicer Creek Aquatic Preserve,"Chlorophyll a, Corrected for Pheophytin",Surface,Lab,TRUE,4084,24,2002,2025,2002-05-08T08:15:00Z,2025-11-19T10:30:00Z,5.3,TRUE,0.01727,0.67246,0.01334,5.77465,12.2248,0.347,0.0715,-0.0565,0,0,0,No detectable trend
33,Pellicer Creek Aquatic Preserve,"Chlorophyll a, Uncorrected for Pheophytin",All,Lab,TRUE,3702,24,2002,2025,2002-05-08T08:15:00Z,2025-11-19T10:30:00Z,6.9,TRUE,-0.03965,0.3513,-0.02794,7.34193,9.8618,0.5429,0.03321,-0.10481,0,1,0,No detectable trend
33,Pellicer Creek Aquatic Preserve,"Chlorophyll a, Uncorrected for Pheophytin",Bottom,Lab,FALSE,11,3,2020,2025,2020-03-05T11:20:00Z,2025-11-05T11:59:00Z,6.3,,,,,,,,,,,0,2,Insufficient data
33,Pellicer Creek Aquatic Preserve,"Chlorophyll a, Uncorrected for Pheophytin",Surface,Lab,TRUE,3170,24,2002,2025,2002-05-08T08:15:00Z,2025-11-19T10:30:00Z,7,TRUE,-0.03645,0.42072,-0.02885,7.05682,7.6623,0.7432,0.03787,-0.10731,0,0,0,No detectable trend
33,Pellicer Creek Aquatic Preserve,Colored Dissolved Organic Matter,All,Lab,TRUE,965,11,2007,2025,2007-01-02T10:30:00Z,2025-11-05T11:59:00Z,54.7,TRUE,-0.04974,0.48253,-0.37885,63.28367,7.3342,0.7714,0.82106,-1.08514,0,1,0,No detectable trend
33,Pellicer Creek Aquatic Preserve,Colored Dissolved Organic Matter,Bottom,Lab,FALSE,6,1,2025,2025,2025-06-10T13:22:00Z,2025-11-05T11:59:00Z,140,,,,,,,,,,,0,2,Insufficient data
33,Pellicer Creek Aquatic Preserve,Colored Dissolved Organic Matter,Surface,Lab,TRUE,919,11,2007,2025,2007-01-02T10:30:00Z,2025-05-28T14:07:00Z,54.2,TRUE,-0.25552,0.00949,-1.77692,67.15224,3.8192,0.9749,-0.44004,-5.08465,-1,0,-1,Decreasing trend
33,Pellicer Creek Aquatic Preserve,Dissolved Oxygen,All,Field,TRUE,2266,24,2002,2025,2002-05-08T08:15:00Z,2025-11-19T10:30:00Z,5.6,TRUE,-0.01779,0.67387,-0.00454,5.14738,16.4101,0.1266,0.01292,-0.02279,0,1,0,No detectable trend
33,Pellicer Creek Aquatic Preserve,Dissolved Oxygen,Bottom,Field,TRUE,90,11,2004,2025,2004-04-26T09:40:00Z,2025-11-05T12:02:00Z,5.215,TRUE,0.15556,0.12192,0.06214,3.57215,11.8888,0.3721,0.09805,-0.01458,0,0,0,No detectable trend
33,Pellicer Creek Aquatic Preserve,Dissolved Oxygen,Surface,Field,TRUE,1672,24,2002,2025,2002-05-08T08:15:00Z,2025-11-19T10:30:00Z,5.6,TRUE,-0.03582,0.42853,-0.00766,5.39758,15.8704,0.146,0.01152,-0.02846,0,0,0,No detectable trend
33,Pellicer Creek Aquatic Preserve,Dissolved Oxygen Saturation,All,Field,TRUE,201,11,2004,2023,2004-03-31T10:35:00Z,2023-11-27T09:30:00Z,55.5,TRUE,0.08238,0.61264,0.14922,60.80703,12.803,0.3064,1.05483,-0.70735,0,1,0,No detectable trend
33,Pellicer Creek Aquatic Preserve,Dissolved Oxygen Saturation,Bottom,Field,FALSE,75,9,2004,2022,2004-04-26T09:40:00Z,2022-03-15T11:55:00Z,63.5,,,,,,,,,,,0,2,Insufficient data
33,Pellicer Creek Aquatic Preserve,Dissolved Oxygen Saturation,Surface,Field,FALSE,103,9,2009,2023,2009-07-21T11:11:00Z,2023-11-27T09:30:00Z,40,,,,,,,,,,,0,2,Insufficient data
33,Pellicer Creek Aquatic Preserve,Salinity,All,All,TRUE,3079,24,2002,2025,2002-05-08T08:15:00Z,2025-11-19T10:30:00Z,16.2,TRUE,-0.03123,0.49398,-0.05765,16.39596,8.3294,0.6835,0.11948,-0.18744,0,1,0,No detectable trend
33,Pellicer Creek Aquatic Preserve,Salinity,All,Field,TRUE,3079,24,2002,2025,2002-05-08T08:15:00Z,2025-11-19T10:30:00Z,16.2,TRUE,-0.03123,0.49398,-0.05765,16.39596,8.3294,0.6835,0.11948,-0.18744,0,0,0,No detectable trend
33,Pellicer Creek Aquatic Preserve,Salinity,Bottom,All,TRUE,93,11,2004,2025,2004-04-26T09:40:00Z,2025-11-05T12:02:00Z,10.29,TRUE,0.40284,0.00964,0.65381,2.10613,7.4564,0.761,1.26581,0.293,1,0,1,Increasing trend
33,Pellicer Creek Aquatic Preserve,Salinity,Bottom,Field,TRUE,93,11,2004,2025,2004-04-26T09:40:00Z,2025-11-05T12:02:00Z,10.29,TRUE,0.40284,0.00964,0.65381,2.10613,7.4564,0.761,1.26581,0.293,1,0,1,Increasing trend
33,Pellicer Creek Aquatic Preserve,Salinity,Surface,All,TRUE,2492,24,2002,2025,2002-05-08T08:15:00Z,2025-11-19T10:30:00Z,16.8,TRUE,-0.04961,0.26781,-0.08462,16.12667,8.1834,0.6968,0.06708,-0.23892,0,0,0,No detectable trend
33,Pellicer Creek Aquatic Preserve,Salinity,Surface,Field,TRUE,2492,24,2002,2025,2002-05-08T08:15:00Z,2025-11-19T10:30:00Z,16.8,TRUE,-0.04961,0.26781,-0.08462,16.12667,8.1834,0.6968,0.06708,-0.23892,0,0,0,No detectable trend
33,Pellicer Creek Aquatic Preserve,Secchi Depth,All,Field,TRUE,359,17,2002,2022,2002-05-08T08:15:00Z,2022-03-15T11:55:00Z,-0.6,TRUE,0.12513,0.04354,0.00556,-0.6937,4.5221,0.9521,0.01317,0,1,1,1,Increasing trend
33,Pellicer Creek Aquatic Preserve,Total Nitrogen,All,Lab,TRUE,1982,22,2002,2025,2002-05-08T08:15:00Z,2025-11-18T09:30:00Z,0.638,TRUE,-0.02322,0.64211,-0.00113,0.64324,15.5671,0.158,0.00309,-0.00498,0,1,0,No detectable trend
33,Pellicer Creek Aquatic Preserve,Total Nitrogen,Bottom,Lab,FALSE,11,3,2020,2025,2020-07-16T12:20:00Z,2025-11-05T11:59:00Z,0.663,,,,,,,,,,,0,2,Insufficient data
33,Pellicer Creek Aquatic Preserve,Total Nitrogen,Surface,Lab,TRUE,1876,22,2002,2025,2002-05-08T08:15:00Z,2025-11-18T09:30:00Z,0.63935,TRUE,-0.00963,0.89617,-0.00015,0.65134,17.135,0.1039,0.00446,-0.00406,0,0,0,No detectable trend
33,Pellicer Creek Aquatic Preserve,Total Phosphorus,All,Lab,TRUE,3757,24,2002,2025,2002-05-08T08:15:00Z,2025-11-19T10:30:00Z,0.081,TRUE,-0.18509,0.00002,-0.00068,0.08735,5.998,0.8735,-0.00041,-0.00105,-1,1,-1,Decreasing trend
33,Pellicer Creek Aquatic Preserve,Total Phosphorus,Bottom,Lab,FALSE,17,3,2020,2025,2020-07-16T12:20:00Z,2025-11-05T11:59:00Z,0.066,,,,,,,,,,,0,2,Insufficient data
33,Pellicer Creek Aquatic Preserve,Total Phosphorus,Surface,Lab,TRUE,3168,24,2002,2025,2002-05-08T08:15:00Z,2025-11-19T10:30:00Z,0.081,TRUE,-0.18062,0.00005,-0.00068,0.08928,7.3499,0.7701,-0.00036,-0.00103,-1,0,-1,Decreasing trend
33,Pellicer Creek Aquatic Preserve,Total Suspended Solids,All,Lab,TRUE,1936,16,2005,2025,2005-01-19T09:40:00Z,2025-11-19T10:30:00Z,14,TRUE,0.00063,1,0,15.28497,7.598,0.7488,0.18907,-0.30704,0,1,0,No detectable trend
33,Pellicer Creek Aquatic Preserve,Total Suspended Solids,Bottom,Lab,FALSE,12,3,2020,2025,2020-03-05T11:20:00Z,2025-11-05T11:59:00Z,13.5,,,,,,,,,,,0,2,Insufficient data
33,Pellicer Creek Aquatic Preserve,Total Suspended Solids,Surface,Lab,TRUE,1397,14,2009,2025,2009-01-15T11:55:00Z,2025-11-19T10:30:00Z,13,TRUE,0.14183,0.02646,0.35714,10.67483,13.1053,0.2865,0.61664,0.05589,1,0,1,Increasing trend
33,Pellicer Creek Aquatic Preserve,Turbidity,All,All,TRUE,1877,17,2002,2021,2002-05-08T08:15:00Z,2021-12-01T11:05:00Z,7.5,TRUE,0.20284,0.00134,0.19756,6.52481,4.3777,0.9575,0.32038,0.08245,1,0,1,Increasing trend
33,Pellicer Creek Aquatic Preserve,Turbidity,All,Field,TRUE,1640,13,2002,2021,2002-05-08T08:15:00Z,2021-04-07T09:57:00Z,7.5,TRUE,0.36666,0,0.50513,4.88153,4.0546,0.9683,0.71499,0.34675,1,0,1,Increasing trend
33,Pellicer Creek Aquatic Preserve,Turbidity,All,Lab,FALSE,237,9,2004,2021,2004-03-31T10:35:00Z,2021-12-01T11:05:00Z,7,,,,,,,,,,,1,2,Insufficient data
33,Pellicer Creek Aquatic Preserve,Turbidity,Bottom,All,FALSE,8,3,2009,2021,2009-04-21T11:08:00Z,2021-02-23T11:40:00Z,3.9,,,,,,,,,,,0,2,Insufficient data
33,Pellicer Creek Aquatic Preserve,Turbidity,Bottom,Field,FALSE,2,1,2009,2009,2009-04-21T11:08:00Z,2009-04-21T11:45:00Z,5.4,,,,,,,,,,,0,2,Insufficient data
33,Pellicer Creek Aquatic Preserve,Turbidity,Bottom,Lab,FALSE,6,2,2020,2021,2020-03-05T11:20:00Z,2021-02-23T11:40:00Z,3.55,,,,,,,,,,,0,2,Insufficient data
33,Pellicer Creek Aquatic Preserve,Turbidity,Surface,All,TRUE,1830,17,2002,2021,2002-05-08T08:15:00Z,2021-12-01T11:05:00Z,7.5,TRUE,0.19107,0.00258,0.20843,6.37791,4.1097,0.9666,0.34048,0.08035,1,0,1,Increasing trend
33,Pellicer Creek Aquatic Preserve,Turbidity,Surface,Field,TRUE,1634,12,2002,2020,2002-05-08T08:15:00Z,2020-12-01T12:31:00Z,7.6,TRUE,0.40286,0,0.55808,4.88153,2.4525,0.9962,0.79334,0.4095,1,0,1,Increasing trend
33,Pellicer Creek Aquatic Preserve,Turbidity,Surface,Lab,FALSE,196,9,2004,2021,2004-08-04T10:40:00Z,2021-12-01T11:05:00Z,7.1,,,,,,,,,,,0,2,Insufficient data
33,Pellicer Creek Aquatic Preserve,Water Temperature,All,Field,TRUE,2420,24,2002,2025,2002-05-08T08:15:00Z,2025-11-19T10:30:00Z,24.005,TRUE,0.08897,0.03776,0.04155,23.9098,7.99,0.7142,0.06988,0.00166,1,1,1,Increasing trend
33,Pellicer Creek Aquatic Preserve,Water Temperature,Bottom,Field,TRUE,93,11,2004,2025,2004-04-26T09:40:00Z,2025-11-05T12:02:00Z,23.9,TRUE,0.40426,0.0265,0.10409,23.51325,9.9037,0.5391,0.22546,0.01881,1,0,1,Increasing trend
33,Pellicer Creek Aquatic Preserve,Water Temperature,Surface,Field,TRUE,1796,24,2002,2025,2002-05-08T08:15:00Z,2025-11-19T10:30:00Z,24.1,TRUE,0.06839,0.12455,0.03158,23.70244,10.5735,0.4797,0.06667,-0.01055,0,0,0,No detectable trend
33,Pellicer Creek Aquatic Preserve,pH,All,Field,TRUE,2328,24,2002,2025,2002-05-08T08:15:00Z,2025-11-19T10:30:00Z,7.29,TRUE,-0.08539,0.04897,-0.00907,7.44241,10.84,0.4568,0,-0.01671,-1,1,-1,Decreasing trend
33,Pellicer Creek Aquatic Preserve,pH,Bottom,Field,TRUE,91,11,2004,2025,2004-04-26T09:40:00Z,2025-11-05T12:02:00Z,7.2,TRUE,0.13768,0.55693,0.01067,7.14809,6.3374,0.8499,0.03502,-0.01834,0,0,0,No detectable trend
33,Pellicer Creek Aquatic Preserve,pH,Surface,Field,TRUE,1722,24,2002,2025,2002-05-08T08:15:00Z,2025-11-19T10:30:00Z,7.3,TRUE,-0.12733,0.00564,-0.01233,7.47231,9.5238,0.5737,-0.0035,-0.02027,-1,0,-1,Decreasing trend
34,Pine Island Sound Aquatic Preserve,"Chlorophyll a, Corrected for Pheophytin",All,Lab,TRUE,4182,25,2001,2025,2001-01-15T09:45:00Z,2025-12-01T07:50:00Z,3.9,TRUE,-0.0863,0.06691,-0.04441,6.36987,23.8107,0.0136,0.00171,-0.0939,0,1,0,No detectable trend
34,Pine Island Sound Aquatic Preserve,"Chlorophyll a, Corrected for Pheophytin",Bottom,Lab,FALSE,110,9,2017,2025,2017-11-06T07:11:00Z,2025-12-01T07:50:00Z,3.5,,,,,,,,,,,0,2,Insufficient data
34,Pine Island Sound Aquatic Preserve,"Chlorophyll a, Corrected for Pheophytin",Surface,Lab,TRUE,3938,25,2001,2025,2001-01-15T09:45:00Z,2025-12-01T07:15:00Z,3.98,TRUE,-0.09057,0.05109,-0.04716,6.34871,20.003,0.0453,0,-0.10188,0,0,0,No detectable trend
34,Pine Island Sound Aquatic Preserve,"Chlorophyll a, Uncorrected for Pheophytin",All,Lab,TRUE,1270,22,1998,2025,1998-08-03T00:00:00Z,2025-12-01T07:50:00Z,4.36741,TRUE,0.00168,1,0.00112,4.83715,13.2881,0.2749,0.04171,-0.03361,0,1,0,No detectable trend
34,Pine Island Sound Aquatic Preserve,"Chlorophyll a, Uncorrected for Pheophytin",Bottom,Lab,FALSE,110,9,2017,2025,2017-11-06T07:11:00Z,2025-12-01T07:50:00Z,4.3,,,,,,,,,,,0,2,Insufficient data
34,Pine Island Sound Aquatic Preserve,"Chlorophyll a, Uncorrected for Pheophytin",Surface,Lab,TRUE,1154,22,1998,2025,1998-08-03T00:00:00Z,2025-12-01T07:15:00Z,4.37,TRUE,-0.07726,0.12592,-0.03056,4.79586,13.8919,0.239,0.00866,-0.06335,0,0,0,No detectable trend
34,Pine Island Sound Aquatic Preserve,Colored Dissolved Organic Matter,All,Lab,TRUE,1706,17,2001,2025,2001-01-15T00:00:00Z,2025-12-01T07:50:00Z,7.59,TRUE,-0.08787,0.16335,-0.06093,8.66286,14.0568,0.2299,0.01844,-0.13026,0,1,0,No detectable trend
34,Pine Island Sound Aquatic Preserve,Colored Dissolved Organic Matter,Bottom,Lab,FALSE,109,9,2017,2025,2017-11-06T07:11:00Z,2025-12-01T07:50:00Z,5.3,,,,,,,,,,,0,2,Insufficient data
34,Pine Island Sound Aquatic Preserve,Colored Dissolved Organic Matter,Surface,Lab,TRUE,1527,17,2001,2025,2001-01-15T00:00:00Z,2025-12-01T07:15:00Z,7.7,TRUE,-0.07228,0.24175,-0.06046,7.63483,16.6925,0.1173,0.02684,-0.13208,0,0,0,No detectable trend
34,Pine Island Sound Aquatic Preserve,Dissolved Oxygen,All,Field,TRUE,36431,39,1985,2025,1985-10-28T00:00:00Z,2025-12-01T07:50:00Z,6.9,TRUE,-0.01931,0.55572,-0.00188,7.23769,14.0637,0.2295,0.0048,-0.00863,0,1,0,No detectable trend
34,Pine Island Sound Aquatic Preserve,Dissolved Oxygen,Bottom,Field,TRUE,2786,31,1995,2025,1995-01-11T07:55:00Z,2025-12-01T07:50:00Z,6.4,TRUE,-0.04374,0.32277,-0.00952,6.2568,9.0951,0.6131,0.00547,-0.02251,0,0,0,No detectable trend
34,Pine Island Sound Aquatic Preserve,Dissolved Oxygen,Surface,Field,TRUE,27815,39,1985,2025,1985-10-28T00:00:00Z,2025-12-01T07:15:00Z,7,TRUE,-0.04218,0.21242,-0.00487,7.25293,12.2985,0.3416,0.00248,-0.01124,0,0,0,No detectable trend
34,Pine Island Sound Aquatic Preserve,Dissolved Oxygen Saturation,All,Field,TRUE,3650,12,2014,2025,2014-06-02T08:15:00Z,2025-12-01T07:50:00Z,91.08864,TRUE,-0.04453,0.54238,-0.0873,90.09168,13.0037,0.2931,0.26172,-0.45568,0,1,0,No detectable trend
34,Pine Island Sound Aquatic Preserve,Dissolved Oxygen Saturation,Bottom,Field,FALSE,82,9,2017,2025,2017-11-06T07:39:00Z,2025-12-01T07:50:00Z,78.95,,,,,,,,,,,0,2,Insufficient data
34,Pine Island Sound Aquatic Preserve,Dissolved Oxygen Saturation,Surface,Field,TRUE,3174,12,2014,2025,2014-06-02T08:15:00Z,2025-12-01T07:15:00Z,91.725,TRUE,-0.03057,0.68979,-0.07322,90.11791,10.4945,0.4865,0.28153,-0.50214,0,0,0,No detectable trend
34,Pine Island Sound Aquatic Preserve,Salinity,All,All,TRUE,35234,64,1954,2025,1954-04-02T00:00:00Z,2025-12-01T07:50:00Z,32.8,TRUE,-0.05259,0.09089,-0.01031,33.33206,9.8215,0.5465,0.00148,-0.02066,0,1,0,No detectable trend
34,Pine Island Sound Aquatic Preserve,Salinity,All,Field,TRUE,35234,64,1954,2025,1954-04-02T00:00:00Z,2025-12-01T07:50:00Z,32.8,TRUE,-0.05259,0.09089,-0.01031,33.33206,9.8215,0.5465,0.00148,-0.02066,0,0,0,No detectable trend
34,Pine Island Sound Aquatic Preserve,Salinity,Bottom,All,TRUE,2897,31,1995,2025,1995-01-11T07:55:00Z,2025-12-01T07:50:00Z,32.8,TRUE,-0.11146,0.00395,-0.04709,33.05173,9.2207,0.6015,-0.01615,-0.07317,-1,0,-1,Decreasing trend
34,Pine Island Sound Aquatic Preserve,Salinity,Bottom,Field,TRUE,2897,31,1995,2025,1995-01-11T07:55:00Z,2025-12-01T07:50:00Z,32.8,TRUE,-0.11146,0.00395,-0.04709,33.05173,9.2207,0.6015,-0.01615,-0.07317,-1,0,-1,Decreasing trend
34,Pine Island Sound Aquatic Preserve,Salinity,Surface,All,TRUE,26817,64,1954,2025,1954-04-02T00:00:00Z,2025-12-01T07:15:00Z,32.7,TRUE,-0.04344,0.16418,-0.00862,33.2311,9.4878,0.577,0.00298,-0.01881,0,0,0,No detectable trend
34,Pine Island Sound Aquatic Preserve,Salinity,Surface,Field,TRUE,26817,64,1954,2025,1954-04-02T00:00:00Z,2025-12-01T07:15:00Z,32.7,TRUE,-0.04344,0.16418,-0.00862,33.2311,9.4878,0.577,0.00298,-0.01881,0,0,0,No detectable trend
34,Pine Island Sound Aquatic Preserve,Secchi Depth,All,Field,TRUE,22580,32,1994,2025,1994-10-10T00:00:00Z,2025-12-01T07:50:00Z,-1.2,TRUE,-0.07569,0.03718,-0.00293,-1.28255,37.2294,0.0001,-0.00011,-0.00568,-1,1,-1,Decreasing trend
34,Pine Island Sound Aquatic Preserve,Total Nitrogen,All,Lab,TRUE,6361,31,1995,2025,1995-11-02T11:20:00Z,2025-12-01T07:50:00Z,0.62,TRUE,0.37031,0,0.0153,0.36594,7.4446,0.762,0.01774,0.01281,1,1,1,Increasing trend
34,Pine Island Sound Aquatic Preserve,Total Nitrogen,Bottom,Lab,FALSE,108,9,2017,2025,2017-11-06T07:11:00Z,2025-12-01T07:50:00Z,0.5335,,,,,,,,,,,0,2,Insufficient data
34,Pine Island Sound Aquatic Preserve,Total Nitrogen,Surface,Lab,TRUE,6094,31,1995,2025,1995-11-02T11:20:00Z,2025-12-01T07:15:00Z,0.6245,TRUE,0.36841,0,0.01562,0.36337,8.261,0.6898,0.0182,0.01296,1,0,1,Increasing trend
34,Pine Island Sound Aquatic Preserve,Total Phosphorus,All,Lab,TRUE,6193,34,1987,2025,1987-11-05T13:32:00Z,2025-12-01T07:50:00Z,0.036,TRUE,-0.18687,0,-0.00056,0.04934,12.7656,0.3089,-0.00033,-0.0008,-1,1,-1,Decreasing trend
34,Pine Island Sound Aquatic Preserve,Total Phosphorus,Bottom,Lab,FALSE,108,9,2017,2025,2017-11-06T07:11:00Z,2025-12-01T07:50:00Z,0.051,,,,,,,,,,,0,2,Insufficient data
34,Pine Island Sound Aquatic Preserve,Total Phosphorus,Surface,Lab,TRUE,5961,34,1987,2025,1987-11-05T13:32:00Z,2025-12-01T07:15:00Z,0.035,TRUE,-0.20821,0,-0.00062,0.0494,11.6244,0.3925,-0.00039,-0.00084,-1,0,-1,Decreasing trend
34,Pine Island Sound Aquatic Preserve,Total Suspended Solids,All,Lab,TRUE,2986,30,1987,2025,1987-11-05T13:32:00Z,2025-11-06T10:46:00Z,11.9,TRUE,-0.04892,0.25669,-0.08266,16.44164,6.7808,0.8166,0.04652,-0.21012,0,1,0,No detectable trend
34,Pine Island Sound Aquatic Preserve,Total Suspended Solids,Surface,Lab,TRUE,2824,30,1987,2025,1987-11-05T13:32:00Z,2025-11-06T10:46:00Z,11.9,TRUE,-0.04592,0.28887,-0.07922,15.92724,6.9057,0.8067,0.05647,-0.20467,0,0,0,No detectable trend
34,Pine Island Sound Aquatic Preserve,Turbidity,All,All,TRUE,10826,31,1995,2025,1995-01-11T07:55:00Z,2025-12-01T07:50:00Z,2.01,TRUE,0.2452,0,0.05813,1.87107,8.2405,0.6916,0.0757,0.0419,1,0,1,Increasing trend
34,Pine Island Sound Aquatic Preserve,Turbidity,All,Field,TRUE,3982,30,1996,2025,1996-07-10T11:00:00Z,2025-12-01T07:10:00Z,2.17,TRUE,0.45063,0,0.1377,0.58357,6.9602,0.8023,0.16339,0.11467,1,0,1,Increasing trend
34,Pine Island Sound Aquatic Preserve,Turbidity,All,Lab,TRUE,6844,31,1995,2025,1995-01-11T07:55:00Z,2025-12-01T07:50:00Z,2,TRUE,-0.02574,0.49255,-0.00611,2.56916,5.9809,0.8746,0.00891,-0.021,0,1,0,No detectable trend
34,Pine Island Sound Aquatic Preserve,Turbidity,Bottom,All,FALSE,111,9,2017,2025,2017-11-06T07:11:00Z,2025-12-01T07:50:00Z,1.8,,,,,,,,,,,0,2,Insufficient data
34,Pine Island Sound Aquatic Preserve,Turbidity,Bottom,Field,FALSE,2,2,2021,2025,2021-08-02T07:25:00Z,2025-12-01T07:10:00Z,1.3,,,,,,,,,,,0,2,Insufficient data
34,Pine Island Sound Aquatic Preserve,Turbidity,Bottom,Lab,FALSE,109,9,2017,2025,2017-11-06T07:11:00Z,2025-12-01T07:50:00Z,1.8,,,,,,,,,,,0,2,Insufficient data
34,Pine Island Sound Aquatic Preserve,Turbidity,Surface,All,TRUE,10511,31,1995,2025,1995-01-11T07:55:00Z,2025-12-01T07:15:00Z,2.01,TRUE,0.2588,0,0.05684,1.89689,8.3033,0.6859,0.07507,0.04231,1,0,1,Increasing trend
34,Pine Island Sound Aquatic Preserve,Turbidity,Surface,Field,TRUE,3846,30,1996,2025,1996-07-10T11:00:00Z,2025-05-19T14:28:00Z,2.15957,TRUE,0.48704,0,0.13776,0.58167,8.3061,0.6857,0.16326,0.11911,1,0,1,Increasing trend
34,Pine Island Sound Aquatic Preserve,Turbidity,Surface,Lab,TRUE,6665,31,1995,2025,1995-01-11T07:55:00Z,2025-12-01T07:15:00Z,2,TRUE,-0.03955,0.29785,-0.00798,2.58481,5.4807,0.9057,0.00697,-0.02284,0,0,0,No detectable trend
34,Pine Island Sound Aquatic Preserve,Water Temperature,All,Field,TRUE,38470,62,1954,2025,1954-04-02T00:00:00Z,2025-12-01T07:50:00Z,26.4,TRUE,0.15553,0,0.01608,24.23233,10.5078,0.4854,0.02226,0.00975,1,1,1,Increasing trend
34,Pine Island Sound Aquatic Preserve,Water Temperature,Bottom,Field,TRUE,2945,31,1995,2025,1995-01-11T07:55:00Z,2025-12-01T07:50:00Z,26,TRUE,0.0069,0.89471,0.00108,25.32275,5.9274,0.8782,0.0248,-0.02348,0,0,0,No detectable trend
34,Pine Island Sound Aquatic Preserve,Water Temperature,Surface,Field,TRUE,29422,62,1954,2025,1954-04-02T00:00:00Z,2025-12-01T07:15:00Z,26.4,TRUE,0.1489,0,0.01541,24.28214,8.6566,0.6536,0.02206,0.00941,1,0,1,Increasing trend
34,Pine Island Sound Aquatic Preserve,pH,All,Field,TRUE,34027,39,1955,2025,1955-03-28T00:00:00Z,2025-12-01T07:50:00Z,8.1,TRUE,-0.00388,0.90113,-0.00004,8.11066,8.8454,0.6362,0.00091,-0.00097,0,1,0,No detectable trend
34,Pine Island Sound Aquatic Preserve,pH,Bottom,Field,TRUE,573,21,2000,2025,2000-01-06T16:10:00Z,2025-12-01T07:50:00Z,8.1,TRUE,-0.16193,0.0082,-0.00722,8.1539,4.5524,0.9509,-0.00183,-0.01252,-1,0,-1,Decreasing trend
34,Pine Island Sound Aquatic Preserve,pH,Surface,Field,TRUE,27739,39,1955,2025,1955-03-28T00:00:00Z,2025-12-01T07:15:00Z,8.1,TRUE,0.00077,0.99646,-0.00001,8.0976,9.9667,0.5334,0.00104,-0.00091,0,0,0,No detectable trend
35,Pinellas County Aquatic Preserve,"Chlorophyll a, Corrected for Pheophytin",All,Lab,TRUE,3684,23,2000,2025,2000-11-02T10:40:00Z,2025-11-05T11:56:59Z,5.8,TRUE,-0.00803,0.77899,-0.03594,11.84857,15.5044,0.1605,0.15496,-0.25965,0,1,0,No detectable trend
35,Pinellas County Aquatic Preserve,"Chlorophyll a, Corrected for Pheophytin",Bottom,Lab,FALSE,558,8,2017,2024,2017-07-11T11:24:00Z,2024-12-19T09:35:00Z,6.05,,,,,,,,,,,0,2,Insufficient data
35,Pinellas County Aquatic Preserve,"Chlorophyll a, Corrected for Pheophytin",Surface,Lab,TRUE,3126,23,2000,2025,2000-11-02T10:40:00Z,2025-11-05T11:56:59Z,5.8,TRUE,-0.02244,0.6304,-0.05602,12.78399,16.9222,0.1102,0.14652,-0.26468,0,0,0,No detectable trend
35,Pinellas County Aquatic Preserve,"Chlorophyll a, Uncorrected for Pheophytin",All,Lab,TRUE,7148,27,1999,2025,1999-01-05T11:45:00Z,2025-11-18T12:55:00Z,6.4,TRUE,0.24102,0,0.16093,4.80601,15.185,0.1742,0.22193,0.10973,1,1,1,Increasing trend
35,Pinellas County Aquatic Preserve,"Chlorophyll a, Uncorrected for Pheophytin",Bottom,Lab,FALSE,598,8,2018,2025,2018-05-09T10:56:00Z,2025-11-05T11:45:00Z,6.85,,,,,,,,,,,0,2,Insufficient data
35,Pinellas County Aquatic Preserve,"Chlorophyll a, Uncorrected for Pheophytin",Surface,Lab,TRUE,3864,27,1999,2025,1999-01-05T11:45:00Z,2025-11-05T11:56:59Z,7.1,TRUE,0.21652,0,0.24816,5.3797,16.6116,0.1199,0.33485,0.16748,1,0,1,Increasing trend
35,Pinellas County Aquatic Preserve,Colored Dissolved Organic Matter,All,Lab,TRUE,1388,22,2001,2025,2001-06-10T00:00:00Z,2025-12-16T11:25:00Z,10,TRUE,0.0065,0.29036,0.09524,24.8044,21.1334,0.032,0.28362,-0.13035,0,1,0,No detectable trend
35,Pinellas County Aquatic Preserve,Colored Dissolved Organic Matter,Bottom,Lab,FALSE,218,9,2017,2025,2017-06-27T12:47:00Z,2025-12-16T11:15:00Z,11.45,,,,,,,,,,,0,2,Insufficient data
35,Pinellas County Aquatic Preserve,Colored Dissolved Organic Matter,Surface,Lab,TRUE,670,22,2001,2025,2001-06-10T00:00:00Z,2025-12-16T11:25:00Z,24,TRUE,0.14817,0.00198,0.37129,20.79946,25.2453,0.0084,0.76783,0.17999,1,0,1,Increasing trend
35,Pinellas County Aquatic Preserve,Dissolved Oxygen,All,Field,TRUE,97306,40,1974,2025,1974-02-25T00:00:00Z,2025-12-16T11:25:00Z,6.6,TRUE,0.02966,0.46336,0.00163,6.85817,16.111,0.1371,0.00601,-0.00279,0,1,0,No detectable trend
35,Pinellas County Aquatic Preserve,Dissolved Oxygen,Bottom,Field,TRUE,18728,33,1993,2025,1993-09-01T08:06:00Z,2025-12-16T11:15:00Z,5.95,TRUE,0.04819,0.22519,0.00404,6.21831,16.1719,0.1349,0.01231,-0.003,0,0,0,No detectable trend
35,Pinellas County Aquatic Preserve,Dissolved Oxygen,Surface,Field,TRUE,58403,40,1974,2025,1974-02-25T00:00:00Z,2025-12-16T11:25:00Z,6.8,TRUE,0.03869,0.30678,0.00279,6.88618,19.3763,0.0547,0.00781,-0.00238,0,0,0,No detectable trend
35,Pinellas County Aquatic Preserve,Dissolved Oxygen Saturation,All,Field,TRUE,31862,34,1992,2025,1992-08-11T00:00:00Z,2025-12-16T11:25:00Z,91,TRUE,0.05016,0.31902,0.05317,90.4014,13.2476,0.2775,0.14406,-0.04821,0,1,0,No detectable trend
35,Pinellas County Aquatic Preserve,Dissolved Oxygen Saturation,Bottom,Field,TRUE,12688,34,1992,2025,1992-08-11T00:00:00Z,2025-12-16T11:15:00Z,86.1,TRUE,0.00339,0.89956,-0.00551,91.31039,23.6822,0.0141,0.1079,-0.13787,0,0,0,No detectable trend
35,Pinellas County Aquatic Preserve,Dissolved Oxygen Saturation,Surface,Field,TRUE,13480,34,1992,2025,1992-08-11T00:00:00Z,2025-12-16T11:25:00Z,93.996,TRUE,0.10572,0.03057,0.1478,90.22655,18.1333,0.0785,0.25594,0.01401,1,0,1,Increasing trend
35,Pinellas County Aquatic Preserve,Salinity,All,All,TRUE,96816,65,1954,2025,1954-02-19T00:00:00Z,2025-12-16T11:25:00Z,28.95,TRUE,-0.36081,0,-0.09644,32.75008,10.4794,0.4878,-0.08429,-0.10837,-1,1,-1,Decreasing trend
35,Pinellas County Aquatic Preserve,Salinity,All,Field,TRUE,96776,65,1954,2025,1954-02-19T00:00:00Z,2025-12-16T11:25:00Z,28.95,TRUE,-0.36179,0,-0.09666,32.7603,10.3901,0.4957,-0.08451,-0.10877,-1,0,-1,Decreasing trend
35,Pinellas County Aquatic Preserve,Salinity,All,Lab,FALSE,40,5,2021,2025,2021-07-20T00:00:00Z,2025-07-13T00:00:00Z,33.8,,,,,,,,,,,0,2,Insufficient data
35,Pinellas County Aquatic Preserve,Salinity,Bottom,All,TRUE,15040,34,1992,2025,1992-08-11T00:00:00Z,2025-12-16T11:15:00Z,28.22,TRUE,-0.27899,0,-0.15107,30.19314,6.9843,0.8004,-0.11285,-0.19381,-1,0,-1,Decreasing trend
35,Pinellas County Aquatic Preserve,Salinity,Bottom,Field,TRUE,15040,34,1992,2025,1992-08-11T00:00:00Z,2025-12-16T11:15:00Z,28.22,TRUE,-0.27899,0,-0.15107,30.19314,6.9843,0.8004,-0.11285,-0.19381,-1,0,-1,Decreasing trend
35,Pinellas County Aquatic Preserve,Salinity,Surface,All,TRUE,61084,65,1954,2025,1954-02-19T00:00:00Z,2025-12-16T11:25:00Z,29.2,TRUE,-0.34489,0,-0.0898,32.33011,12.5778,0.3218,-0.07738,-0.1026,-1,0,-1,Decreasing trend
35,Pinellas County Aquatic Preserve,Salinity,Surface,Field,TRUE,61044,65,1954,2025,1954-02-19T00:00:00Z,2025-12-16T11:25:00Z,29.19,TRUE,-0.34685,0,-0.09002,32.3199,12.487,0.3282,-0.07761,-0.10303,-1,0,-1,Decreasing trend
35,Pinellas County Aquatic Preserve,Salinity,Surface,Lab,FALSE,40,5,2021,2025,2021-07-20T00:00:00Z,2025-07-13T00:00:00Z,33.8,,,,,,,,,,,0,2,Insufficient data
35,Pinellas County Aquatic Preserve,Secchi Depth,All,Field,TRUE,32582,32,1994,2025,1994-12-06T00:00:00Z,2025-12-16T11:25:00Z,-1.2,TRUE,-0.34886,0,-0.01302,-1.10239,9.0289,0.6192,-0.01038,-0.0159,-1,1,-1,Decreasing trend
35,Pinellas County Aquatic Preserve,Total Nitrogen,All,Lab,TRUE,16755,27,1999,2025,1999-01-05T11:45:00Z,2025-12-16T11:25:00Z,0.589,TRUE,-0.29071,0,-0.01102,0.82623,8.4304,0.6743,-0.00836,-0.01428,-1,1,-1,Decreasing trend
35,Pinellas County Aquatic Preserve,Total Nitrogen,Bottom,Lab,TRUE,604,11,1999,2025,1999-02-10T09:56:00Z,2025-11-05T11:45:00Z,0.84,TRUE,-0.28699,0.00392,-0.0442,1.78011,3.0991,0.9893,-0.01081,-0.07119,-1,0,-1,Decreasing trend
35,Pinellas County Aquatic Preserve,Total Nitrogen,Surface,Lab,TRUE,12441,27,1999,2025,1999-01-05T11:45:00Z,2025-12-16T11:25:00Z,0.63,TRUE,-0.30617,0,-0.01651,0.9467,6.9512,0.803,-0.01189,-0.02092,-1,0,-1,Decreasing trend
35,Pinellas County Aquatic Preserve,Total Phosphorus,All,Lab,TRUE,16551,27,1999,2025,1999-01-05T11:45:00Z,2025-11-18T12:55:00Z,0.087,TRUE,-0.27304,0,-0.00134,0.11039,4.2557,0.9618,-0.001,-0.00176,-1,1,-1,Decreasing trend
35,Pinellas County Aquatic Preserve,Total Phosphorus,Bottom,Lab,TRUE,700,11,1999,2025,1999-02-10T09:56:00Z,2025-11-05T11:45:00Z,0.0795,TRUE,0.17567,0.05179,0.0025,0.07004,6.6291,0.8283,0.00667,0.0001,0,0,0,No detectable trend
35,Pinellas County Aquatic Preserve,Total Phosphorus,Surface,Lab,TRUE,12137,27,1999,2025,1999-01-05T11:45:00Z,2025-11-05T11:56:59Z,0.08,TRUE,-0.4015,0,-0.00211,0.12271,6.4031,0.8452,-0.00176,-0.00249,-1,0,-1,Decreasing trend
35,Pinellas County Aquatic Preserve,Total Suspended Solids,All,Lab,TRUE,12668,25,2000,2025,2000-11-02T10:40:00Z,2025-03-04T09:37:00Z,10,TRUE,-0.40465,0,-0.38724,16.21286,3.0468,0.9901,-0.308,-0.46432,-1,1,-1,Decreasing trend
35,Pinellas County Aquatic Preserve,Total Suspended Solids,Bottom,Lab,FALSE,555,8,2017,2024,2017-06-27T12:47:00Z,2024-12-19T09:35:00Z,8.2,,,,,,,,,,,0,2,Insufficient data
35,Pinellas County Aquatic Preserve,Total Suspended Solids,Surface,Lab,TRUE,11640,25,2000,2025,2000-11-02T10:40:00Z,2025-03-04T09:37:00Z,10,TRUE,-0.41566,0,-0.41032,16.43857,2.5914,0.9951,-0.31989,-0.48134,-1,0,-1,Decreasing trend
35,Pinellas County Aquatic Preserve,Turbidity,All,All,TRUE,22796,31,1995,2025,1995-01-18T09:01:00Z,2025-11-18T12:55:00Z,2.5,TRUE,-0.06207,0.0992,-0.01788,3.47778,8.2473,0.691,0.00307,-0.0366,0,0,0,No detectable trend
35,Pinellas County Aquatic Preserve,Turbidity,All,Field,TRUE,995,19,1999,2025,1999-08-16T12:15:00Z,2025-01-29T11:42:00Z,1.93,TRUE,-0.03413,0.89598,0.00234,2.1799,22.1601,0.0232,0.05261,-0.05632,0,0,0,No detectable trend
35,Pinellas County Aquatic Preserve,Turbidity,All,Lab,TRUE,21801,31,1995,2025,1995-01-18T09:01:00Z,2025-11-18T12:55:00Z,2.5,TRUE,-0.05191,0.1751,-0.01424,3.46372,9.8686,0.5422,0.00592,-0.03506,0,1,0,No detectable trend
35,Pinellas County Aquatic Preserve,Turbidity,Bottom,All,TRUE,708,11,1999,2025,1999-02-10T09:56:00Z,2025-11-05T11:45:00Z,3.1,TRUE,0.04683,0.55281,0.0175,2.34875,10.4851,0.4874,0.11487,-0.0884,0,0,0,No detectable trend
35,Pinellas County Aquatic Preserve,Turbidity,Bottom,Field,FALSE,104,5,2020,2024,2020-02-20T10:20:00Z,2024-12-19T09:35:00Z,2.88,,,,,,,,,,,0,2,Insufficient data
35,Pinellas County Aquatic Preserve,Turbidity,Bottom,Lab,TRUE,604,11,1999,2025,1999-02-10T09:56:00Z,2025-11-05T11:45:00Z,3.15,TRUE,0.0324,0.51175,0.02,2.26149,12.655,0.3165,0.12792,-0.08416,0,0,0,No detectable trend
35,Pinellas County Aquatic Preserve,Turbidity,Surface,All,TRUE,18284,31,1995,2025,1995-01-18T09:01:00Z,2025-03-04T09:37:00Z,2.4,TRUE,-0.06813,0.07324,-0.02125,3.62457,8.7232,0.6474,0.00132,-0.04177,0,0,0,No detectable trend
35,Pinellas County Aquatic Preserve,Turbidity,Surface,Field,TRUE,865,19,1999,2025,1999-08-16T12:15:00Z,2025-01-29T11:42:00Z,1.84,TRUE,-0.13388,0.22888,-0.02757,2.63123,22.8076,0.0188,0.01324,-0.08733,0,0,0,No detectable trend
35,Pinellas County Aquatic Preserve,Turbidity,Surface,Lab,TRUE,17419,31,1995,2025,1995-01-18T09:01:00Z,2025-03-04T09:37:00Z,2.4,TRUE,-0.0373,0.33872,-0.01297,3.63413,10.3825,0.4963,0.01086,-0.03547,0,0,0,No detectable trend
35,Pinellas County Aquatic Preserve,Water Temperature,All,Field,TRUE,103247,68,1954,2025,1954-02-19T00:00:00Z,2025-12-16T11:25:00Z,26.55,TRUE,0.08979,0.00162,0.00805,24.38917,4.8411,0.9386,0.01341,0.00289,1,1,1,Increasing trend
35,Pinellas County Aquatic Preserve,Water Temperature,Bottom,Field,TRUE,18002,34,1992,2025,1992-08-11T00:00:00Z,2025-12-16T11:15:00Z,27.93,TRUE,0.16711,0,0.03603,24.17549,17.9181,0.0835,0.05229,0.01835,1,0,1,Increasing trend
35,Pinellas County Aquatic Preserve,Water Temperature,Surface,Field,TRUE,63870,68,1954,2025,1954-02-19T00:00:00Z,2025-12-16T11:25:00Z,26.19,TRUE,0.09162,0.00125,0.00822,24.4537,4.9051,0.9357,0.01372,0.00335,1,0,1,Increasing trend
35,Pinellas County Aquatic Preserve,pH,All,Field,TRUE,92528,41,1955,2025,1955-06-29T00:00:00Z,2025-12-16T11:25:00Z,8.1,TRUE,-0.2069,0,-0.00216,8.17504,7.7937,0.7317,-0.00144,-0.00285,-1,1,-1,Decreasing trend
35,Pinellas County Aquatic Preserve,pH,Bottom,Field,TRUE,14906,33,1993,2025,1993-09-01T08:06:00Z,2025-12-16T11:15:00Z,8.08,TRUE,-0.07721,0.04,-0.00161,8.10286,5.5405,0.9022,-0.00006,-0.0033,-1,0,-1,Decreasing trend
35,Pinellas County Aquatic Preserve,pH,Surface,Field,TRUE,57606,41,1955,2025,1955-06-29T00:00:00Z,2025-12-16T11:25:00Z,8.1,TRUE,-0.18767,0,-0.00205,8.17737,8.192,0.696,-0.00129,-0.00283,-1,0,-1,Decreasing trend
37,Rocky Bayou State Park Aquatic Preserve,"Chlorophyll a, Corrected for Pheophytin",All,Lab,TRUE,115,14,2012,2025,2012-10-25T00:00:00Z,2025-07-08T12:19:59Z,3,TRUE,-0.17758,0.033,-0.01429,3.21845,6.309,0.852,0,-0.125,-1,1,-1,Decreasing trend
37,Rocky Bayou State Park Aquatic Preserve,"Chlorophyll a, Corrected for Pheophytin",Surface,Lab,TRUE,115,14,2012,2025,2012-10-25T00:00:00Z,2025-07-08T12:19:59Z,3,TRUE,-0.17758,0.033,-0.01429,3.21845,6.309,0.852,0,-0.125,-1,0,-1,Decreasing trend
37,Rocky Bayou State Park Aquatic Preserve,"Chlorophyll a, Uncorrected for Pheophytin",All,Lab,TRUE,267,25,2001,2025,2001-03-04T00:00:00Z,2025-07-08T12:19:59Z,4,TRUE,-0.00571,1,0,3.79167,9.9788,0.5323,0,0,0,1,0,No detectable trend
37,Rocky Bayou State Park Aquatic Preserve,"Chlorophyll a, Uncorrected for Pheophytin",Surface,Lab,TRUE,267,25,2001,2025,2001-03-04T00:00:00Z,2025-07-08T12:19:59Z,4,TRUE,-0.00571,1,0,3.79167,9.9788,0.5323,0,0,0,0,0,No detectable trend
37,Rocky Bayou State Park Aquatic Preserve,Colored Dissolved Organic Matter,All,Lab,TRUE,129,25,2001,2025,2001-01-22T00:00:00Z,2025-01-16T13:15:00Z,13,TRUE,0.08997,0.33189,0.14286,9.62163,9.4188,0.5833,0.46705,-0.2,0,1,0,No detectable trend
37,Rocky Bayou State Park Aquatic Preserve,Colored Dissolved Organic Matter,Surface,Lab,TRUE,129,25,2001,2025,2001-01-22T00:00:00Z,2025-01-16T13:15:00Z,13,TRUE,0.08997,0.33189,0.14286,9.62163,9.4188,0.5833,0.46705,-0.2,0,0,0,No detectable trend
37,Rocky Bayou State Park Aquatic Preserve,Dissolved Oxygen,All,Field,TRUE,746,27,1994,2025,1994-06-08T00:00:00Z,2025-12-03T10:25:00Z,6.65,TRUE,0.16132,0.00021,0.042,5.47208,14.1285,0.226,0.065,0.02,1,1,1,Increasing trend
37,Rocky Bayou State Park Aquatic Preserve,Dissolved Oxygen,Bottom,Field,TRUE,272,20,1994,2025,1994-06-08T00:00:00Z,2025-12-03T10:25:00Z,4.25,TRUE,0.11774,0.02928,0.04708,3.67724,9.086,0.614,0.09201,0.00447,1,0,1,Increasing trend
37,Rocky Bayou State Park Aquatic Preserve,Dissolved Oxygen,Surface,Field,TRUE,364,27,1994,2025,1994-06-08T00:00:00Z,2025-12-03T10:25:00Z,7.57,TRUE,0.12114,0.00473,0.02222,7.41406,16.6205,0.1196,0.03764,0.00667,1,0,1,Increasing trend
37,Rocky Bayou State Park Aquatic Preserve,Dissolved Oxygen Saturation,All,Field,TRUE,653,26,2000,2025,2000-12-29T00:00:00Z,2025-12-03T10:25:00Z,89.2,TRUE,0.10999,0.02159,0.375,71.25729,7.1898,0.7835,0.68846,0.04573,1,1,1,Increasing trend
37,Rocky Bayou State Park Aquatic Preserve,Dissolved Oxygen Saturation,Bottom,Field,TRUE,269,19,2001,2025,2001-02-19T09:30:00Z,2025-12-03T10:25:00Z,54.1,TRUE,0.096,0.08848,0.58182,51.97642,5.707,0.8922,1.28682,-0.05187,0,0,0,No detectable trend
37,Rocky Bayou State Park Aquatic Preserve,Dissolved Oxygen Saturation,Surface,Field,TRUE,321,26,2000,2025,2000-12-29T00:00:00Z,2025-12-03T10:25:00Z,97.6,TRUE,0.21723,0.00001,0.45882,95.12308,7.6393,0.7452,0.68059,0.23333,1,0,1,Increasing trend
37,Rocky Bayou State Park Aquatic Preserve,Salinity,All,All,TRUE,758,28,1994,2025,1994-06-08T00:00:00Z,2025-12-03T10:25:00Z,21.59,TRUE,-0.01919,0.62726,-0.0275,22.90342,8.8538,0.6354,0.0623,-0.14138,0,1,0,No detectable trend
37,Rocky Bayou State Park Aquatic Preserve,Salinity,All,Field,TRUE,758,28,1994,2025,1994-06-08T00:00:00Z,2025-12-03T10:25:00Z,21.59,TRUE,-0.01919,0.62726,-0.0275,22.90342,8.8538,0.6354,0.0623,-0.14138,0,0,0,No detectable trend
37,Rocky Bayou State Park Aquatic Preserve,Salinity,Bottom,All,TRUE,271,20,1994,2025,1994-06-08T00:00:00Z,2025-12-03T10:25:00Z,27.28,TRUE,-0.07749,0.10206,-0.07661,29.70913,14.0527,0.2301,0.02453,-0.19205,0,0,0,No detectable trend
37,Rocky Bayou State Park Aquatic Preserve,Salinity,Bottom,Field,TRUE,271,20,1994,2025,1994-06-08T00:00:00Z,2025-12-03T10:25:00Z,27.28,TRUE,-0.07749,0.10206,-0.07661,29.70913,14.0527,0.2301,0.02453,-0.19205,0,0,0,No detectable trend
37,Rocky Bayou State Park Aquatic Preserve,Salinity,Surface,All,TRUE,371,28,1994,2025,1994-06-08T00:00:00Z,2025-12-03T10:25:00Z,13.9,TRUE,0.036,0.52044,0.04625,15.57104,10.3874,0.4959,0.16107,-0.0939,0,0,0,No detectable trend
37,Rocky Bayou State Park Aquatic Preserve,Salinity,Surface,Field,TRUE,371,28,1994,2025,1994-06-08T00:00:00Z,2025-12-03T10:25:00Z,13.9,TRUE,0.036,0.52044,0.04625,15.57104,10.3874,0.4959,0.16107,-0.0939,0,0,0,No detectable trend
37,Rocky Bayou State Park Aquatic Preserve,Secchi Depth,All,Field,TRUE,422,24,1995,2025,1995-10-25T00:00:00Z,2025-12-03T10:25:00Z,-2.4384,TRUE,0.11864,0.02573,0.01793,-2.7188,12.6158,0.3192,0.03516,0,1,1,1,Increasing trend
37,Rocky Bayou State Park Aquatic Preserve,Total Nitrogen,All,Lab,TRUE,641,24,2001,2024,2001-01-22T00:00:00Z,2024-12-16T12:54:59Z,0.2,TRUE,0.17718,0.00004,0.0023,0.14513,6.1361,0.8641,0.00333,0.00125,1,1,1,Increasing trend
37,Rocky Bayou State Park Aquatic Preserve,Total Nitrogen,Surface,Lab,TRUE,641,24,2001,2024,2001-01-22T00:00:00Z,2024-12-16T12:54:59Z,0.2,TRUE,0.17718,0.00004,0.0023,0.14513,6.1361,0.8641,0.00333,0.00125,1,0,1,Increasing trend
37,Rocky Bayou State Park Aquatic Preserve,Total Phosphorus,All,Lab,TRUE,464,25,2001,2025,2001-01-22T00:00:00Z,2025-01-16T13:15:00Z,0.007,TRUE,0.28558,0,0.00022,0.00336,5.7068,0.8922,0.00029,0.00016,1,1,1,Increasing trend
37,Rocky Bayou State Park Aquatic Preserve,Total Phosphorus,Surface,Lab,TRUE,464,25,2001,2025,2001-01-22T00:00:00Z,2025-01-16T13:15:00Z,0.007,TRUE,0.28558,0,0.00022,0.00336,5.7068,0.8922,0.00029,0.00016,1,0,1,Increasing trend
37,Rocky Bayou State Park Aquatic Preserve,Total Suspended Solids,All,Lab,FALSE,17,4,2013,2017,2013-03-18T11:30:00Z,2017-12-11T12:00:00Z,3,,,,,,,,,,,1,2,Insufficient data
37,Rocky Bayou State Park Aquatic Preserve,Total Suspended Solids,Surface,Lab,FALSE,17,4,2013,2017,2013-03-18T11:30:00Z,2017-12-11T12:00:00Z,3,,,,,,,,,,,0,2,Insufficient data
37,Rocky Bayou State Park Aquatic Preserve,Turbidity,All,All,TRUE,619,24,2001,2024,2001-08-20T11:20:00Z,2024-04-16T11:40:00Z,0.9,TRUE,-0.14449,0.00275,-0.05,2.21464,10.1011,0.5213,-0.01084,-0.0875,-1,0,-1,Decreasing trend
37,Rocky Bayou State Park Aquatic Preserve,Turbidity,All,Field,TRUE,397,23,2001,2024,2001-08-20T11:20:00Z,2024-04-16T11:40:00Z,0.9,TRUE,-0.15661,0.00198,-0.05,1.95624,9.6013,0.5666,-0.01089,-0.0875,-1,0,-1,Decreasing trend
37,Rocky Bayou State Park Aquatic Preserve,Turbidity,All,Lab,TRUE,222,11,2008,2018,2008-08-30T00:00:00Z,2018-10-04T00:00:00Z,1,TRUE,-0.2377,0.00338,-0.21339,3.44167,15.4432,0.1631,-0.05,-0.44594,-2,1,-1,Decreasing trend
37,Rocky Bayou State Park Aquatic Preserve,Turbidity,Bottom,All,TRUE,244,18,2001,2018,2001-08-20T11:20:00Z,2018-10-04T00:00:00Z,2.25,TRUE,-0.12972,0.02498,-0.075,3.15781,7.0178,0.7976,0,-0.16315,-1,0,-1,Decreasing trend
37,Rocky Bayou State Park Aquatic Preserve,Turbidity,Bottom,Field,TRUE,142,15,2001,2015,2001-08-20T11:20:00Z,2015-11-15T11:38:00Z,2.7,TRUE,-0.07693,0.24876,-0.05,3.00455,9.3393,0.5906,0.03333,-0.17277,0,0,0,No detectable trend
37,Rocky Bayou State Park Aquatic Preserve,Turbidity,Bottom,Lab,TRUE,102,11,2008,2018,2008-08-30T00:00:00Z,2018-10-04T00:00:00Z,1.45,TRUE,-0.2533,0.00232,-0.32768,3.76964,12.7435,0.3104,-0.03618,-0.67726,-2,0,-1,Decreasing trend
37,Rocky Bayou State Park Aquatic Preserve,Turbidity,Surface,All,TRUE,321,24,2001,2024,2001-08-20T11:20:00Z,2024-03-14T14:25:00Z,0.6,TRUE,-0.1127,0.02199,0,0.86167,8.5099,0.667,0,-0.02366,-1,0,-1,Decreasing trend
37,Rocky Bayou State Park Aquatic Preserve,Turbidity,Surface,Field,TRUE,201,23,2001,2024,2001-08-20T11:20:00Z,2024-03-14T14:25:00Z,0.5,TRUE,-0.12745,0.01281,0,0.855,8.874,0.6335,0,-0.02105,-1,0,-1,Decreasing trend
37,Rocky Bayou State Park Aquatic Preserve,Turbidity,Surface,Lab,TRUE,120,11,2008,2018,2008-08-30T00:00:00Z,2018-10-04T00:00:00Z,0.7,TRUE,-0.08011,0.37166,0,1.375,9.4632,0.5792,0,-0.09601,0,0,0,No detectable trend
37,Rocky Bayou State Park Aquatic Preserve,Water Temperature,All,Field,TRUE,512,20,1994,2025,1994-06-08T00:00:00Z,2025-12-03T10:25:00Z,25.0278,TRUE,0.16244,0.00285,0.07135,22.90553,16.3869,0.1274,0.11827,0.02179,1,1,1,Increasing trend
37,Rocky Bayou State Park Aquatic Preserve,Water Temperature,Bottom,Field,TRUE,118,13,1994,2025,1994-06-08T00:00:00Z,2025-12-03T10:25:00Z,24.38885,TRUE,0.10826,0.09229,0.06667,22.21978,12.1468,0.3527,0.16645,-0.01198,0,0,0,No detectable trend
37,Rocky Bayou State Park Aquatic Preserve,Water Temperature,Surface,Field,TRUE,246,20,1994,2025,1994-06-08T00:00:00Z,2025-12-03T10:25:00Z,25.1667,TRUE,0.0907,0.08547,0.04889,22.47014,9.8556,0.5434,0.11238,-0.00673,0,0,0,No detectable trend
37,Rocky Bayou State Park Aquatic Preserve,pH,All,Field,TRUE,770,28,1994,2025,1994-10-31T00:00:00Z,2025-12-03T10:25:00Z,7.9,TRUE,0.03835,0.38134,0.0025,7.84565,8.8222,0.6383,0.00828,-0.00274,0,1,0,No detectable trend
37,Rocky Bayou State Park Aquatic Preserve,pH,Bottom,Field,TRUE,270,19,2001,2025,2001-02-19T09:30:00Z,2025-12-03T10:25:00Z,7.84,TRUE,0.04958,0.40166,0.00333,7.83925,8.8512,0.6356,0.01,-0.00508,0,0,0,No detectable trend
37,Rocky Bayou State Park Aquatic Preserve,pH,Surface,Field,TRUE,378,28,1994,2025,1994-10-31T00:00:00Z,2025-12-03T10:25:00Z,7.98,TRUE,0.0111,0.80959,0.00087,8.04401,17.9248,0.0833,0.00712,-0.005,0,0,0,No detectable trend
38,Rookery Bay Aquatic Preserve,"Chlorophyll a, Corrected for Pheophytin",All,Lab,TRUE,1713,16,2002,2025,2002-07-17T12:29:00Z,2025-10-28T12:08:00Z,4.3,TRUE,0.09735,0.1062,0.04914,3.12217,17.3321,0.0984,0.10241,-0.00903,0,1,0,No detectable trend
38,Rookery Bay Aquatic Preserve,"Chlorophyll a, Corrected for Pheophytin",Bottom,Lab,FALSE,9,2,2002,2025,2002-07-17T12:29:00Z,2025-02-12T06:00:00Z,4.4,,,,,,,,,,,0,2,Insufficient data
38,Rookery Bay Aquatic Preserve,"Chlorophyll a, Corrected for Pheophytin",Surface,Lab,TRUE,1704,15,2006,2025,2006-01-19T10:54:00Z,2025-10-28T12:08:00Z,4.25,TRUE,0.10797,0.07681,0.04861,2.92045,17.6235,0.0907,0.1104,-0.00606,0,0,0,No detectable trend
38,Rookery Bay Aquatic Preserve,"Chlorophyll a, Uncorrected for Pheophytin",All,Lab,TRUE,3290,27,1999,2025,1999-01-26T00:00:00Z,2025-10-28T12:08:00Z,5,TRUE,0.17531,0.00006,0.05756,4.37536,15.8563,0.1466,0.08818,0.03213,1,1,1,Increasing trend
38,Rookery Bay Aquatic Preserve,"Chlorophyll a, Uncorrected for Pheophytin",Bottom,Lab,FALSE,9,2,2005,2025,2005-06-07T00:00:00Z,2025-02-12T06:00:00Z,4.9,,,,,,,,,,,0,2,Insufficient data
38,Rookery Bay Aquatic Preserve,"Chlorophyll a, Uncorrected for Pheophytin",Surface,Lab,TRUE,3282,27,1999,2025,1999-01-26T00:00:00Z,2025-10-28T12:08:00Z,5,TRUE,0.17437,0.00007,0.05756,4.37536,15.9712,0.1422,0.08805,0.03171,1,0,1,Increasing trend
38,Rookery Bay Aquatic Preserve,Colored Dissolved Organic Matter,All,Lab,TRUE,183,11,2001,2021,2001-04-25T00:00:00Z,2021-08-16T12:00:00Z,7,TRUE,0.50505,0.05145,0.325,4.7,3.7997,0.9559,1.20441,-0.00171,0,1,0,No detectable trend
38,Rookery Bay Aquatic Preserve,Colored Dissolved Organic Matter,Surface,Lab,TRUE,183,11,2001,2021,2001-04-25T00:00:00Z,2021-08-16T12:00:00Z,7,TRUE,0.50505,0.05145,0.325,4.7,3.7997,0.9559,1.20441,-0.00171,0,0,0,No detectable trend
38,Rookery Bay Aquatic Preserve,Dissolved Oxygen,All,Field,TRUE,3909,34,1989,2025,1989-04-11T07:50:00Z,2025-09-16T10:42:00Z,5.9,TRUE,-0.09659,0.01615,-0.01511,6.17588,1.7202,0.9993,-0.003,-0.02868,-1,1,-1,Decreasing trend
38,Rookery Bay Aquatic Preserve,Dissolved Oxygen,Bottom,Field,TRUE,1890,30,1989,2025,1989-04-11T07:55:00Z,2025-05-20T12:46:00Z,5.76,TRUE,0.09378,0.04204,0.01539,5.81623,8.3287,0.6836,0.02915,0.00048,1,0,1,Increasing trend
38,Rookery Bay Aquatic Preserve,Dissolved Oxygen,Surface,Field,TRUE,2006,34,1989,2025,1989-04-11T07:50:00Z,2025-09-16T10:42:00Z,6,TRUE,-0.10372,0.01131,-0.01646,6.25899,3.2799,0.9865,-0.00389,-0.03046,-1,0,-1,Decreasing trend
38,Rookery Bay Aquatic Preserve,Dissolved Oxygen Saturation,All,Field,TRUE,197,19,1998,2025,1998-06-04T00:00:00Z,2025-10-28T12:08:00Z,86.1,TRUE,-0.07319,0.4526,-0.30873,95.01341,12.0677,0.3586,0.38326,-0.94367,0,1,0,No detectable trend
38,Rookery Bay Aquatic Preserve,Dissolved Oxygen Saturation,Bottom,Field,FALSE,36,7,2015,2024,2015-03-17T10:40:00Z,2024-04-15T10:29:00Z,81.45,,,,,,,,,,,0,2,Insufficient data
38,Rookery Bay Aquatic Preserve,Dissolved Oxygen Saturation,Surface,Field,TRUE,149,19,1998,2025,1998-06-04T00:00:00Z,2025-10-28T12:08:00Z,87.3,TRUE,-0.07962,0.26132,-0.47917,96.52708,12.5842,0.3214,0.29639,-1.20065,0,0,0,No detectable trend
38,Rookery Bay Aquatic Preserve,Salinity,All,All,TRUE,4638,46,1954,2025,1954-02-10T00:00:00Z,2025-09-16T10:42:00Z,34.24,TRUE,0.03423,0.35135,0.00671,34.09494,4.8239,0.9394,0.02321,-0.00675,0,1,0,No detectable trend
38,Rookery Bay Aquatic Preserve,Salinity,All,Field,TRUE,4638,46,1954,2025,1954-02-10T00:00:00Z,2025-09-16T10:42:00Z,34.24,TRUE,0.03423,0.35135,0.00671,34.09494,4.8239,0.9394,0.02321,-0.00675,0,0,0,No detectable trend
38,Rookery Bay Aquatic Preserve,Salinity,Bottom,All,TRUE,1902,31,1989,2025,1989-04-11T07:55:00Z,2025-05-20T12:46:00Z,34.4,TRUE,0.07959,0.11683,0.0367,34.56726,7.2751,0.7764,0.08035,-0.00664,0,0,0,No detectable trend
38,Rookery Bay Aquatic Preserve,Salinity,Bottom,Field,TRUE,1902,31,1989,2025,1989-04-11T07:55:00Z,2025-05-20T12:46:00Z,34.4,TRUE,0.07959,0.11683,0.0367,34.56726,7.2751,0.7764,0.08035,-0.00664,0,0,0,No detectable trend
38,Rookery Bay Aquatic Preserve,Salinity,Surface,All,TRUE,2688,46,1954,2025,1954-02-10T00:00:00Z,2025-09-16T10:42:00Z,34.085,TRUE,0.02622,0.45899,0.00613,33.9618,3.7872,0.9757,0.02234,-0.00631,0,0,0,No detectable trend
38,Rookery Bay Aquatic Preserve,Salinity,Surface,Field,TRUE,2688,46,1954,2025,1954-02-10T00:00:00Z,2025-09-16T10:42:00Z,34.085,TRUE,0.02622,0.45899,0.00613,33.9618,3.7872,0.9757,0.02234,-0.00631,0,0,0,No detectable trend
38,Rookery Bay Aquatic Preserve,Secchi Depth,All,Field,TRUE,434,22,1998,2025,1998-07-01T00:00:00Z,2025-09-16T10:42:00Z,-1.2,TRUE,0.10906,0.11207,0.01134,-1.16309,12.732,0.3112,0.02169,-0.00275,0,1,0,No detectable trend
38,Rookery Bay Aquatic Preserve,Total Nitrogen,All,Lab,TRUE,2640,30,1989,2025,1989-04-11T08:40:00Z,2025-10-28T12:08:00Z,0.26,TRUE,0.1689,0.00024,0.00472,0.20291,6.859,0.8104,0.0073,0.00235,1,1,1,Increasing trend
38,Rookery Bay Aquatic Preserve,Total Nitrogen,Bottom,Lab,FALSE,37,6,2002,2025,2002-07-17T12:29:00Z,2025-05-20T12:46:00Z,0.402,,,,,,,,,,,0,2,Insufficient data
38,Rookery Bay Aquatic Preserve,Total Nitrogen,Surface,Lab,TRUE,2603,30,1989,2025,1989-04-11T08:40:00Z,2025-10-28T12:08:00Z,0.25689,TRUE,0.1641,0.00041,0.00458,0.19875,6.3537,0.8488,0.00726,0.00218,1,0,1,Increasing trend
38,Rookery Bay Aquatic Preserve,Total Phosphorus,All,Lab,TRUE,2270,33,1989,2025,1989-04-11T08:40:00Z,2025-10-28T12:08:00Z,0.034,TRUE,-0.03641,0.29661,-0.00013,0.04007,15.7784,0.1496,0.00013,-0.00037,0,1,0,No detectable trend
38,Rookery Bay Aquatic Preserve,Total Phosphorus,Bottom,Lab,FALSE,38,8,1992,2025,1992-04-15T11:55:00Z,2025-05-20T12:46:00Z,0.043,,,,,,,,,,,0,2,Insufficient data
38,Rookery Bay Aquatic Preserve,Total Phosphorus,Surface,Lab,TRUE,2232,33,1989,2025,1989-04-11T08:40:00Z,2025-10-28T12:08:00Z,0.034,TRUE,-0.04076,0.25967,-0.00012,0.04037,12.9873,0.2942,0.00012,-0.00037,0,0,0,No detectable trend
38,Rookery Bay Aquatic Preserve,Total Suspended Solids,All,Lab,TRUE,260,24,1989,2025,1989-04-11T08:40:00Z,2025-05-06T06:34:00Z,8,TRUE,0.13598,0.02393,0.12,2.6125,12.0807,0.3576,0.22222,0,1,1,1,Increasing trend
38,Rookery Bay Aquatic Preserve,Total Suspended Solids,Bottom,Lab,FALSE,5,3,1992,2002,1992-04-15T11:55:00Z,2002-07-17T12:29:00Z,15,,,,,,,,,,,0,2,Insufficient data
38,Rookery Bay Aquatic Preserve,Total Suspended Solids,Surface,Lab,TRUE,255,22,1989,2025,1989-04-11T08:40:00Z,2025-05-06T06:34:00Z,8,TRUE,0.16334,0.0062,0.14286,0.52288,14.4734,0.2079,0.25,0,1,0,1,Increasing trend
38,Rookery Bay Aquatic Preserve,Turbidity,All,All,TRUE,2418,32,1989,2025,1989-04-11T08:40:00Z,2025-10-28T12:08:00Z,5.6,TRUE,0.19673,0.00001,0.1042,4.17921,15.6678,0.1539,0.14085,0.0647,1,0,1,Increasing trend
38,Rookery Bay Aquatic Preserve,Turbidity,All,Field,TRUE,539,10,2000,2023,2000-07-10T00:00:00Z,2023-01-07T21:53:00Z,8.7,TRUE,0.06566,0.54601,0.10636,7.23116,11.0019,0.4431,0.67829,-0.17273,0,0,0,No detectable trend
38,Rookery Bay Aquatic Preserve,Turbidity,All,Lab,TRUE,1879,32,1989,2025,1989-04-11T08:40:00Z,2025-10-28T12:08:00Z,5,TRUE,0.23872,0,0.10936,3.58473,13.1224,0.2854,0.15,0.07363,1,1,1,Increasing trend
38,Rookery Bay Aquatic Preserve,Turbidity,Bottom,All,FALSE,40,8,1992,2025,1992-04-15T11:55:00Z,2025-05-20T12:46:00Z,6.35,,,,,,,,,,,0,2,Insufficient data
38,Rookery Bay Aquatic Preserve,Turbidity,Bottom,Lab,FALSE,40,8,1992,2025,1992-04-15T11:55:00Z,2025-05-20T12:46:00Z,6.35,,,,,,,,,,,0,2,Insufficient data
38,Rookery Bay Aquatic Preserve,Turbidity,Surface,All,TRUE,2377,32,1989,2025,1989-04-11T08:40:00Z,2025-10-28T12:08:00Z,5.6,TRUE,0.19093,0.00002,0.10372,4.07881,15.7541,0.1505,0.14614,0.06197,1,0,1,Increasing trend
38,Rookery Bay Aquatic Preserve,Turbidity,Surface,Field,TRUE,538,10,2000,2023,2000-07-10T00:00:00Z,2023-01-07T21:53:00Z,8.655,TRUE,0.06566,0.54601,0.10636,7.18159,11.0019,0.4431,0.67829,-0.17273,0,0,0,No detectable trend
38,Rookery Bay Aquatic Preserve,Turbidity,Surface,Lab,TRUE,1839,32,1989,2025,1989-04-11T08:40:00Z,2025-10-28T12:08:00Z,4.99,TRUE,0.23179,0,0.10872,3.54323,12.7311,0.3113,0.15285,0.07129,1,0,1,Increasing trend
38,Rookery Bay Aquatic Preserve,Water Temperature,All,Field,TRUE,4571,45,1954,2025,1954-02-10T00:00:00Z,2025-10-28T12:08:00Z,26.22,TRUE,0.0837,0.01372,0.01114,25.15326,9.9312,0.5366,0.02164,0.00205,1,1,1,Increasing trend
38,Rookery Bay Aquatic Preserve,Water Temperature,Bottom,Field,TRUE,1917,31,1989,2025,1989-04-11T07:55:00Z,2025-05-20T12:46:00Z,26.14,TRUE,0.10327,0.03735,0.03333,25.7013,7.2076,0.782,0.05768,0.00213,1,0,1,Increasing trend
38,Rookery Bay Aquatic Preserve,Water Temperature,Surface,Field,TRUE,2596,45,1954,2025,1954-02-10T00:00:00Z,2025-10-28T12:08:00Z,26.4,TRUE,0.07458,0.02972,0.01114,25.07276,12.1543,0.3522,0.02153,0.00091,1,0,1,Increasing trend
38,Rookery Bay Aquatic Preserve,pH,All,Field,TRUE,1887,38,1955,2025,1955-03-17T00:00:00Z,2025-10-28T12:08:00Z,7.9,TRUE,-0.13597,0.00042,-0.00354,8.06668,9.1746,0.6058,-0.00167,-0.00601,-1,1,-1,Decreasing trend
38,Rookery Bay Aquatic Preserve,pH,Bottom,Field,TRUE,96,13,1989,2025,1989-04-11T07:55:00Z,2025-05-20T12:46:00Z,7.86,TRUE,-0.16873,0.41021,-0.00254,8.02152,8.6091,0.6579,0.00625,-0.0219,0,0,0,No detectable trend
38,Rookery Bay Aquatic Preserve,pH,Surface,Field,TRUE,1778,38,1955,2025,1955-03-17T00:00:00Z,2025-10-28T12:08:00Z,7.9,TRUE,-0.12738,0.00116,-0.00348,8.07909,8.2874,0.6873,-0.00141,-0.00603,-1,0,-1,Decreasing trend
39,Rookery Bay National Estuarine Research Reserve,"Chlorophyll a, Corrected for Pheophytin",All,Lab,TRUE,2391,16,2002,2025,2002-07-17T12:29:00Z,2025-10-28T12:08:00Z,4.1,TRUE,0.04598,0.45351,0.02004,3.35585,10.1742,0.5148,0.07142,-0.04171,0,1,0,No detectable trend
39,Rookery Bay National Estuarine Research Reserve,"Chlorophyll a, Corrected for Pheophytin",Bottom,Lab,FALSE,13,2,2002,2025,2002-07-17T12:29:00Z,2025-02-12T06:00:00Z,2.3,,,,,,,,,,,0,2,Insufficient data
39,Rookery Bay National Estuarine Research Reserve,"Chlorophyll a, Corrected for Pheophytin",Surface,Lab,TRUE,2378,16,2002,2025,2002-07-17T15:15:00Z,2025-10-28T12:08:00Z,4.1,TRUE,0.0344,0.58153,0.01507,3.35585,11.6173,0.3931,0.06074,-0.049,0,0,0,No detectable trend
39,Rookery Bay National Estuarine Research Reserve,"Chlorophyll a, Uncorrected for Pheophytin",All,Lab,TRUE,5487,32,1994,2025,1994-09-28T00:00:00Z,2025-10-28T12:08:00Z,4.4,TRUE,0.31615,0,0.08998,3.63368,6.0451,0.8703,0.11811,0.06841,1,1,1,Increasing trend
39,Rookery Bay National Estuarine Research Reserve,"Chlorophyll a, Uncorrected for Pheophytin",Bottom,Lab,FALSE,8,1,2025,2025,2025-02-11T12:30:00Z,2025-02-12T06:00:00Z,4.05,,,,,,,,,,,0,2,Insufficient data
39,Rookery Bay National Estuarine Research Reserve,"Chlorophyll a, Uncorrected for Pheophytin",Surface,Lab,TRUE,5479,32,1994,2025,1994-09-28T00:00:00Z,2025-10-28T12:08:00Z,4.4,TRUE,0.31615,0,0.08998,3.63368,6.0451,0.8703,0.11826,0.06841,1,0,1,Increasing trend
39,Rookery Bay National Estuarine Research Reserve,Colored Dissolved Organic Matter,All,Lab,TRUE,193,12,2001,2017,2001-04-25T00:00:00Z,2017-01-27T00:00:00Z,8,TRUE,0.3619,0.15328,0.27778,5.61538,7.8132,0.6471,0.5933,-0.06258,0,1,0,No detectable trend
39,Rookery Bay National Estuarine Research Reserve,Colored Dissolved Organic Matter,Surface,Lab,TRUE,193,12,2001,2017,2001-04-25T00:00:00Z,2017-01-27T00:00:00Z,8,TRUE,0.3619,0.15328,0.27778,5.61538,7.8132,0.6471,0.5933,-0.06258,0,0,0,No detectable trend
39,Rookery Bay National Estuarine Research Reserve,Dissolved Oxygen,All,Field,TRUE,14164,36,1989,2025,1989-04-11T07:50:00Z,2025-09-16T10:42:00Z,5.8,TRUE,-0.11754,0.00139,-0.01509,6.15378,12.7661,0.3089,-0.00642,-0.02483,-1,1,-1,Decreasing trend
39,Rookery Bay National Estuarine Research Reserve,Dissolved Oxygen,Bottom,Field,TRUE,7025,36,1989,2025,1989-04-11T07:55:00Z,2025-05-21T11:35:00Z,5.6,TRUE,-0.06839,0.06893,-0.00881,5.98386,9.7476,0.5532,0.00056,-0.01972,0,0,0,No detectable trend
39,Rookery Bay National Estuarine Research Reserve,Dissolved Oxygen,Surface,Field,TRUE,7097,35,1989,2025,1989-04-11T07:50:00Z,2025-09-16T10:42:00Z,6.09,TRUE,-0.05709,0.12602,-0.00875,6.10705,8.1902,0.6962,0.00242,-0.02014,0,0,0,No detectable trend
39,Rookery Bay National Estuarine Research Reserve,Dissolved Oxygen Saturation,All,Field,TRUE,348,20,1998,2025,1998-06-04T00:00:00Z,2025-10-28T12:08:00Z,80,TRUE,-0.24039,0.02014,-0.81667,98.90328,16.1546,0.1355,-0.18655,-1.84976,-1,1,-1,Decreasing trend
39,Rookery Bay National Estuarine Research Reserve,Dissolved Oxygen Saturation,Bottom,Field,FALSE,78,7,2015,2024,2015-03-17T10:40:00Z,2024-11-07T08:55:00Z,64.05,,,,,,,,,,,0,2,Insufficient data
39,Rookery Bay National Estuarine Research Reserve,Dissolved Oxygen Saturation,Surface,Field,TRUE,254,20,1998,2025,1998-06-04T00:00:00Z,2025-10-28T12:08:00Z,83.3,TRUE,-0.05629,0.60877,-0.24167,88.87956,6.8451,0.8115,0.47988,-0.84126,0,0,0,No detectable trend
39,Rookery Bay National Estuarine Research Reserve,Salinity,All,All,TRUE,15669,54,1954,2025,1954-02-10T00:00:00Z,2025-09-16T10:42:00Z,32.8,TRUE,-0.13914,0.00003,-0.03861,34.19169,7.5233,0.7553,-0.02136,-0.05756,-1,1,-1,Decreasing trend
39,Rookery Bay National Estuarine Research Reserve,Salinity,All,Field,TRUE,15669,54,1954,2025,1954-02-10T00:00:00Z,2025-09-16T10:42:00Z,32.8,TRUE,-0.13914,0.00003,-0.03861,34.19169,7.5233,0.7553,-0.02136,-0.05756,-1,0,-1,Decreasing trend
39,Rookery Bay National Estuarine Research Reserve,Salinity,Bottom,All,TRUE,7130,36,1989,2025,1989-04-11T07:55:00Z,2025-05-20T12:46:00Z,32.5,TRUE,-0.06591,0.08898,-0.0524,31.52664,5.2917,0.9162,0.00804,-0.1125,0,0,0,No detectable trend
39,Rookery Bay National Estuarine Research Reserve,Salinity,Bottom,Field,TRUE,7130,36,1989,2025,1989-04-11T07:55:00Z,2025-05-20T12:46:00Z,32.5,TRUE,-0.06591,0.08898,-0.0524,31.52664,5.2917,0.9162,0.00804,-0.1125,0,0,0,No detectable trend
39,Rookery Bay National Estuarine Research Reserve,Salinity,Surface,All,TRUE,8430,53,1954,2025,1954-02-10T00:00:00Z,2025-09-16T10:42:00Z,33,TRUE,0.02517,0.4665,0.00683,32.53476,5.2443,0.9188,0.02792,-0.01155,0,0,0,No detectable trend
39,Rookery Bay National Estuarine Research Reserve,Salinity,Surface,Field,TRUE,8430,53,1954,2025,1954-02-10T00:00:00Z,2025-09-16T10:42:00Z,33,TRUE,0.02517,0.4665,0.00683,32.53476,5.2443,0.9188,0.02792,-0.01155,0,0,0,No detectable trend
39,Rookery Bay National Estuarine Research Reserve,Secchi Depth,All,Field,TRUE,740,22,1998,2025,1998-07-01T00:00:00Z,2025-09-16T10:42:00Z,-1.06681,TRUE,0.24016,0.00034,0.015,-1.22762,14.8591,0.189,0.02218,0.00695,1,1,1,Increasing trend
39,Rookery Bay National Estuarine Research Reserve,Total Nitrogen,All,Lab,TRUE,4746,35,1989,2025,1989-04-11T08:40:00Z,2025-10-28T12:08:00Z,0.31962,TRUE,0.01298,0.80667,0.00037,0.39109,11.843,0.3756,0.00272,-0.00191,0,1,0,No detectable trend
39,Rookery Bay National Estuarine Research Reserve,Total Nitrogen,Bottom,Lab,FALSE,103,7,1994,2025,1994-04-25T11:40:00Z,2025-05-21T11:35:00Z,0.45,,,,,,,,,,,0,2,Insufficient data
39,Rookery Bay National Estuarine Research Reserve,Total Nitrogen,Surface,Lab,TRUE,4643,35,1989,2025,1989-04-11T08:40:00Z,2025-10-28T12:08:00Z,0.314,TRUE,0.00281,0.99469,0,0.40151,10.5996,0.4774,0.00246,-0.00214,0,0,0,No detectable trend
39,Rookery Bay National Estuarine Research Reserve,Total Phosphorus,All,Lab,TRUE,4881,36,1989,2025,1989-04-11T08:40:00Z,2025-10-28T12:08:00Z,0.04,TRUE,0.00929,0.87756,0.00001,0.0477,12.1562,0.352,0.00019,-0.00015,0,1,0,No detectable trend
39,Rookery Bay National Estuarine Research Reserve,Total Phosphorus,Bottom,Lab,FALSE,107,9,1992,2025,1992-04-15T11:55:00Z,2025-05-21T11:35:00Z,0.047,,,,,,,,,,,0,2,Insufficient data
39,Rookery Bay National Estuarine Research Reserve,Total Phosphorus,Surface,Lab,TRUE,4774,36,1989,2025,1989-04-11T08:40:00Z,2025-10-28T12:08:00Z,0.03976,TRUE,0.00666,0.92301,0.00001,0.04759,10.0099,0.5295,0.00018,-0.00017,0,0,0,No detectable trend
39,Rookery Bay National Estuarine Research Reserve,Total Suspended Solids,All,Lab,TRUE,906,32,1989,2025,1989-04-11T08:40:00Z,2025-05-06T10:27:00Z,8,TRUE,0.38553,0,0.28571,-1.21736,21.2528,0.0308,0.34623,0.23678,1,1,1,Increasing trend
39,Rookery Bay National Estuarine Research Reserve,Total Suspended Solids,Bottom,Lab,FALSE,13,4,1992,2002,1992-04-15T11:55:00Z,2002-10-21T17:15:00Z,15,,,,,,,,,,,0,2,Insufficient data
39,Rookery Bay National Estuarine Research Reserve,Total Suspended Solids,Surface,Lab,TRUE,893,31,1989,2025,1989-04-11T08:40:00Z,2025-05-06T10:27:00Z,8,TRUE,0.41701,0,0.3,-1.71444,21.2971,0.0304,0.35789,0.25,1,0,1,Increasing trend
39,Rookery Bay National Estuarine Research Reserve,Turbidity,All,All,TRUE,7184,33,1989,2025,1989-04-11T08:40:00Z,2025-10-28T12:08:00Z,4.6975,TRUE,0.19513,0.00001,0.08221,4.75436,16.2743,0.1312,0.11818,0.04594,1,0,1,Increasing trend
39,Rookery Bay National Estuarine Research Reserve,Turbidity,All,Field,TRUE,746,10,2000,2023,2000-07-10T00:00:00Z,2023-01-07T21:53:00Z,7.795,TRUE,0.10149,0.3751,0.08407,6.99898,15.4178,0.1642,0.65392,-0.15223,0,0,0,No detectable trend
39,Rookery Bay National Estuarine Research Reserve,Turbidity,All,Lab,TRUE,6438,33,1989,2025,1989-04-11T08:40:00Z,2025-10-28T12:08:00Z,4.3975,TRUE,0.20684,0,0.0849,4.35994,13.2325,0.2784,0.11846,0.04988,1,1,1,Increasing trend
39,Rookery Bay National Estuarine Research Reserve,Turbidity,Bottom,All,FALSE,109,9,1992,2025,1992-04-15T11:55:00Z,2025-05-21T11:35:00Z,7.5,,,,,,,,,,,0,2,Insufficient data
39,Rookery Bay National Estuarine Research Reserve,Turbidity,Bottom,Lab,FALSE,109,9,1992,2025,1992-04-15T11:55:00Z,2025-05-21T11:35:00Z,7.5,,,,,,,,,,,0,2,Insufficient data
39,Rookery Bay National Estuarine Research Reserve,Turbidity,Surface,All,TRUE,7074,33,1989,2025,1989-04-11T08:40:00Z,2025-10-28T12:08:00Z,4.625,TRUE,0.18611,0.00002,0.076,4.94306,14.3255,0.2155,0.10771,0.04228,1,0,1,Increasing trend
39,Rookery Bay National Estuarine Research Reserve,Turbidity,Surface,Field,TRUE,745,10,2000,2023,2000-07-10T00:00:00Z,2023-01-07T21:53:00Z,7.79,TRUE,0.10149,0.3751,0.08407,6.99898,15.4178,0.1642,0.65392,-0.15223,0,0,0,No detectable trend
39,Rookery Bay National Estuarine Research Reserve,Turbidity,Surface,Lab,TRUE,6329,33,1989,2025,1989-04-11T08:40:00Z,2025-10-28T12:08:00Z,4.32,TRUE,0.19999,0,0.08088,4.72157,11.472,0.4046,0.10922,0.04527,1,0,1,Increasing trend
39,Rookery Bay National Estuarine Research Reserve,Water Temperature,All,Field,TRUE,15682,51,1954,2025,1954-02-10T00:00:00Z,2025-10-28T12:08:00Z,26.63,TRUE,0.10655,0.00119,0.01256,25.43479,9.5896,0.5676,0.02096,0.00525,1,1,1,Increasing trend
39,Rookery Bay National Estuarine Research Reserve,Water Temperature,Bottom,Field,TRUE,7181,36,1989,2025,1989-04-11T07:55:00Z,2025-05-21T11:35:00Z,26.7,TRUE,0.08494,0.02951,0.01899,25.5472,12.0254,0.3617,0.03773,0.00192,1,0,1,Increasing trend
39,Rookery Bay National Estuarine Research Reserve,Water Temperature,Surface,Field,TRUE,8381,51,1954,2025,1954-02-10T00:00:00Z,2025-10-28T12:08:00Z,26.67,TRUE,0.07157,0.02588,0.00966,25.83489,11.0736,0.4371,0.01882,0.00133,1,0,1,Increasing trend
39,Rookery Bay National Estuarine Research Reserve,pH,All,Field,TRUE,6488,39,1955,2025,1955-02-24T00:00:00Z,2025-10-28T12:08:00Z,7.88,TRUE,-0.21625,0,-0.00536,8.11057,18.457,0.0716,-0.00353,-0.00755,-1,1,-1,Decreasing trend
39,Rookery Bay National Estuarine Research Reserve,pH,Bottom,Field,TRUE,239,14,1989,2025,1989-04-11T07:55:00Z,2025-05-21T11:35:00Z,7.76,TRUE,-0.21254,0.09076,-0.00759,8.31851,5.0332,0.9295,0.00228,-0.02095,0,0,0,No detectable trend
39,Rookery Bay National Estuarine Research Reserve,pH,Surface,Field,TRUE,6182,39,1955,2025,1955-02-24T00:00:00Z,2025-10-28T12:08:00Z,7.8875,TRUE,-0.16512,0.00001,-0.00423,8.04885,17.491,0.0942,-0.00222,-0.00629,-1,0,-1,Decreasing trend
40,St. Andrews Aquatic Preserve,"Chlorophyll a, Corrected for Pheophytin",All,Lab,TRUE,899,20,2003,2025,2003-09-01T00:00:00Z,2025-12-10T12:47:00Z,1.2,TRUE,-0.00297,0.89457,-0.00106,1.25198,14.1898,0.2227,0.01376,-0.01519,0,1,0,No detectable trend
40,St. Andrews Aquatic Preserve,"Chlorophyll a, Corrected for Pheophytin",Surface,Lab,TRUE,899,20,2003,2025,2003-09-01T00:00:00Z,2025-12-10T12:47:00Z,1.2,TRUE,-0.00297,0.89457,-0.00106,1.25198,14.1898,0.2227,0.01376,-0.01519,0,0,0,No detectable trend
40,St. Andrews Aquatic Preserve,"Chlorophyll a, Uncorrected for Pheophytin",All,Lab,TRUE,1239,34,1990,2025,1990-02-11T00:00:00Z,2025-12-10T12:47:00Z,1.3,TRUE,-0.08555,0.05672,-0.007,1.60005,6.7012,0.8227,0,-0.01621,0,1,0,No detectable trend
40,St. Andrews Aquatic Preserve,"Chlorophyll a, Uncorrected for Pheophytin",Surface,Lab,TRUE,1235,34,1990,2025,1990-02-11T00:00:00Z,2025-12-10T12:47:00Z,1.3,TRUE,-0.08462,0.06012,-0.00675,1.60005,6.7982,0.8152,0,-0.01602,0,0,0,No detectable trend
40,St. Andrews Aquatic Preserve,Colored Dissolved Organic Matter,All,Lab,TRUE,164,23,2001,2024,2001-05-04T00:00:00Z,2024-10-17T09:45:00Z,6,TRUE,0.19591,0.6403,0.01515,3,12.0244,0.2834,0.24576,-0.07608,0,1,0,No detectable trend
40,St. Andrews Aquatic Preserve,Colored Dissolved Organic Matter,Surface,Lab,TRUE,164,23,2001,2024,2001-05-04T00:00:00Z,2024-10-17T09:45:00Z,6,TRUE,0.19591,0.6403,0.01515,3,12.0244,0.2834,0.24576,-0.07608,0,0,0,No detectable trend
40,St. Andrews Aquatic Preserve,Dissolved Oxygen,All,Field,TRUE,3017,30,1983,2025,1983-06-05T00:00:00Z,2025-12-10T12:47:00Z,7.11,TRUE,-0.01778,0.71793,-0.00231,7.42065,9.9424,0.5356,0.00978,-0.01335,0,1,0,No detectable trend
40,St. Andrews Aquatic Preserve,Dissolved Oxygen,Bottom,Field,TRUE,594,22,1983,2025,1983-06-05T00:00:00Z,2025-08-22T09:02:00Z,7.115,TRUE,-0.08756,0.13524,-0.01647,7.60049,8.1641,0.6985,0.00565,-0.03739,0,0,0,No detectable trend
40,St. Andrews Aquatic Preserve,Dissolved Oxygen,Surface,Field,TRUE,2083,30,1983,2025,1983-06-05T00:00:00Z,2025-12-10T12:47:00Z,7.15,TRUE,0.00876,0.87537,0.00076,7.28513,11.0002,0.4432,0.01279,-0.00885,0,0,0,No detectable trend
40,St. Andrews Aquatic Preserve,Dissolved Oxygen Saturation,All,Field,TRUE,1113,20,2001,2025,2001-04-24T00:00:00Z,2025-08-22T09:23:00Z,101.2,TRUE,-0.39941,0,-0.84673,113.83336,4.4779,0.9538,-0.68386,-1.04868,-1,1,-1,Decreasing trend
40,St. Andrews Aquatic Preserve,Dissolved Oxygen Saturation,Bottom,Field,TRUE,399,17,2009,2025,2009-01-05T00:00:00Z,2025-08-22T09:02:00Z,98.4,TRUE,-0.31831,0,-1.01667,109.52701,4.425,0.9558,-0.71059,-1.38419,-1,0,-1,Decreasing trend
40,St. Andrews Aquatic Preserve,Dissolved Oxygen Saturation,Surface,Field,TRUE,659,20,2001,2025,2001-04-24T00:00:00Z,2025-08-22T09:23:00Z,103,TRUE,-0.3834,0,-0.6925,114.40208,9.7216,0.5556,-0.53522,-0.84437,-1,0,-1,Decreasing trend
40,St. Andrews Aquatic Preserve,Salinity,All,All,TRUE,2727,32,1974,2025,1974-09-18T00:00:00Z,2025-08-22T09:23:00Z,31.9,TRUE,-0.06831,0.07594,-0.03517,33.82687,16.1942,0.1341,0.00364,-0.07859,0,1,0,No detectable trend
40,St. Andrews Aquatic Preserve,Salinity,All,Field,TRUE,2727,32,1974,2025,1974-09-18T00:00:00Z,2025-08-22T09:23:00Z,31.9,TRUE,-0.06831,0.07594,-0.03517,33.82687,16.1942,0.1341,0.00364,-0.07859,0,0,0,No detectable trend
40,St. Andrews Aquatic Preserve,Salinity,Bottom,All,TRUE,595,22,1983,2025,1983-06-05T00:00:00Z,2025-08-22T09:02:00Z,32.7,TRUE,0.05496,0.29724,0.03393,32.07177,5.6013,0.8986,0.10256,-0.02655,0,0,0,No detectable trend
40,St. Andrews Aquatic Preserve,Salinity,Bottom,Field,TRUE,595,22,1983,2025,1983-06-05T00:00:00Z,2025-08-22T09:02:00Z,32.7,TRUE,0.05496,0.29724,0.03393,32.07177,5.6013,0.8986,0.10256,-0.02655,0,0,0,No detectable trend
40,St. Andrews Aquatic Preserve,Salinity,Surface,All,TRUE,1787,32,1974,2025,1974-09-18T00:00:00Z,2025-08-22T09:23:00Z,31.4,TRUE,-0.14249,0.00127,-0.06586,34.38784,14.5192,0.2056,-0.02521,-0.11379,-1,0,-1,Decreasing trend
40,St. Andrews Aquatic Preserve,Salinity,Surface,Field,TRUE,1787,32,1974,2025,1974-09-18T00:00:00Z,2025-08-22T09:23:00Z,31.4,TRUE,-0.14249,0.00127,-0.06586,34.38784,14.5192,0.2056,-0.02521,-0.11379,-1,0,-1,Decreasing trend
40,St. Andrews Aquatic Preserve,Secchi Depth,All,Field,TRUE,2376,33,1991,2025,1991-02-10T00:00:00Z,2025-08-22T09:23:00Z,-2.6,TRUE,0.15089,0.00012,0.04055,-4.47907,24.774,0.0098,0.06316,0.019,1,1,1,Increasing trend
40,St. Andrews Aquatic Preserve,Total Nitrogen,All,Lab,TRUE,1172,34,1990,2025,1990-02-11T00:00:00Z,2025-12-10T12:47:00Z,0.18,TRUE,0.35089,0,0.00463,0.04492,4.4367,0.9554,0.00569,0.00339,1,1,1,Increasing trend
40,St. Andrews Aquatic Preserve,Total Nitrogen,Surface,Lab,TRUE,1168,34,1990,2025,1990-02-11T00:00:00Z,2025-12-10T12:47:00Z,0.18,TRUE,0.3514,0,0.00463,0.04495,4.4196,0.956,0.00571,0.00344,1,0,1,Increasing trend
40,St. Andrews Aquatic Preserve,Total Phosphorus,All,Lab,TRUE,991,34,1990,2025,1990-02-11T00:00:00Z,2025-12-10T12:47:00Z,0.008,TRUE,0.45464,0,0.00032,-0.00211,11.8998,0.3712,0.00037,0.00026,1,1,1,Increasing trend
40,St. Andrews Aquatic Preserve,Total Phosphorus,Surface,Lab,TRUE,987,34,1990,2025,1990-02-11T00:00:00Z,2025-12-10T12:47:00Z,0.008,TRUE,0.45725,0,0.00032,-0.00211,11.6905,0.3874,0.00037,0.00026,1,0,1,Increasing trend
40,St. Andrews Aquatic Preserve,Total Suspended Solids,All,Lab,TRUE,263,13,2003,2015,2003-06-01T00:00:00Z,2015-06-15T00:00:00Z,9,TRUE,-0.23727,0.00396,-0.45833,10.55284,13.9954,0.2332,-0.19774,-1.03098,-1,1,-1,Decreasing trend
40,St. Andrews Aquatic Preserve,Total Suspended Solids,Surface,Lab,TRUE,263,13,2003,2015,2003-06-01T00:00:00Z,2015-06-15T00:00:00Z,9,TRUE,-0.23727,0.00396,-0.45833,10.55284,13.9954,0.2332,-0.19774,-1.03098,-1,0,-1,Decreasing trend
40,St. Andrews Aquatic Preserve,Turbidity,All,All,TRUE,1233,24,2000,2025,2000-01-09T00:00:00Z,2025-12-10T12:47:00Z,0.75,TRUE,-0.30081,0,-0.0267,1.23662,7.895,0.7227,-0.01728,-0.03496,-1,0,-1,Decreasing trend
40,St. Andrews Aquatic Preserve,Turbidity,All,Field,TRUE,584,18,2000,2025,2000-01-09T00:00:00Z,2025-08-22T09:02:00Z,0.76,TRUE,-0.19817,0.00258,-0.02048,1.13541,8.0644,0.7075,-0.00771,-0.03366,-1,0,-1,Decreasing trend
40,St. Andrews Aquatic Preserve,Turbidity,All,Lab,TRUE,649,20,2003,2025,2003-06-01T00:00:00Z,2025-12-10T12:47:00Z,0.75,TRUE,-0.45434,0,-0.03,1.04988,9.7775,0.5505,-0.0231,-0.03785,-1,1,-1,Decreasing trend
40,St. Andrews Aquatic Preserve,Turbidity,Bottom,All,TRUE,237,13,2000,2025,2000-01-09T00:00:00Z,2025-08-22T09:02:00Z,0.89,TRUE,-0.09526,0.22954,-0.01291,1.2389,5.9844,0.8744,0.00927,-0.02807,0,0,0,No detectable trend
40,St. Andrews Aquatic Preserve,Turbidity,Bottom,Field,TRUE,237,13,2000,2025,2000-01-09T00:00:00Z,2025-08-22T09:02:00Z,0.89,TRUE,-0.09526,0.22954,-0.01291,1.2389,5.9844,0.8744,0.00927,-0.02807,0,0,0,No detectable trend
40,St. Andrews Aquatic Preserve,Turbidity,Surface,All,TRUE,985,24,2000,2025,2000-01-09T00:00:00Z,2025-12-10T12:47:00Z,0.75,TRUE,-0.37988,0,-0.03011,1.20591,9.951,0.5348,-0.02241,-0.03758,-1,0,-1,Decreasing trend
40,St. Andrews Aquatic Preserve,Turbidity,Surface,Field,TRUE,336,18,2000,2025,2000-01-09T00:00:00Z,2025-08-22T09:02:00Z,0.685,TRUE,-0.2727,0.00003,-0.02433,1.00008,4.2511,0.962,-0.01346,-0.03571,-1,0,-1,Decreasing trend
40,St. Andrews Aquatic Preserve,Turbidity,Surface,Lab,TRUE,649,20,2003,2025,2003-06-01T00:00:00Z,2025-12-10T12:47:00Z,0.75,TRUE,-0.45434,0,-0.03,1.04988,9.7775,0.5505,-0.0231,-0.03785,-1,0,-1,Decreasing trend
40,St. Andrews Aquatic Preserve,Water Temperature,All,Field,TRUE,3097,31,1974,2025,1974-09-18T00:00:00Z,2025-12-10T12:47:00Z,25.49,TRUE,-0.02283,0.60848,-0.0063,21.15187,9.5242,0.5736,0.01801,-0.02555,0,1,0,No detectable trend
40,St. Andrews Aquatic Preserve,Water Temperature,Bottom,Field,TRUE,593,22,1983,2025,1983-06-05T00:00:00Z,2025-08-22T09:02:00Z,23.9,TRUE,0.13128,0.02232,0.04479,20.53191,7.5252,0.7551,0.08825,0.00556,1,0,1,Increasing trend
40,St. Andrews Aquatic Preserve,Water Temperature,Surface,Field,TRUE,2157,31,1974,2025,1974-09-18T00:00:00Z,2025-12-10T12:47:00Z,25.4,TRUE,-0.04081,0.37404,-0.00824,21.39493,6.1422,0.8637,0.01483,-0.03225,0,0,0,No detectable trend
40,St. Andrews Aquatic Preserve,pH,All,Field,TRUE,2880,27,1998,2025,1998-06-30T00:00:00Z,2025-12-10T12:47:00Z,8.1,TRUE,0.03564,0.49334,0.0007,8.09179,17.8677,0.0847,0.00296,-0.00174,0,1,0,No detectable trend
40,St. Andrews Aquatic Preserve,pH,Bottom,Field,TRUE,549,21,2000,2025,2000-01-09T00:00:00Z,2025-08-22T09:02:00Z,8.13,TRUE,0.0456,0.47737,0.00133,8.11855,11.4263,0.4083,0.005,-0.00244,0,0,0,No detectable trend
40,St. Andrews Aquatic Preserve,pH,Surface,Field,TRUE,2004,27,1998,2025,1998-06-30T00:00:00Z,2025-12-10T12:47:00Z,8.1,TRUE,0.03245,0.55794,0.00087,8.07677,18.5267,0.0701,0.00325,-0.00194,0,0,0,No detectable trend
41,St. Joseph Bay Aquatic Preserve,"Chlorophyll a, Corrected for Pheophytin",All,Lab,TRUE,713,18,2008,2025,2008-02-21T09:30:00Z,2025-12-10T10:07:00Z,2,TRUE,0.24545,0.00045,0.09815,1.17721,5.2988,0.9158,0.14283,0.05411,1,1,1,Increasing trend
41,St. Joseph Bay Aquatic Preserve,"Chlorophyll a, Corrected for Pheophytin",Surface,Lab,TRUE,713,18,2008,2025,2008-02-21T09:30:00Z,2025-12-10T10:07:00Z,2,TRUE,0.24545,0.00045,0.09815,1.17721,5.2988,0.9158,0.14283,0.05411,1,0,1,Increasing trend
41,St. Joseph Bay Aquatic Preserve,"Chlorophyll a, Uncorrected for Pheophytin",All,Lab,TRUE,1335,25,2001,2025,2001-05-14T00:00:00Z,2025-12-10T10:07:00Z,2,TRUE,0.19349,0.00007,0.04832,1.70251,12.9423,0.2971,0.06805,0.02449,1,1,1,Increasing trend
41,St. Joseph Bay Aquatic Preserve,"Chlorophyll a, Uncorrected for Pheophytin",Surface,Lab,TRUE,1334,25,2001,2025,2001-05-14T00:00:00Z,2025-12-10T10:07:00Z,2,TRUE,0.19441,0.00006,0.04908,1.70251,13.0601,0.2894,0.06851,0.02479,1,0,1,Increasing trend
41,St. Joseph Bay Aquatic Preserve,Colored Dissolved Organic Matter,All,Lab,TRUE,456,24,2001,2025,2001-05-14T00:00:00Z,2025-04-30T11:00:00Z,6,TRUE,0.28293,0.00019,0.16302,4.71944,11.783,0.3802,0.22652,0.07517,1,1,1,Increasing trend
41,St. Joseph Bay Aquatic Preserve,Colored Dissolved Organic Matter,Surface,Lab,TRUE,456,24,2001,2025,2001-05-14T00:00:00Z,2025-04-30T11:00:00Z,6,TRUE,0.28293,0.00019,0.16302,4.71944,11.783,0.3802,0.22652,0.07517,1,0,1,Increasing trend
41,St. Joseph Bay Aquatic Preserve,Dissolved Oxygen,All,Field,TRUE,6438,32,1991,2025,1991-07-25T00:00:00Z,2025-12-10T10:07:00Z,7.15,TRUE,-0.07153,0.0443,-0.01323,7.37285,18.2424,0.0761,-0.00018,-0.02427,-1,1,-1,Decreasing trend
41,St. Joseph Bay Aquatic Preserve,Dissolved Oxygen,Bottom,Field,TRUE,1909,29,1991,2023,1991-07-25T00:00:00Z,2023-06-08T11:17:00Z,7.1,TRUE,-0.13902,0.03276,-0.03154,7.76461,7.4964,0.7576,-0.00181,-0.06084,-1,0,-1,Decreasing trend
41,St. Joseph Bay Aquatic Preserve,Dissolved Oxygen,Surface,Field,TRUE,4291,32,1991,2025,1991-07-25T00:00:00Z,2025-12-10T10:07:00Z,7.2,TRUE,-0.11003,0.00271,-0.02071,7.44281,18.4874,0.0709,-0.00847,-0.03246,-1,0,-1,Decreasing trend
41,St. Joseph Bay Aquatic Preserve,Dissolved Oxygen Saturation,All,Field,TRUE,274,10,2005,2018,2005-03-23T16:25:00Z,2018-10-29T00:00:00Z,99.9,TRUE,0.14943,0.3258,1.08,82.94242,19.2172,0.0573,3.1337,-1.2747,0,1,0,No detectable trend
41,St. Joseph Bay Aquatic Preserve,Dissolved Oxygen Saturation,Bottom,Field,FALSE,92,6,2005,2018,2005-03-23T16:25:00Z,2018-10-29T00:00:00Z,98.8,,,,,,,,,,,0,2,Insufficient data
41,St. Joseph Bay Aquatic Preserve,Dissolved Oxygen Saturation,Surface,Field,FALSE,137,8,2010,2018,2010-06-23T00:00:00Z,2018-10-29T00:00:00Z,99.7,,,,,,,,,,,0,2,Insufficient data
41,St. Joseph Bay Aquatic Preserve,Salinity,All,All,TRUE,6897,32,1991,2025,1991-07-25T00:00:00Z,2025-12-03T00:00:00Z,32.2,TRUE,-0.11052,0.00581,-0.04032,33.01372,6.357,0.8485,-0.0112,-0.07095,-1,1,-1,Decreasing trend
41,St. Joseph Bay Aquatic Preserve,Salinity,All,Field,TRUE,6897,32,1991,2025,1991-07-25T00:00:00Z,2025-12-03T00:00:00Z,32.2,TRUE,-0.11052,0.00581,-0.04032,33.01372,6.357,0.8485,-0.0112,-0.07095,-1,0,-1,Decreasing trend
41,St. Joseph Bay Aquatic Preserve,Salinity,Bottom,All,TRUE,2119,29,1991,2023,1991-07-25T00:00:00Z,2023-06-08T11:17:00Z,32.5,TRUE,-0.11147,0.02781,-0.05364,33.3188,10.2407,0.5089,-0.00336,-0.09591,-1,0,-1,Decreasing trend
41,St. Joseph Bay Aquatic Preserve,Salinity,Bottom,Field,TRUE,2119,29,1991,2023,1991-07-25T00:00:00Z,2023-06-08T11:17:00Z,32.5,TRUE,-0.11147,0.02781,-0.05364,33.3188,10.2407,0.5089,-0.00336,-0.09591,-1,0,-1,Decreasing trend
41,St. Joseph Bay Aquatic Preserve,Salinity,Surface,All,TRUE,4533,32,1991,2025,1991-07-25T00:00:00Z,2025-12-03T00:00:00Z,32,TRUE,-0.08455,0.04242,-0.02762,32.74691,6.1651,0.8621,-0.00117,-0.06109,-1,0,-1,Decreasing trend
41,St. Joseph Bay Aquatic Preserve,Salinity,Surface,Field,TRUE,4533,32,1991,2025,1991-07-25T00:00:00Z,2025-12-03T00:00:00Z,32,TRUE,-0.08455,0.04242,-0.02762,32.74691,6.1651,0.8621,-0.00117,-0.06109,-1,0,-1,Decreasing trend
41,St. Joseph Bay Aquatic Preserve,Secchi Depth,All,Field,TRUE,1810,26,1991,2025,1991-07-25T00:00:00Z,2025-04-17T11:53:00Z,-1.31066,TRUE,-0.18144,0.00026,-0.02159,-1.43244,21.435,0.0291,-0.0115,-0.03235,-1,1,-1,Decreasing trend
41,St. Joseph Bay Aquatic Preserve,Total Nitrogen,All,Lab,TRUE,1840,25,2001,2025,2001-05-14T00:00:00Z,2025-12-10T10:07:00Z,0.183,TRUE,0.40971,0,0.00663,0.07925,3.0934,0.9894,0.0076,0.00551,1,1,1,Increasing trend
41,St. Joseph Bay Aquatic Preserve,Total Nitrogen,Surface,Lab,TRUE,1839,25,2001,2025,2001-05-14T00:00:00Z,2025-12-10T10:07:00Z,0.182,TRUE,0.4129,0,0.00664,0.07925,2.8277,0.9928,0.0076,0.00556,1,0,1,Increasing trend
41,St. Joseph Bay Aquatic Preserve,Total Phosphorus,All,Lab,TRUE,1344,25,2001,2025,2001-05-14T00:00:00Z,2025-12-10T10:07:00Z,0.006,TRUE,0.56039,0,0.00055,-0.00379,2.0864,0.9982,0.00063,0.00046,1,1,1,Increasing trend
41,St. Joseph Bay Aquatic Preserve,Total Phosphorus,Surface,Lab,TRUE,1343,25,2001,2025,2001-05-14T00:00:00Z,2025-12-10T10:07:00Z,0.006,TRUE,0.56118,0,0.00055,-0.00379,2.0692,0.9982,0.00063,0.00046,1,0,1,Increasing trend
41,St. Joseph Bay Aquatic Preserve,Total Suspended Solids,All,Lab,FALSE,38,8,2008,2025,2008-02-21T09:30:00Z,2025-04-30T11:00:00Z,6.5,,,,,,,,,,,1,2,Insufficient data
41,St. Joseph Bay Aquatic Preserve,Total Suspended Solids,Surface,Lab,FALSE,38,8,2008,2025,2008-02-21T09:30:00Z,2025-04-30T11:00:00Z,6.5,,,,,,,,,,,0,2,Insufficient data
41,St. Joseph Bay Aquatic Preserve,Turbidity,All,All,TRUE,3024,26,1995,2025,1995-01-05T10:12:00Z,2025-12-10T10:07:00Z,0.9,TRUE,-0.0325,0.49127,-0.00242,1.04466,8.1725,0.6978,0.00334,-0.00807,0,0,0,No detectable trend
41,St. Joseph Bay Aquatic Preserve,Turbidity,All,Field,FALSE,353,6,2005,2025,2005-03-23T16:25:00Z,2025-12-03T00:00:00Z,0.8,,,,,,,,,,,0,2,Insufficient data
41,St. Joseph Bay Aquatic Preserve,Turbidity,All,Lab,TRUE,2671,26,1995,2025,1995-01-05T10:12:00Z,2025-12-10T10:07:00Z,0.9,TRUE,-0.00318,0.96165,-0.00025,1.0188,12.3957,0.3346,0.00567,-0.00624,0,1,0,No detectable trend
41,St. Joseph Bay Aquatic Preserve,Turbidity,Bottom,All,FALSE,1,1,2005,2005,2005-03-23T16:25:00Z,2005-03-23T16:25:00Z,0,,,,,,,,,,,0,2,Insufficient data
41,St. Joseph Bay Aquatic Preserve,Turbidity,Bottom,Field,FALSE,1,1,2005,2005,2005-03-23T16:25:00Z,2005-03-23T16:25:00Z,0,,,,,,,,,,,0,2,Insufficient data
41,St. Joseph Bay Aquatic Preserve,Turbidity,Surface,All,TRUE,3023,26,1995,2025,1995-01-05T10:12:00Z,2025-12-10T10:07:00Z,0.9,TRUE,-0.0325,0.49127,-0.00242,1.04466,8.1725,0.6978,0.00334,-0.00807,0,0,0,No detectable trend
41,St. Joseph Bay Aquatic Preserve,Turbidity,Surface,Field,FALSE,352,5,2021,2025,2021-03-16T00:00:00Z,2025-12-03T00:00:00Z,0.8,,,,,,,,,,,0,2,Insufficient data
41,St. Joseph Bay Aquatic Preserve,Turbidity,Surface,Lab,TRUE,2671,26,1995,2025,1995-01-05T10:12:00Z,2025-12-10T10:07:00Z,0.9,TRUE,-0.00318,0.96165,-0.00025,1.0188,12.3957,0.3346,0.00567,-0.00624,0,0,0,No detectable trend
41,St. Joseph Bay Aquatic Preserve,Water Temperature,All,Field,TRUE,7250,32,1991,2025,1991-07-25T00:00:00Z,2025-12-10T10:07:00Z,25.5,TRUE,-0.06664,0.08436,-0.0223,22.16054,9.5256,0.5735,0.00245,-0.04652,0,1,0,No detectable trend
41,St. Joseph Bay Aquatic Preserve,Water Temperature,Bottom,Field,TRUE,2206,29,1991,2023,1991-07-25T00:00:00Z,2023-06-08T11:17:00Z,25.5,TRUE,0.06441,0.28958,0.01798,20.61045,11.6774,0.3884,0.04957,-0.01533,0,0,0,No detectable trend
41,St. Joseph Bay Aquatic Preserve,Water Temperature,Surface,Field,TRUE,4774,32,1991,2025,1991-07-25T00:00:00Z,2025-12-10T10:07:00Z,25.3,TRUE,-0.08336,0.03371,-0.02708,22.43407,8.5036,0.6676,-0.00251,-0.05523,-1,0,-1,Decreasing trend
41,St. Joseph Bay Aquatic Preserve,pH,All,Field,TRUE,4636,32,1991,2025,1991-07-25T00:00:00Z,2025-12-10T10:07:00Z,8.1,TRUE,-0.01769,0.65763,-0.00037,8.13808,2.9875,0.9909,0.00195,-0.00295,0,1,0,No detectable trend
41,St. Joseph Bay Aquatic Preserve,pH,Bottom,Field,TRUE,254,17,1991,2023,1991-07-25T00:00:00Z,2023-06-08T11:17:00Z,8.2,TRUE,-0.02593,0.96243,0,8.21953,7.7735,0.7334,0.01721,-0.01938,0,0,0,No detectable trend
41,St. Joseph Bay Aquatic Preserve,pH,Surface,Field,TRUE,4129,32,1991,2025,1991-07-25T00:00:00Z,2025-12-10T10:07:00Z,8.1,TRUE,-0.01352,0.70559,-0.0004,8.1257,3.3241,0.9857,0.00201,-0.00335,0,0,0,No detectable trend
42,St. Joseph Bay State Buffer Preserve,"Chlorophyll a, Corrected for Pheophytin",All,Lab,FALSE,30,6,2016,2024,2016-04-11T00:00:00Z,2024-04-09T15:30:00Z,1.5,,,,,,,,,,,1,2,Insufficient data
42,St. Joseph Bay State Buffer Preserve,"Chlorophyll a, Corrected for Pheophytin",Surface,Lab,FALSE,30,6,2016,2024,2016-04-11T00:00:00Z,2024-04-09T15:30:00Z,1.5,,,,,,,,,,,0,2,Insufficient data
42,St. Joseph Bay State Buffer Preserve,"Chlorophyll a, Uncorrected for Pheophytin",All,Lab,FALSE,83,8,2016,2024,2016-04-11T00:00:00Z,2024-04-09T15:30:00Z,6,,,,,,,,,,,1,2,Insufficient data
42,St. Joseph Bay State Buffer Preserve,"Chlorophyll a, Uncorrected for Pheophytin",Surface,Lab,FALSE,83,8,2016,2024,2016-04-11T00:00:00Z,2024-04-09T15:30:00Z,6,,,,,,,,,,,0,2,Insufficient data
42,St. Joseph Bay State Buffer Preserve,Colored Dissolved Organic Matter,All,Lab,FALSE,82,8,2016,2024,2016-04-11T00:00:00Z,2024-04-09T15:30:00Z,128,,,,,,,,,,,1,2,Insufficient data
42,St. Joseph Bay State Buffer Preserve,Colored Dissolved Organic Matter,Surface,Lab,FALSE,82,8,2016,2024,2016-04-11T00:00:00Z,2024-04-09T15:30:00Z,128,,,,,,,,,,,0,2,Insufficient data
42,St. Joseph Bay State Buffer Preserve,Total Nitrogen,All,Lab,FALSE,85,7,2016,2022,2016-04-11T00:00:00Z,2022-01-10T12:44:00Z,0.24,,,,,,,,,,,1,2,Insufficient data
42,St. Joseph Bay State Buffer Preserve,Total Nitrogen,Surface,Lab,FALSE,85,7,2016,2022,2016-04-11T00:00:00Z,2022-01-10T12:44:00Z,0.24,,,,,,,,,,,0,2,Insufficient data
42,St. Joseph Bay State Buffer Preserve,Total Phosphorus,All,Lab,FALSE,82,8,2016,2024,2016-04-11T00:00:00Z,2024-04-09T15:30:00Z,0.00019,,,,,,,,,,,1,2,Insufficient data
42,St. Joseph Bay State Buffer Preserve,Total Phosphorus,Surface,Lab,FALSE,82,8,2016,2024,2016-04-11T00:00:00Z,2024-04-09T15:30:00Z,0.00019,,,,,,,,,,,0,2,Insufficient data
43,St. Martins Marsh Aquatic Preserve,"Chlorophyll a, Corrected for Pheophytin",All,Lab,TRUE,635,14,2012,2025,2012-03-26T12:33:00Z,2025-11-19T09:45:00Z,1.8,TRUE,0.27736,0.00013,0.07657,1.54162,11.8062,0.3784,0.10761,0.04,1,1,1,Increasing trend
43,St. Martins Marsh Aquatic Preserve,"Chlorophyll a, Corrected for Pheophytin",Bottom,Lab,FALSE,13,1,2024,2024,2024-01-17T10:30:00Z,2024-07-17T10:25:00Z,1,,,,,,,,,,,0,2,Insufficient data
43,St. Martins Marsh Aquatic Preserve,"Chlorophyll a, Corrected for Pheophytin",Surface,Lab,TRUE,619,14,2012,2025,2012-03-26T12:33:00Z,2025-11-19T09:45:00Z,1.9,TRUE,0.28263,0.0001,0.08089,1.54162,11.662,0.3896,0.11181,0.04669,1,0,1,Increasing trend
43,St. Martins Marsh Aquatic Preserve,"Chlorophyll a, Uncorrected for Pheophytin",All,Lab,TRUE,604,19,2000,2025,2000-09-06T00:00:00Z,2025-11-19T09:45:00Z,2.05,TRUE,0.11758,0.10484,0.03235,2.43238,5.9403,0.8773,0.0759,-0.00407,0,1,0,No detectable trend
43,St. Martins Marsh Aquatic Preserve,"Chlorophyll a, Uncorrected for Pheophytin",Surface,Lab,TRUE,603,19,2000,2025,2000-09-06T00:00:00Z,2025-11-19T09:45:00Z,2.1,TRUE,0.11758,0.10484,0.03235,2.43238,5.9403,0.8773,0.0759,-0.00407,0,0,0,No detectable trend
43,St. Martins Marsh Aquatic Preserve,Colored Dissolved Organic Matter,All,Lab,TRUE,1203,26,1999,2025,1999-05-05T09:47:00Z,2025-12-04T09:39:00Z,13,TRUE,0.16443,0.00144,0.11569,13.23377,2.3614,0.9968,0.17107,0.04862,1,1,1,Increasing trend
43,St. Martins Marsh Aquatic Preserve,Colored Dissolved Organic Matter,Bottom,Lab,FALSE,335,5,2021,2025,2021-03-25T11:10:00Z,2025-12-04T09:39:00Z,14.41,,,,,,,,,,,0,2,Insufficient data
43,St. Martins Marsh Aquatic Preserve,Colored Dissolved Organic Matter,Surface,Lab,TRUE,865,26,1999,2025,1999-05-05T09:47:00Z,2025-12-03T15:31:00Z,13,TRUE,0.1088,0.02749,0.08058,13.34238,4.4064,0.9565,0.14737,0.00735,1,0,1,Increasing trend
43,St. Martins Marsh Aquatic Preserve,Dissolved Oxygen,All,Field,TRUE,8732,32,1991,2025,1991-07-09T00:00:00Z,2025-12-04T09:39:00Z,7.25,TRUE,-0.16058,0.00003,-0.03,7.96365,11.8876,0.3722,-0.01665,-0.04271,-1,1,-1,Decreasing trend
43,St. Martins Marsh Aquatic Preserve,Dissolved Oxygen,Bottom,Field,TRUE,3040,31,1991,2025,1991-07-09T00:00:00Z,2025-12-04T09:39:00Z,7.115,TRUE,-0.19252,0,-0.03876,8.11749,10.3461,0.4995,-0.02207,-0.05606,-1,0,-1,Decreasing trend
43,St. Martins Marsh Aquatic Preserve,Dissolved Oxygen,Surface,Field,TRUE,5646,32,1991,2025,1991-07-09T00:00:00Z,2025-12-03T15:31:00Z,7.3,TRUE,-0.0867,0.03029,-0.01651,7.88006,15.2339,0.172,-0.00132,-0.03099,-1,0,-1,Decreasing trend
43,St. Martins Marsh Aquatic Preserve,Dissolved Oxygen Saturation,All,Field,FALSE,461,6,2019,2025,2019-03-25T11:30:00Z,2025-12-04T09:39:00Z,86.6,,,,,,,,,,,1,2,Insufficient data
43,St. Martins Marsh Aquatic Preserve,Dissolved Oxygen Saturation,Bottom,Field,FALSE,332,6,2019,2025,2019-03-25T11:30:00Z,2025-12-04T09:39:00Z,84.55,,,,,,,,,,,0,2,Insufficient data
43,St. Martins Marsh Aquatic Preserve,Dissolved Oxygen Saturation,Surface,Field,FALSE,129,6,2019,2025,2019-04-17T13:00:00Z,2025-12-03T15:31:00Z,88.8,,,,,,,,,,,0,2,Insufficient data
43,St. Martins Marsh Aquatic Preserve,Salinity,All,All,TRUE,9658,34,1980,2025,1980-01-30T00:00:00Z,2025-12-04T09:39:00Z,18.4,TRUE,0.25917,0,0.14861,15.158,4.4482,0.9549,0.19054,0.11448,1,1,1,Increasing trend
43,St. Martins Marsh Aquatic Preserve,Salinity,All,Field,TRUE,9332,34,1980,2025,1980-01-30T00:00:00Z,2025-12-04T09:39:00Z,18.2,TRUE,0.24269,0,0.14089,15.158,4.2695,0.9614,0.17951,0.10219,1,0,1,Increasing trend
43,St. Martins Marsh Aquatic Preserve,Salinity,All,Lab,TRUE,326,20,2006,2025,2006-04-01T00:00:00Z,2025-07-24T00:00:00Z,26.065,TRUE,-0.28846,0.13325,-0.21999,29.33813,1.1141,0.7737,0.11516,-0.51293,0,0,0,No detectable trend
43,St. Martins Marsh Aquatic Preserve,Salinity,Bottom,All,TRUE,3215,31,1991,2025,1991-07-09T00:00:00Z,2025-12-04T09:39:00Z,18.6,TRUE,0.35091,0,0.21469,14.95506,4.0487,0.9685,0.26004,0.17347,1,0,1,Increasing trend
43,St. Martins Marsh Aquatic Preserve,Salinity,Bottom,Field,TRUE,3215,31,1991,2025,1991-07-09T00:00:00Z,2025-12-04T09:39:00Z,18.6,TRUE,0.35091,0,0.21469,14.95506,4.0487,0.9685,0.26004,0.17347,1,0,1,Increasing trend
43,St. Martins Marsh Aquatic Preserve,Salinity,Surface,All,TRUE,6396,34,1980,2025,1980-01-30T00:00:00Z,2025-12-03T15:31:00Z,18.4,TRUE,0.18278,0,0.11424,15.82189,6.9403,0.8039,0.15645,0.07307,1,0,1,Increasing trend
43,St. Martins Marsh Aquatic Preserve,Salinity,Surface,Field,TRUE,6070,34,1980,2025,1980-01-30T00:00:00Z,2025-12-03T15:31:00Z,18,TRUE,0.15788,0.00004,0.09879,16.01779,6.311,0.8518,0.14094,0.05394,1,0,1,Increasing trend
43,St. Martins Marsh Aquatic Preserve,Salinity,Surface,Lab,TRUE,326,20,2006,2025,2006-04-01T00:00:00Z,2025-07-24T00:00:00Z,26.065,TRUE,-0.28846,0.13325,-0.21999,29.33813,1.1141,0.7737,0.11516,-0.51293,0,0,0,No detectable trend
43,St. Martins Marsh Aquatic Preserve,Secchi Depth,All,Field,TRUE,1033,22,1991,2025,1991-07-09T00:00:00Z,2025-12-04T09:39:00Z,-0.9,TRUE,0.00402,0.93023,0,-0.95538,9.989,0.5314,0.00789,-0.00534,0,1,0,No detectable trend
43,St. Martins Marsh Aquatic Preserve,Total Nitrogen,All,Lab,TRUE,1537,30,1996,2025,1996-12-23T12:02:00Z,2025-12-04T09:39:00Z,0.36,TRUE,0.02472,0.82876,0.00011,0.36348,14.4542,0.2089,0.00121,-0.00108,0,1,0,No detectable trend
43,St. Martins Marsh Aquatic Preserve,Total Nitrogen,Bottom,Lab,FALSE,13,1,2024,2024,2024-01-17T10:30:00Z,2024-07-17T10:25:00Z,0.33,,,,,,,,,,,0,2,Insufficient data
43,St. Martins Marsh Aquatic Preserve,Total Nitrogen,Surface,Lab,TRUE,1521,30,1996,2025,1996-12-23T12:02:00Z,2025-12-04T09:39:00Z,0.364,TRUE,0.02358,0.8573,0.00007,0.36348,13.547,0.2591,0.00121,-0.00109,0,0,0,No detectable trend
43,St. Martins Marsh Aquatic Preserve,Total Phosphorus,All,Lab,TRUE,1526,30,1996,2025,1996-12-23T12:02:00Z,2025-11-19T09:45:00Z,0.015,TRUE,0.10462,0.03749,0.00008,0.01519,7.9216,0.7203,0.00016,0,1,1,1,Increasing trend
43,St. Martins Marsh Aquatic Preserve,Total Phosphorus,Bottom,Lab,FALSE,13,1,2024,2024,2024-01-17T10:30:00Z,2024-07-17T10:25:00Z,0.006,,,,,,,,,,,0,2,Insufficient data
43,St. Martins Marsh Aquatic Preserve,Total Phosphorus,Surface,Lab,TRUE,1510,30,1996,2025,1996-12-23T12:02:00Z,2025-11-19T09:45:00Z,0.015,TRUE,0.11983,0.01485,0.00009,0.01519,6.746,0.8193,0.00017,0.00002,1,0,1,Increasing trend
43,St. Martins Marsh Aquatic Preserve,Total Suspended Solids,All,Lab,TRUE,329,21,2005,2025,2005-12-15T10:55:00Z,2025-04-15T10:15:00Z,4.64,TRUE,0.01634,0.88859,-0.007,4.84802,13.5009,0.2619,0.06537,-0.09519,0,1,0,No detectable trend
43,St. Martins Marsh Aquatic Preserve,Total Suspended Solids,Bottom,Lab,FALSE,12,1,2024,2024,2024-01-17T10:30:00Z,2024-07-17T10:25:00Z,5.525,,,,,,,,,,,0,2,Insufficient data
43,St. Martins Marsh Aquatic Preserve,Total Suspended Solids,Surface,Lab,TRUE,317,21,2005,2025,2005-12-15T10:55:00Z,2025-04-15T10:15:00Z,4.64,TRUE,0.02428,0.95212,-0.007,4.84527,13.7518,0.247,0.06611,-0.08503,0,0,0,No detectable trend
43,St. Martins Marsh Aquatic Preserve,Turbidity,All,All,TRUE,3159,31,1995,2025,1995-01-19T09:55:00Z,2025-04-15T10:15:00Z,1.1,TRUE,0.11688,0.00962,0.01537,1.26251,4.5076,0.9527,0.02661,0.00401,1,0,1,Increasing trend
43,St. Martins Marsh Aquatic Preserve,Turbidity,All,Field,FALSE,2,2,2019,2020,2019-11-06T09:39:00Z,2020-02-19T10:44:00Z,1.45,,,,,,,,,,,0,2,Insufficient data
43,St. Martins Marsh Aquatic Preserve,Turbidity,All,Lab,TRUE,3157,31,1995,2025,1995-01-19T09:55:00Z,2025-04-15T10:15:00Z,1.1,TRUE,0.11578,0.01007,0.01563,1.26251,4.615,0.9484,0.02666,0.00401,1,1,1,Increasing trend
43,St. Martins Marsh Aquatic Preserve,Turbidity,Bottom,All,FALSE,13,1,2024,2024,2024-01-17T10:30:00Z,2024-07-17T10:25:00Z,0.68,,,,,,,,,,,0,2,Insufficient data
43,St. Martins Marsh Aquatic Preserve,Turbidity,Bottom,Lab,FALSE,13,1,2024,2024,2024-01-17T10:30:00Z,2024-07-17T10:25:00Z,0.68,,,,,,,,,,,0,2,Insufficient data
43,St. Martins Marsh Aquatic Preserve,Turbidity,Surface,All,TRUE,3146,31,1995,2025,1995-01-19T09:55:00Z,2025-04-15T10:15:00Z,1.1,TRUE,0.12672,0.00451,0.01669,1.22139,4.6555,0.9467,0.02784,0.00577,1,0,1,Increasing trend
43,St. Martins Marsh Aquatic Preserve,Turbidity,Surface,Field,FALSE,2,2,2019,2020,2019-11-06T09:39:00Z,2020-02-19T10:44:00Z,1.45,,,,,,,,,,,0,2,Insufficient data
43,St. Martins Marsh Aquatic Preserve,Turbidity,Surface,Lab,TRUE,3144,31,1995,2025,1995-01-19T09:55:00Z,2025-04-15T10:15:00Z,1.1,TRUE,0.12562,0.00474,0.01695,1.22139,4.7745,0.9416,0.02786,0.00577,1,0,1,Increasing trend
43,St. Martins Marsh Aquatic Preserve,Water Temperature,All,Field,TRUE,9155,33,1980,2025,1980-01-30T00:00:00Z,2025-12-04T09:39:00Z,22.7,TRUE,0.12444,0.00132,0.03328,21.83555,7.4463,0.7619,0.05288,0.01408,1,1,1,Increasing trend
43,St. Martins Marsh Aquatic Preserve,Water Temperature,Bottom,Field,TRUE,3218,31,1991,2025,1991-07-09T00:00:00Z,2025-12-04T09:39:00Z,23.05,TRUE,0.11195,0.0066,0.02763,22.45501,11.3107,0.4176,0.05238,0.00708,1,0,1,Increasing trend
43,St. Martins Marsh Aquatic Preserve,Water Temperature,Surface,Field,TRUE,5890,33,1980,2025,1980-01-30T00:00:00Z,2025-12-03T15:31:00Z,22.5,TRUE,0.13409,0.0008,0.03459,21.83742,9.7077,0.5569,0.05296,0.01483,1,0,1,Increasing trend
43,St. Martins Marsh Aquatic Preserve,pH,All,Field,TRUE,4817,32,1991,2025,1991-07-09T00:00:00Z,2025-12-04T09:39:00Z,8.06,TRUE,-0.15121,0.00011,-0.00437,8.10066,14.3811,0.2126,-0.00207,-0.00633,-1,1,-1,Decreasing trend
43,St. Martins Marsh Aquatic Preserve,pH,Bottom,Field,TRUE,451,11,1991,2025,1991-07-09T00:00:00Z,2025-12-04T09:39:00Z,8.01,TRUE,-0.02069,0.64647,-0.00275,8.06788,10.2548,0.5076,0.00609,-0.01266,0,0,0,No detectable trend
43,St. Martins Marsh Aquatic Preserve,pH,Surface,Field,TRUE,4319,32,1991,2025,1991-07-09T00:00:00Z,2025-12-03T15:31:00Z,8.1,TRUE,-0.1245,0.00146,-0.00377,8.10214,22.4493,0.0211,-0.00158,-0.00606,-1,0,-1,Decreasing trend
44,Terra Ceia Aquatic Preserve,"Chlorophyll a, Corrected for Pheophytin",All,Lab,FALSE,54,6,2000,2022,2000-07-31T12:45:00Z,2022-12-13T12:40:00Z,5.1,,,,,,,,,,,1,2,Insufficient data
44,Terra Ceia Aquatic Preserve,"Chlorophyll a, Corrected for Pheophytin",Bottom,Lab,FALSE,6,2,2000,2022,2000-07-31T12:45:00Z,2022-12-13T12:40:00Z,11.6,,,,,,,,,,,0,2,Insufficient data
44,Terra Ceia Aquatic Preserve,"Chlorophyll a, Corrected for Pheophytin",Surface,Lab,FALSE,48,5,2005,2022,2005-03-14T08:30:00Z,2022-04-04T13:10:00Z,4.8,,,,,,,,,,,0,2,Insufficient data
44,Terra Ceia Aquatic Preserve,"Chlorophyll a, Uncorrected for Pheophytin",All,Lab,TRUE,1093,25,1999,2025,1999-01-26T10:32:00Z,2025-11-18T11:18:00Z,3.2,TRUE,-0.09334,0.02895,-0.02291,3.46386,8.4636,0.6713,-0.00181,-0.04428,-1,1,-1,Decreasing trend
44,Terra Ceia Aquatic Preserve,"Chlorophyll a, Uncorrected for Pheophytin",Bottom,Lab,FALSE,21,5,2020,2024,2020-12-15T10:40:00Z,2024-02-20T10:53:00Z,3.5,,,,,,,,,,,0,2,Insufficient data
44,Terra Ceia Aquatic Preserve,"Chlorophyll a, Uncorrected for Pheophytin",Surface,Lab,TRUE,74,16,2000,2022,2000-07-19T00:00:00Z,2022-04-04T13:10:00Z,4.4815,TRUE,0.14548,0.08275,0.03333,3.1,8.76,0.555,0.10742,0,0,0,0,No detectable trend
44,Terra Ceia Aquatic Preserve,Colored Dissolved Organic Matter,All,Lab,FALSE,679,8,2018,2025,2018-01-09T10:06:00Z,2025-11-18T11:18:00Z,5.8,,,,,,,,,,,1,2,Insufficient data
44,Terra Ceia Aquatic Preserve,Colored Dissolved Organic Matter,Bottom,Lab,FALSE,79,8,2018,2025,2018-01-17T11:10:00Z,2025-09-24T11:51:00Z,31,,,,,,,,,,,0,2,Insufficient data
44,Terra Ceia Aquatic Preserve,Colored Dissolved Organic Matter,Surface,Lab,FALSE,412,8,2018,2025,2018-01-09T10:06:00Z,2025-09-10T11:02:00Z,6,,,,,,,,,,,0,2,Insufficient data
44,Terra Ceia Aquatic Preserve,Dissolved Oxygen,All,Field,TRUE,25110,37,1989,2025,1989-04-19T00:00:00Z,2025-11-18T11:19:00Z,6.52,TRUE,-0.0277,0.4223,-0.00282,6.649,12.085,0.3573,0.00519,-0.00997,0,1,0,No detectable trend
44,Terra Ceia Aquatic Preserve,Dissolved Oxygen,Bottom,Field,TRUE,3569,33,1993,2025,1993-09-21T10:09:00Z,2025-11-18T11:18:00Z,6.12,TRUE,0.03821,0.33281,0.0052,6.25953,14.6459,0.1993,0.01477,-0.00428,0,0,0,No detectable trend
44,Terra Ceia Aquatic Preserve,Dissolved Oxygen,Surface,Field,TRUE,18414,37,1989,2025,1989-04-19T00:00:00Z,2025-11-18T11:19:00Z,6.7,TRUE,-0.01422,0.67393,-0.00141,6.72668,12.3232,0.3398,0.00668,-0.00909,0,0,0,No detectable trend
44,Terra Ceia Aquatic Preserve,Dissolved Oxygen Saturation,All,Field,TRUE,5224,33,1993,2025,1993-09-21T09:15:00Z,2025-11-18T11:19:00Z,90.3,TRUE,0.09554,0.10815,0.09583,86.30112,15.9728,0.1421,0.19942,-0.01172,0,1,0,No detectable trend
44,Terra Ceia Aquatic Preserve,Dissolved Oxygen Saturation,Bottom,Field,TRUE,2306,33,1993,2025,1993-09-21T10:09:00Z,2025-11-18T11:18:00Z,89,TRUE,-0.04518,0.22728,-0.08125,87.15347,8.5886,0.6598,0.05115,-0.21057,0,0,0,No detectable trend
44,Terra Ceia Aquatic Preserve,Dissolved Oxygen Saturation,Surface,Field,TRUE,2190,33,1993,2025,1993-09-21T09:15:00Z,2025-11-18T11:19:00Z,92.4,TRUE,0.20276,0.00009,0.23025,83.75984,16.6941,0.1173,0.34035,0.12672,1,0,1,Increasing trend
44,Terra Ceia Aquatic Preserve,Salinity,All,All,TRUE,25494,49,1966,2025,1966-10-31T00:00:00Z,2025-11-18T11:19:00Z,30.6,TRUE,-0.04821,0.14402,-0.0134,30.98007,9.5525,0.571,0.0041,-0.02947,0,1,0,No detectable trend
44,Terra Ceia Aquatic Preserve,Salinity,All,Field,TRUE,25494,49,1966,2025,1966-10-31T00:00:00Z,2025-11-18T11:19:00Z,30.6,TRUE,-0.04821,0.14402,-0.0134,30.98007,9.5525,0.571,0.0041,-0.02947,0,0,0,No detectable trend
44,Terra Ceia Aquatic Preserve,Salinity,Bottom,All,TRUE,3442,33,1993,2025,1993-09-21T10:09:00Z,2025-11-18T11:18:00Z,30,TRUE,-0.22297,0,-0.105,32.34103,9.4401,0.5813,-0.06935,-0.13595,-1,0,-1,Decreasing trend
44,Terra Ceia Aquatic Preserve,Salinity,Bottom,Field,TRUE,3442,33,1993,2025,1993-09-21T10:09:00Z,2025-11-18T11:18:00Z,30,TRUE,-0.223,0,-0.10341,32.35458,9.4017,0.5849,-0.06886,-0.1354,-1,0,-1,Decreasing trend
44,Terra Ceia Aquatic Preserve,Salinity,Surface,All,TRUE,18898,49,1966,2025,1966-10-31T00:00:00Z,2025-11-18T11:19:00Z,30.6,TRUE,-0.0055,0.80105,-0.00253,30.41091,11.8084,0.3782,0.01633,-0.02157,0,0,0,No detectable trend
44,Terra Ceia Aquatic Preserve,Salinity,Surface,Field,TRUE,18898,49,1966,2025,1966-10-31T00:00:00Z,2025-11-18T11:19:00Z,30.6,TRUE,-0.0055,0.80105,-0.00253,30.41091,11.8084,0.3782,0.01633,-0.02157,0,0,0,No detectable trend
44,Terra Ceia Aquatic Preserve,Secchi Depth,All,Field,TRUE,10398,31,1995,2025,1995-03-13T00:00:00Z,2025-11-18T11:18:00Z,-1,TRUE,-0.35029,0,-0.02378,-0.90113,8.0465,0.7091,-0.01925,-0.0283,-1,1,-1,Decreasing trend
44,Terra Ceia Aquatic Preserve,Total Nitrogen,All,Lab,TRUE,2444,31,1995,2025,1995-11-27T10:40:00Z,2025-11-18T11:18:00Z,0.3765,TRUE,-0.24302,0,-0.00655,0.57194,3.2804,0.9865,-0.00461,-0.0084,-1,1,-1,Decreasing trend
44,Terra Ceia Aquatic Preserve,Total Nitrogen,Bottom,Lab,FALSE,79,9,2000,2025,2000-07-31T12:45:00Z,2025-09-24T11:51:00Z,0.785,,,,,,,,,,,0,2,Insufficient data
44,Terra Ceia Aquatic Preserve,Total Nitrogen,Surface,Lab,TRUE,1420,31,1995,2025,1995-11-27T10:40:00Z,2025-09-10T11:02:00Z,0.425,TRUE,-0.17397,0.00003,-0.00738,0.62334,7.3875,0.7669,-0.00401,-0.01089,-1,0,-1,Decreasing trend
44,Terra Ceia Aquatic Preserve,Total Phosphorus,All,Lab,TRUE,3277,31,1995,2025,1995-11-27T10:40:00Z,2025-11-18T11:18:00Z,0.106,TRUE,-0.10809,0.00367,-0.00106,0.15264,18.0798,0.0797,-0.00036,-0.00171,-1,1,-1,Decreasing trend
44,Terra Ceia Aquatic Preserve,Total Phosphorus,Bottom,Lab,FALSE,80,9,2000,2025,2000-07-31T12:45:00Z,2025-09-24T11:51:00Z,0.272,,,,,,,,,,,0,2,Insufficient data
44,Terra Ceia Aquatic Preserve,Total Phosphorus,Surface,Lab,TRUE,2206,31,1995,2025,1995-11-27T10:40:00Z,2025-09-03T12:01:00Z,0.118,TRUE,-0.11455,0.00309,-0.00177,0.17893,6.8295,0.8127,-0.00059,-0.00301,-1,0,-1,Decreasing trend
44,Terra Ceia Aquatic Preserve,Total Suspended Solids,All,Lab,TRUE,1723,31,1995,2025,1995-11-27T10:40:00Z,2025-09-24T11:51:00Z,10.7,TRUE,-0.4038,0,-0.58483,19.08939,6.604,0.8302,-0.4583,-0.70757,-1,1,-1,Decreasing trend
44,Terra Ceia Aquatic Preserve,Total Suspended Solids,Bottom,Lab,FALSE,69,9,2000,2025,2000-07-31T12:45:00Z,2025-09-24T11:51:00Z,5.6,,,,,,,,,,,0,2,Insufficient data
44,Terra Ceia Aquatic Preserve,Total Suspended Solids,Surface,Lab,TRUE,1611,31,1995,2025,1995-11-27T10:40:00Z,2025-09-10T11:02:00Z,11,TRUE,-0.35657,0,-0.57778,19.4915,8.2991,0.6863,-0.43333,-0.71509,-1,0,-1,Decreasing trend
44,Terra Ceia Aquatic Preserve,Turbidity,All,All,TRUE,8151,31,1995,2025,1995-01-25T08:15:00Z,2025-11-18T11:18:00Z,1.9,TRUE,-0.00052,1,0,2.16386,12.3126,0.3406,0.01116,-0.01021,0,0,0,No detectable trend
44,Terra Ceia Aquatic Preserve,Turbidity,All,Field,FALSE,20,8,2000,2025,2000-04-19T10:40:00Z,2025-04-29T11:14:00Z,3.05,,,,,,,,,,,0,2,Insufficient data
44,Terra Ceia Aquatic Preserve,Turbidity,All,Lab,TRUE,8131,31,1995,2025,1995-01-25T08:15:00Z,2025-11-18T11:18:00Z,1.9,TRUE,0.00276,0.9288,0.00047,2.15566,12.0006,0.3636,0.0114,-0.00979,0,1,0,No detectable trend
44,Terra Ceia Aquatic Preserve,Turbidity,Bottom,All,FALSE,83,9,2000,2025,2000-07-31T12:45:00Z,2025-09-24T11:51:00Z,3.2,,,,,,,,,,,0,2,Insufficient data
44,Terra Ceia Aquatic Preserve,Turbidity,Bottom,Lab,FALSE,83,9,2000,2025,2000-07-31T12:45:00Z,2025-09-24T11:51:00Z,3.2,,,,,,,,,,,0,2,Insufficient data
44,Terra Ceia Aquatic Preserve,Turbidity,Surface,All,TRUE,7110,31,1995,2025,1995-01-25T08:15:00Z,2025-09-10T11:02:00Z,1.8,TRUE,-0.06937,0.06957,-0.01111,2.44362,13.3962,0.2682,0.00057,-0.02351,0,0,0,No detectable trend
44,Terra Ceia Aquatic Preserve,Turbidity,Surface,Field,FALSE,17,8,2000,2025,2000-04-19T10:40:00Z,2025-04-29T11:14:00Z,2.5,,,,,,,,,,,0,2,Insufficient data
44,Terra Ceia Aquatic Preserve,Turbidity,Surface,Lab,TRUE,7093,31,1995,2025,1995-01-25T08:15:00Z,2025-09-10T11:02:00Z,1.8,TRUE,-0.0656,0.08605,-0.01072,2.44385,12.9018,0.2998,0.0013,-0.02318,0,0,0,No detectable trend
44,Terra Ceia Aquatic Preserve,Water Temperature,All,Field,TRUE,26272,51,1966,2025,1966-10-31T00:00:00Z,2025-11-18T11:19:00Z,26.7,TRUE,0.0907,0.00767,0.01344,24.99941,14.8916,0.1875,0.02308,0.00351,1,1,1,Increasing trend
44,Terra Ceia Aquatic Preserve,Water Temperature,Bottom,Field,TRUE,3635,33,1993,2025,1993-09-21T10:09:00Z,2025-11-18T11:18:00Z,28.11,TRUE,0.08522,0.02576,0.02176,24.95166,16.9621,0.109,0.03768,0.00264,1,0,1,Increasing trend
44,Terra Ceia Aquatic Preserve,Water Temperature,Surface,Field,TRUE,19433,51,1966,2025,1966-10-31T00:00:00Z,2025-11-18T11:19:00Z,26.2,TRUE,0.08182,0.01635,0.01249,24.95596,13.7205,0.2488,0.02239,0.0023,1,0,1,Increasing trend
44,Terra Ceia Aquatic Preserve,pH,All,Field,TRUE,23347,37,1989,2025,1989-04-19T00:00:00Z,2025-11-18T11:19:00Z,8,TRUE,-0.09489,0.00853,-0.00161,8.0431,4.9836,0.932,-0.00046,-0.00293,-1,1,-1,Decreasing trend
44,Terra Ceia Aquatic Preserve,pH,Bottom,Field,TRUE,2293,33,1993,2025,1993-09-21T10:09:00Z,2025-11-18T11:18:00Z,8.05,TRUE,-0.15301,0.00011,-0.00441,8.10905,13.6965,0.2502,-0.00243,-0.00667,-1,0,-1,Decreasing trend
44,Terra Ceia Aquatic Preserve,pH,Surface,Field,TRUE,17964,37,1989,2025,1989-04-19T00:00:00Z,2025-11-18T11:19:00Z,8,TRUE,-0.07407,0.03739,-0.00153,8.02948,4.4059,0.9565,-0.00006,-0.00297,-1,0,-1,Decreasing trend
45,Tomoka Marsh Aquatic Preserve,"Chlorophyll a, Corrected for Pheophytin",All,Lab,FALSE,324,9,2002,2025,2002-06-24T10:20:00Z,2025-09-10T11:35:00Z,6.31455,,,,,,,,,,,1,2,Insufficient data
45,Tomoka Marsh Aquatic Preserve,"Chlorophyll a, Corrected for Pheophytin",Bottom,Lab,FALSE,177,6,2020,2025,2020-05-06T09:33:00Z,2025-09-10T11:17:00Z,6.52243,,,,,,,,,,,0,2,Insufficient data
45,Tomoka Marsh Aquatic Preserve,"Chlorophyll a, Corrected for Pheophytin",Surface,Lab,FALSE,146,9,2002,2025,2002-06-24T10:20:00Z,2025-09-10T11:35:00Z,6.22365,,,,,,,,,,,0,2,Insufficient data
45,Tomoka Marsh Aquatic Preserve,"Chlorophyll a, Uncorrected for Pheophytin",All,Lab,FALSE,351,9,2000,2025,2000-10-10T00:00:00Z,2025-09-10T11:35:00Z,7.94587,,,,,,,,,,,1,2,Insufficient data
45,Tomoka Marsh Aquatic Preserve,"Chlorophyll a, Uncorrected for Pheophytin",Bottom,Lab,FALSE,186,6,2020,2025,2020-05-06T09:33:00Z,2025-09-10T11:17:00Z,8.49888,,,,,,,,,,,0,2,Insufficient data
45,Tomoka Marsh Aquatic Preserve,"Chlorophyll a, Uncorrected for Pheophytin",Surface,Lab,FALSE,165,9,2000,2025,2000-10-10T00:00:00Z,2025-09-10T11:35:00Z,7.836,,,,,,,,,,,0,2,Insufficient data
45,Tomoka Marsh Aquatic Preserve,Colored Dissolved Organic Matter,All,Lab,FALSE,313,7,2001,2025,2001-01-15T00:00:00Z,2025-09-10T11:35:00Z,56.2028,,,,,,,,,,,1,2,Insufficient data
45,Tomoka Marsh Aquatic Preserve,Colored Dissolved Organic Matter,Bottom,Lab,FALSE,182,6,2020,2025,2020-05-06T09:33:00Z,2025-09-10T11:17:00Z,60.42876,,,,,,,,,,,0,2,Insufficient data
45,Tomoka Marsh Aquatic Preserve,Colored Dissolved Organic Matter,Surface,Lab,FALSE,131,7,2001,2025,2001-01-15T00:00:00Z,2025-09-10T11:35:00Z,52.69545,,,,,,,,,,,0,2,Insufficient data
45,Tomoka Marsh Aquatic Preserve,Dissolved Oxygen,All,Field,TRUE,759,26,1997,2025,1997-06-26T11:30:00Z,2025-09-10T11:35:00Z,5.41,TRUE,0.02125,0.7954,-0.00176,4.97338,20.6236,0.0375,0.01599,-0.02236,0,1,0,No detectable trend
45,Tomoka Marsh Aquatic Preserve,Dissolved Oxygen,Bottom,Field,TRUE,489,26,1997,2025,1997-06-26T11:30:00Z,2025-09-10T11:17:00Z,5.29,TRUE,0.01614,0.65902,-0.00631,4.45444,20.6163,0.0376,0.01703,-0.02721,0,0,0,No detectable trend
45,Tomoka Marsh Aquatic Preserve,Dissolved Oxygen,Surface,Field,TRUE,267,25,1998,2025,1998-10-13T11:00:00Z,2025-09-10T11:35:00Z,5.62,TRUE,0.03425,0.97627,0,4.92036,19.248,0.0568,0.02428,-0.02458,0,0,0,No detectable trend
45,Tomoka Marsh Aquatic Preserve,Dissolved Oxygen Saturation,All,Field,TRUE,464,12,2009,2025,2009-01-06T13:23:00Z,2025-09-10T11:35:00Z,71.4,TRUE,0.15469,0.02313,0.68764,68.52066,23.085,0.0172,1.35812,0.03955,1,1,1,Increasing trend
45,Tomoka Marsh Aquatic Preserve,Dissolved Oxygen Saturation,Bottom,Field,TRUE,331,12,2009,2025,2009-01-06T13:23:00Z,2025-09-10T11:17:00Z,69,TRUE,0.17033,0.02461,0.82808,65.35,16.2395,0.1325,1.3437,0.16736,1,0,1,Increasing trend
45,Tomoka Marsh Aquatic Preserve,Dissolved Oxygen Saturation,Surface,Field,TRUE,133,12,2009,2025,2009-12-09T14:05:00Z,2025-09-10T11:35:00Z,77.9,TRUE,0.12087,0.04893,0.87273,76.81174,29.9393,0.0016,1.54797,0.09155,1,0,1,Increasing trend
45,Tomoka Marsh Aquatic Preserve,Salinity,All,All,TRUE,752,25,1998,2025,1998-10-13T10:30:00Z,2025-09-10T11:35:00Z,15.915,TRUE,-0.00747,1,0.00278,14.54189,14.7136,0.196,0.18047,-0.1331,0,1,0,No detectable trend
45,Tomoka Marsh Aquatic Preserve,Salinity,All,Field,TRUE,750,25,1998,2025,1998-10-13T10:30:00Z,2025-09-10T11:35:00Z,15.945,TRUE,-0.01454,0.89369,-0.00973,14.54189,14.303,0.2167,0.16859,-0.14809,0,0,0,No detectable trend
45,Tomoka Marsh Aquatic Preserve,Salinity,All,Lab,FALSE,2,1,2002,2002,2002-06-24T10:20:00Z,2002-06-24T10:22:00Z,6.15,,,,,,,,,,,0,2,Insufficient data
45,Tomoka Marsh Aquatic Preserve,Salinity,Bottom,All,TRUE,493,25,1998,2025,1998-10-13T10:30:00Z,2025-09-10T11:17:00Z,15.85,TRUE,0.07058,0.13567,0.08842,12.29477,14.815,0.1911,0.29014,-0.04873,0,0,0,No detectable trend
45,Tomoka Marsh Aquatic Preserve,Salinity,Bottom,Field,TRUE,492,25,1998,2025,1998-10-13T10:30:00Z,2025-09-10T11:17:00Z,15.88,TRUE,0.06664,0.15912,0.08261,12.29477,14.6797,0.1976,0.2782,-0.05236,0,0,0,No detectable trend
45,Tomoka Marsh Aquatic Preserve,Salinity,Bottom,Lab,FALSE,1,1,2002,2002,2002-06-24T10:22:00Z,2002-06-24T10:22:00Z,7.1,,,,,,,,,,,0,2,Insufficient data
45,Tomoka Marsh Aquatic Preserve,Salinity,Surface,All,TRUE,256,25,1998,2025,1998-10-13T11:00:00Z,2025-09-10T11:35:00Z,15.91,TRUE,-0.05339,0.37925,-0.04435,16.66074,8.7913,0.6412,0.10099,-0.2479,0,0,0,No detectable trend
45,Tomoka Marsh Aquatic Preserve,Salinity,Surface,Field,TRUE,255,25,1998,2025,1998-10-13T11:00:00Z,2025-09-10T11:35:00Z,15.92,TRUE,-0.06184,0.29994,-0.05652,16.66074,8.7407,0.6458,0.09213,-0.25532,0,0,0,No detectable trend
45,Tomoka Marsh Aquatic Preserve,Salinity,Surface,Lab,FALSE,1,1,2002,2002,2002-06-24T10:20:00Z,2002-06-24T10:20:00Z,5.2,,,,,,,,,,,0,2,Insufficient data
45,Tomoka Marsh Aquatic Preserve,Secchi Depth,All,Field,TRUE,384,12,2000,2025,2000-03-06T00:00:00Z,2025-09-10T11:35:00Z,-0.6,TRUE,0.0817,0.51217,0.00182,-0.58813,29.846,0.0017,0.00686,-0.00417,0,1,0,No detectable trend
45,Tomoka Marsh Aquatic Preserve,Total Nitrogen,All,Lab,TRUE,417,22,1997,2025,1997-06-26T11:30:00Z,2025-04-07T10:40:00Z,0.7879,TRUE,-0.21496,0.00026,-0.00988,1.03206,30.7709,0.0012,-0.00503,-0.01439,-1,1,-1,Decreasing trend
45,Tomoka Marsh Aquatic Preserve,Total Nitrogen,Bottom,Lab,FALSE,93,6,2020,2025,2020-05-06T09:33:00Z,2025-04-07T10:07:00Z,0.783,,,,,,,,,,,0,2,Insufficient data
45,Tomoka Marsh Aquatic Preserve,Total Nitrogen,Surface,Lab,TRUE,320,22,1997,2025,1997-06-26T11:30:00Z,2025-04-07T10:40:00Z,0.7927,TRUE,-0.25097,0.00003,-0.01318,1.06242,26.1635,0.0061,-0.00779,-0.01821,-1,0,-1,Decreasing trend
45,Tomoka Marsh Aquatic Preserve,Total Phosphorus,All,Lab,TRUE,775,26,1997,2025,1997-06-26T11:30:00Z,2025-09-10T11:35:00Z,0.0962,TRUE,0.0507,0.71264,0.00015,0.0979,15.863,0.1463,0.00084,-0.00044,0,1,0,No detectable trend
45,Tomoka Marsh Aquatic Preserve,Total Phosphorus,Bottom,Lab,FALSE,269,6,2020,2025,2020-05-06T09:33:00Z,2025-09-10T11:17:00Z,0.1015,,,,,,,,,,,0,2,Insufficient data
45,Tomoka Marsh Aquatic Preserve,Total Phosphorus,Surface,Lab,TRUE,501,26,1997,2025,1997-06-26T11:30:00Z,2025-09-10T11:35:00Z,0.0942,TRUE,-0.04421,0.22055,-0.0005,0.09649,17.8894,0.0842,0.00034,-0.001,0,0,0,No detectable trend
45,Tomoka Marsh Aquatic Preserve,Total Suspended Solids,All,Lab,TRUE,486,26,1997,2025,1997-06-26T11:30:00Z,2025-09-10T11:35:00Z,14,TRUE,-0.07451,0.03275,-0.20833,14.99022,17.4012,0.0966,-0.00789,-0.38739,-1,1,-1,Decreasing trend
45,Tomoka Marsh Aquatic Preserve,Total Suspended Solids,Bottom,Lab,FALSE,165,6,2020,2025,2020-05-06T09:33:00Z,2025-09-10T11:17:00Z,14,,,,,,,,,,,0,2,Insufficient data
45,Tomoka Marsh Aquatic Preserve,Total Suspended Solids,Surface,Lab,TRUE,318,26,1997,2025,1997-06-26T11:30:00Z,2025-09-10T11:35:00Z,14.3001,TRUE,-0.09523,0.03207,-0.21339,17.93125,11.3138,0.4174,-0.00922,-0.37501,-1,0,-1,Decreasing trend
45,Tomoka Marsh Aquatic Preserve,Turbidity,All,All,TRUE,534,26,1997,2025,1997-06-26T11:30:00Z,2025-09-10T11:35:00Z,7.14,TRUE,0.04417,0.34868,0.03345,7.19532,13.1974,0.2806,0.11943,-0.02726,0,0,0,No detectable trend
45,Tomoka Marsh Aquatic Preserve,Turbidity,All,Field,FALSE,1,1,2009,2009,2009-04-14T13:00:00Z,2009-04-14T13:00:00Z,18.1,,,,,,,,,,,0,2,Insufficient data
45,Tomoka Marsh Aquatic Preserve,Turbidity,All,Lab,TRUE,533,26,1997,2025,1997-06-26T11:30:00Z,2025-09-10T11:35:00Z,7.12,TRUE,0.04555,0.33469,0.03382,7.19532,13.5348,0.2598,0.11943,-0.02726,0,1,0,No detectable trend
45,Tomoka Marsh Aquatic Preserve,Turbidity,Bottom,All,FALSE,188,7,2009,2025,2009-04-14T13:00:00Z,2025-09-10T11:17:00Z,6.88659,,,,,,,,,,,0,2,Insufficient data
45,Tomoka Marsh Aquatic Preserve,Turbidity,Bottom,Field,FALSE,1,1,2009,2009,2009-04-14T13:00:00Z,2009-04-14T13:00:00Z,18.1,,,,,,,,,,,0,2,Insufficient data
45,Tomoka Marsh Aquatic Preserve,Turbidity,Bottom,Lab,FALSE,187,6,2020,2025,2020-05-06T09:33:00Z,2025-09-10T11:17:00Z,6.8837,,,,,,,,,,,0,2,Insufficient data
45,Tomoka Marsh Aquatic Preserve,Turbidity,Surface,All,TRUE,342,26,1997,2025,1997-06-26T11:30:00Z,2025-09-10T11:35:00Z,7.3,TRUE,0.00439,0.59553,0.02006,8.59317,12.1039,0.3559,0.09284,-0.04823,0,0,0,No detectable trend
45,Tomoka Marsh Aquatic Preserve,Turbidity,Surface,Lab,TRUE,342,26,1997,2025,1997-06-26T11:30:00Z,2025-09-10T11:35:00Z,7.3,TRUE,0.00439,0.59553,0.02006,8.59317,12.1039,0.3559,0.09284,-0.04823,0,0,0,No detectable trend
45,Tomoka Marsh Aquatic Preserve,Water Temperature,All,Field,TRUE,775,26,1997,2025,1997-06-26T11:30:00Z,2025-09-10T11:35:00Z,25,TRUE,0.14464,0.00924,0.04286,24.44885,17.1233,0.1043,0.08152,0.01256,1,1,1,Increasing trend
45,Tomoka Marsh Aquatic Preserve,Water Temperature,Bottom,Field,TRUE,501,26,1997,2025,1997-06-26T11:30:00Z,2025-09-10T11:17:00Z,24.98,TRUE,0.10654,0.10969,0.03441,23.7088,18.9015,0.0629,0.07427,-0.00796,0,0,0,No detectable trend
45,Tomoka Marsh Aquatic Preserve,Water Temperature,Surface,Field,TRUE,271,25,1998,2025,1998-10-13T11:00:00Z,2025-09-10T11:35:00Z,25.1,TRUE,0.14019,0.02255,0.04615,24.00835,13.6549,0.2527,0.09094,0.00737,1,0,1,Increasing trend
45,Tomoka Marsh Aquatic Preserve,pH,All,Field,TRUE,748,26,1997,2025,1997-06-26T11:30:00Z,2025-09-10T11:35:00Z,7.54,TRUE,0.10928,0.10617,0.00417,7.40872,19.7858,0.0484,0.00904,-0.00099,0,1,0,No detectable trend
45,Tomoka Marsh Aquatic Preserve,pH,Bottom,Field,TRUE,499,26,1997,2025,1997-06-26T11:30:00Z,2025-09-10T11:17:00Z,7.5,TRUE,0.06493,0.44757,0.0015,7.43904,19.6441,0.0505,0.00717,-0.00295,0,0,0,No detectable trend
45,Tomoka Marsh Aquatic Preserve,pH,Surface,Field,TRUE,246,25,1998,2025,1998-10-13T11:00:00Z,2025-09-10T11:35:00Z,7.6,TRUE,0.08355,0.2714,0.00333,7.5325,11.4484,0.4065,0.00923,-0.00267,0,0,0,No detectable trend
47,Yellow River Marsh Aquatic Preserve,"Chlorophyll a, Corrected for Pheophytin",All,Lab,TRUE,151,19,2002,2025,2002-04-11T00:00:00Z,2025-12-01T11:45:00Z,3.49,TRUE,-0.36975,0,-0.16833,5.30057,15.1252,0.1768,-0.10379,-0.24554,-1,1,-1,Decreasing trend
47,Yellow River Marsh Aquatic Preserve,"Chlorophyll a, Corrected for Pheophytin",Surface,Lab,TRUE,126,19,2002,2025,2002-04-11T00:00:00Z,2025-12-01T11:45:00Z,3.295,TRUE,-0.30071,0.00003,-0.13429,4.208,16.6379,0.1191,-0.07505,-0.19778,-1,0,-1,Decreasing trend
47,Yellow River Marsh Aquatic Preserve,"Chlorophyll a, Uncorrected for Pheophytin",All,Lab,TRUE,73,13,2001,2025,2001-02-26T00:00:00Z,2025-12-01T11:45:00Z,2.7,TRUE,-0.09477,0.36797,-0.0745,3.8525,10.3773,0.408,0.05012,-0.18406,0,1,0,No detectable trend
47,Yellow River Marsh Aquatic Preserve,"Chlorophyll a, Uncorrected for Pheophytin",Surface,Lab,TRUE,72,13,2001,2025,2001-02-26T00:00:00Z,2025-12-01T11:45:00Z,2.65,TRUE,-0.09477,0.36797,-0.0745,3.8525,10.3773,0.408,0.05012,-0.18406,0,0,0,No detectable trend
47,Yellow River Marsh Aquatic Preserve,Colored Dissolved Organic Matter,All,Lab,FALSE,36,7,2001,2025,2001-02-26T00:00:00Z,2025-12-01T11:45:00Z,27,,,,,,,,,,,1,2,Insufficient data
47,Yellow River Marsh Aquatic Preserve,Colored Dissolved Organic Matter,Surface,Lab,FALSE,36,7,2001,2025,2001-02-26T00:00:00Z,2025-12-01T11:45:00Z,27,,,,,,,,,,,0,2,Insufficient data
47,Yellow River Marsh Aquatic Preserve,Dissolved Oxygen,All,Field,TRUE,1129,31,1995,2025,1995-02-22T13:49:00Z,2025-12-01T11:45:00Z,7.18,TRUE,-0.05916,0.08374,-0.01833,7.42086,14.3811,0.2126,0.00175,-0.04149,0,1,0,No detectable trend
47,Yellow River Marsh Aquatic Preserve,Dissolved Oxygen,Bottom,Field,TRUE,373,30,1995,2025,1995-02-22T13:49:00Z,2025-12-01T11:45:00Z,7.1,TRUE,-0.12958,0.00273,-0.05398,7.31417,22.9839,0.0178,-0.01941,-0.08943,-1,0,-1,Decreasing trend
47,Yellow River Marsh Aquatic Preserve,Dissolved Oxygen,Surface,Field,TRUE,688,31,1995,2025,1995-02-22T13:49:00Z,2025-12-01T11:45:00Z,7.3,TRUE,-0.08173,0.04242,-0.01789,7.50955,8.7885,0.6414,-0.00079,-0.03904,-1,0,-1,Decreasing trend
47,Yellow River Marsh Aquatic Preserve,Dissolved Oxygen Saturation,All,Field,TRUE,193,17,2002,2025,2002-06-05T00:00:00Z,2025-12-01T11:45:00Z,75.38,TRUE,-0.10155,0.22395,-0.36364,74.49593,11.4566,0.4058,0.22941,-0.78946,0,1,0,No detectable trend
47,Yellow River Marsh Aquatic Preserve,Dissolved Oxygen Saturation,Bottom,Field,FALSE,50,8,2017,2025,2017-08-28T12:55:00Z,2025-12-01T11:45:00Z,69,,,,,,,,,,,0,2,Insufficient data
47,Yellow River Marsh Aquatic Preserve,Dissolved Oxygen Saturation,Surface,Field,TRUE,107,17,2002,2025,2002-06-05T00:00:00Z,2025-12-01T11:45:00Z,79.4,TRUE,-0.18505,0.06795,-0.43955,85.97794,8.5172,0.5785,0.05623,-0.90953,0,0,0,No detectable trend
47,Yellow River Marsh Aquatic Preserve,Salinity,All,All,TRUE,1210,31,1995,2025,1995-04-18T13:05:00Z,2025-12-01T11:45:00Z,10.95,TRUE,-0.18874,0.00008,-0.25432,13.38403,10.4774,0.488,-0.12944,-0.36404,-1,1,-1,Decreasing trend
47,Yellow River Marsh Aquatic Preserve,Salinity,All,Field,TRUE,1210,31,1995,2025,1995-04-18T13:05:00Z,2025-12-01T11:45:00Z,10.95,TRUE,-0.18874,0.00008,-0.25432,13.38403,10.4774,0.488,-0.12944,-0.36404,-1,0,-1,Decreasing trend
47,Yellow River Marsh Aquatic Preserve,Salinity,Bottom,All,TRUE,443,30,1995,2025,1995-04-18T13:05:00Z,2025-12-01T11:45:00Z,16.4,TRUE,-0.09993,0.13701,-0.12042,18.14769,6.5251,0.8361,0.0148,-0.28337,0,0,0,No detectable trend
47,Yellow River Marsh Aquatic Preserve,Salinity,Bottom,Field,TRUE,443,30,1995,2025,1995-04-18T13:05:00Z,2025-12-01T11:45:00Z,16.4,TRUE,-0.09993,0.13701,-0.12042,18.14769,6.5251,0.8361,0.0148,-0.28337,0,0,0,No detectable trend
47,Yellow River Marsh Aquatic Preserve,Salinity,Surface,All,TRUE,711,31,1995,2025,1995-04-18T13:05:00Z,2025-12-01T11:45:00Z,7.8,TRUE,-0.20063,0.00002,-0.23784,12.45832,10.6214,0.4755,-0.12191,-0.35742,-1,0,-1,Decreasing trend
47,Yellow River Marsh Aquatic Preserve,Salinity,Surface,Field,TRUE,711,31,1995,2025,1995-04-18T13:05:00Z,2025-12-01T11:45:00Z,7.8,TRUE,-0.20063,0.00002,-0.23784,12.45832,10.6214,0.4755,-0.12191,-0.35742,-1,0,-1,Decreasing trend
47,Yellow River Marsh Aquatic Preserve,Secchi Depth,All,Field,TRUE,246,14,2001,2025,2001-02-26T00:00:00Z,2025-12-01T11:45:00Z,-0.8,TRUE,-0.35722,0.00156,-0.05667,-0.24043,10.7957,0.3737,-0.01996,-0.11585,-1,1,-1,Decreasing trend
47,Yellow River Marsh Aquatic Preserve,Total Nitrogen,All,Lab,TRUE,116,18,2001,2025,2001-02-26T00:00:00Z,2025-12-01T11:45:00Z,0.3245,TRUE,0.18044,0.05186,0.00848,0.21123,7.3575,0.7694,0.01547,-0.00011,0,1,0,No detectable trend
47,Yellow River Marsh Aquatic Preserve,Total Nitrogen,Surface,Lab,TRUE,106,18,2001,2025,2001-02-26T00:00:00Z,2025-12-01T11:45:00Z,0.335,TRUE,0.19846,0.04143,0.0082,0.21123,8.9417,0.6273,0.01571,0.00033,1,0,1,Increasing trend
47,Yellow River Marsh Aquatic Preserve,Total Phosphorus,All,Lab,TRUE,112,17,2001,2025,2001-02-26T00:00:00Z,2025-12-01T11:45:00Z,0.01185,TRUE,0.19668,0.0953,0.00034,0.00582,4.3377,0.959,0.00055,0,0,1,0,No detectable trend
47,Yellow River Marsh Aquatic Preserve,Total Phosphorus,Surface,Lab,TRUE,102,16,2001,2025,2001-02-26T00:00:00Z,2025-12-01T11:45:00Z,0.012,TRUE,0.14537,0.27826,0.00028,0.00583,5.9629,0.8758,0.00055,-0.0002,0,0,0,No detectable trend
47,Yellow River Marsh Aquatic Preserve,Total Suspended Solids,All,Lab,TRUE,54,10,2009,2025,2009-10-07T00:00:00Z,2025-12-01T11:45:00Z,3.17,TRUE,-0.10952,0.63148,-0.006,3.41786,9.3728,0.5875,0.06179,-0.16667,0,1,0,No detectable trend
47,Yellow River Marsh Aquatic Preserve,Total Suspended Solids,Surface,Lab,TRUE,53,10,2009,2025,2009-10-07T00:00:00Z,2025-12-01T11:45:00Z,3.14,TRUE,-0.165,0.5631,-0.0075,3.46071,7.7782,0.6505,0.06413,-0.16667,0,0,0,No detectable trend
47,Yellow River Marsh Aquatic Preserve,Turbidity,All,All,TRUE,602,26,1995,2025,1995-01-09T13:21:00Z,2025-12-01T11:45:00Z,2.5,TRUE,0.07296,0.45731,0.0127,1.92699,20.3858,0.0403,0.03962,-0.02216,0,0,0,No detectable trend
47,Yellow River Marsh Aquatic Preserve,Turbidity,All,Field,FALSE,4,2,2017,2018,2017-10-19T12:40:00Z,2018-11-26T11:05:00Z,6.9,,,,,,,,,,,0,2,Insufficient data
47,Yellow River Marsh Aquatic Preserve,Turbidity,All,Lab,TRUE,598,26,1995,2025,1995-01-09T13:21:00Z,2025-12-01T11:45:00Z,2.485,TRUE,0.07412,0.44358,0.0127,1.92699,20.4604,0.0394,0.04091,-0.02157,0,1,0,No detectable trend
47,Yellow River Marsh Aquatic Preserve,Turbidity,Surface,All,TRUE,601,26,1995,2025,1995-01-09T13:21:00Z,2025-12-01T11:45:00Z,2.5,TRUE,0.06528,0.53688,0.00967,1.92699,19.3455,0.0552,0.03895,-0.025,0,0,0,No detectable trend
47,Yellow River Marsh Aquatic Preserve,Turbidity,Surface,Field,FALSE,4,2,2017,2018,2017-10-19T12:40:00Z,2018-11-26T11:05:00Z,6.9,,,,,,,,,,,0,2,Insufficient data
47,Yellow River Marsh Aquatic Preserve,Turbidity,Surface,Lab,TRUE,597,26,1995,2025,1995-01-09T13:21:00Z,2025-12-01T11:45:00Z,2.47,TRUE,0.06644,0.5219,0.01,1.92699,19.426,0.0539,0.03934,-0.025,0,0,0,No detectable trend
47,Yellow River Marsh Aquatic Preserve,Water Temperature,All,Field,TRUE,1255,31,1995,2025,1995-02-22T13:49:00Z,2025-12-01T11:45:00Z,22,TRUE,-0.02481,0.47687,-0.01221,22.19026,11.2162,0.4253,0.02094,-0.04935,0,1,0,No detectable trend
47,Yellow River Marsh Aquatic Preserve,Water Temperature,Bottom,Field,TRUE,457,30,1995,2025,1995-02-22T13:49:00Z,2025-12-01T11:45:00Z,21.5,TRUE,-0.0677,0.37179,-0.01875,21.87766,15.4276,0.1637,0.02378,-0.05455,0,0,0,No detectable trend
47,Yellow River Marsh Aquatic Preserve,Water Temperature,Surface,Field,TRUE,739,31,1995,2025,1995-02-22T13:49:00Z,2025-12-01T11:45:00Z,22.1,TRUE,-0.02568,0.48242,-0.01074,22.31473,11.9268,0.3692,0.025,-0.0455,0,0,0,No detectable trend
47,Yellow River Marsh Aquatic Preserve,pH,All,Field,TRUE,761,31,1995,2025,1995-01-09T13:21:00Z,2025-12-01T11:45:00Z,7.6,TRUE,-0.23417,0,-0.02105,8.03381,22.7609,0.0191,-0.01116,-0.03268,-1,1,-1,Decreasing trend
47,Yellow River Marsh Aquatic Preserve,pH,Bottom,Field,FALSE,53,9,2004,2025,2004-07-13T00:00:00Z,2025-12-01T11:45:00Z,6.51,,,,,,,,,,,0,2,Insufficient data
47,Yellow River Marsh Aquatic Preserve,pH,Surface,Field,TRUE,670,31,1995,2025,1995-01-09T13:21:00Z,2025-12-01T11:45:00Z,7.7,TRUE,-0.24713,0,-0.02188,8.06224,23.4991,0.015,-0.01184,-0.03333,-1,0,-1,Decreasing trend
